NOMBRE ESTACION,FECHA,Precipitación_diaria
PACOLLO EN REGIMIENTO N°24,01-09-2024,0
PACOLLO EN REGIMIENTO N°24,02-09-2024,0
PACOLLO EN REGIMIENTO N°24,03-09-2024,0
PACOLLO EN REGIMIENTO N°24,04-09-2024,0
PACOLLO EN REGIMIENTO N°24,05-09-2024,0
PACOLLO EN REGIMIENTO N°24,06-09-2024,0
PACOLLO EN REGIMIENTO N°24,07-09-2024,0
PACOLLO EN REGIMIENTO N°24,08-09-2024,0
PACOLLO EN REGIMIENTO N°24,09-09-2024,0
PACOLLO EN REGIMIENTO N°24,10-09-2024,0
PACOLLO EN REGIMIENTO N°24,11-09-2024,0
PACOLLO EN REGIMIENTO N°24,12-09-2024,0
PACOLLO EN REGIMIENTO N°24,13-09-2024,0
PACOLLO EN REGIMIENTO N°24,14-09-2024,0
PACOLLO EN REGIMIENTO N°24,15-09-2024,0
PACOLLO EN REGIMIENTO N°24,16-09-2024,0
PACOLLO EN REGIMIENTO N°24,17-09-2024,0
PACOLLO EN REGIMIENTO N°24,18-09-2024,0
PACOLLO EN REGIMIENTO N°24,19-09-2024,0
PACOLLO EN REGIMIENTO N°24,20-09-2024,0
PACOLLO EN REGIMIENTO N°24,21-09-2024,0
PACOLLO EN REGIMIENTO N°24,22-09-2024,0
PACOLLO EN REGIMIENTO N°24,23-09-2024,0
PACOLLO EN REGIMIENTO N°24,24-09-2024,0
PACOLLO EN REGIMIENTO N°24,25-09-2024,0
PACOLLO EN REGIMIENTO N°24,26-09-2024,0
PACOLLO EN REGIMIENTO N°24,27-09-2024,0
PACOLLO EN REGIMIENTO N°24,28-09-2024,0
PACOLLO EN REGIMIENTO N°24,29-09-2024,0
PACOLLO EN REGIMIENTO N°24,30-09-2024,0
PACOLLO EN REGIMIENTO N°24,01-10-2024,0
PACOLLO EN REGIMIENTO N°24,02-10-2024,0
PACOLLO EN REGIMIENTO N°24,03-10-2024,0
PACOLLO EN REGIMIENTO N°24,04-10-2024,0
PACOLLO EN REGIMIENTO N°24,05-10-2024,0
PACOLLO EN REGIMIENTO N°24,06-10-2024,0
PACOLLO EN REGIMIENTO N°24,07-10-2024,0
PACOLLO EN REGIMIENTO N°24,08-10-2024,0
PACOLLO EN REGIMIENTO N°24,09-10-2024,0
PACOLLO EN REGIMIENTO N°24,10-10-2024,0
PACOLLO EN REGIMIENTO N°24,11-10-2024,0
PACOLLO EN REGIMIENTO N°24,12-10-2024,0
PACOLLO EN REGIMIENTO N°24,13-10-2024,0
PACOLLO EN REGIMIENTO N°24,14-10-2024,0
PACOLLO EN REGIMIENTO N°24,15-10-2024,0
PACOLLO EN REGIMIENTO N°24,16-10-2024,0
PACOLLO EN REGIMIENTO N°24,17-10-2024,0
PACOLLO EN REGIMIENTO N°24,18-10-2024,0
PACOLLO EN REGIMIENTO N°24,19-10-2024,0
PACOLLO EN REGIMIENTO N°24,20-10-2024,0
PACOLLO EN REGIMIENTO N°24,21-10-2024,0
PACOLLO EN REGIMIENTO N°24,22-10-2024,0
PACOLLO EN REGIMIENTO N°24,23-10-2024,0
PACOLLO EN REGIMIENTO N°24,24-10-2024,0
PACOLLO EN REGIMIENTO N°24,25-10-2024,0
PACOLLO EN REGIMIENTO N°24,26-10-2024,0
PACOLLO EN REGIMIENTO N°24,27-10-2024,0
PACOLLO EN REGIMIENTO N°24,28-10-2024,0
PACOLLO EN REGIMIENTO N°24,29-10-2024,0
PACOLLO EN REGIMIENTO N°24,30-10-2024,0
PACOLLO EN REGIMIENTO N°24,31-10-2024,0
PACOLLO EN REGIMIENTO N°24,01-11-2024,0
PACOLLO EN REGIMIENTO N°24,02-11-2024,0
PACOLLO EN REGIMIENTO N°24,03-11-2024,0
PACOLLO EN REGIMIENTO N°24,04-11-2024,0
PACOLLO EN REGIMIENTO N°24,05-11-2024,0
PACOLLO EN REGIMIENTO N°24,06-11-2024,0
PACOLLO EN REGIMIENTO N°24,07-11-2024,0
PACOLLO EN REGIMIENTO N°24,08-11-2024,0
PACOLLO EN REGIMIENTO N°24,09-11-2024,0
PACOLLO EN REGIMIENTO N°24,10-11-2024,0
PACOLLO EN REGIMIENTO N°24,11-11-2024,0
PACOLLO EN REGIMIENTO N°24,12-11-2024,0
PACOLLO EN REGIMIENTO N°24,13-11-2024,0
PACOLLO EN REGIMIENTO N°24,14-11-2024,0
PACOLLO EN REGIMIENTO N°24,15-11-2024,0
PACOLLO EN REGIMIENTO N°24,16-11-2024,0
PACOLLO EN REGIMIENTO N°24,17-11-2024,0
PACOLLO EN REGIMIENTO N°24,18-11-2024,0
PACOLLO EN REGIMIENTO N°24,19-11-2024,0
PACOLLO EN REGIMIENTO N°24,20-11-2024,0
PACOLLO EN REGIMIENTO N°24,21-11-2024,0.6
PACOLLO EN REGIMIENTO N°24,22-11-2024,0
PACOLLO EN REGIMIENTO N°24,23-11-2024,13.5
PACOLLO EN REGIMIENTO N°24,24-11-2024,8.5
PACOLLO EN REGIMIENTO N°24,25-11-2024,0.3
PACOLLO EN REGIMIENTO N°24,26-11-2024,0
PACOLLO EN REGIMIENTO N°24,27-11-2024,0
PACOLLO EN REGIMIENTO N°24,28-11-2024,0
PACOLLO EN REGIMIENTO N°24,29-11-2024,0.8
PACOLLO EN REGIMIENTO N°24,30-11-2024,0
PACOLLO EN REGIMIENTO N°24,01-12-2024,0
PACOLLO EN REGIMIENTO N°24,02-12-2024,0
PACOLLO EN REGIMIENTO N°24,03-12-2024,0
PACOLLO EN REGIMIENTO N°24,04-12-2024,0
PACOLLO EN REGIMIENTO N°24,05-12-2024,0
PACOLLO EN REGIMIENTO N°24,06-12-2024,0
PACOLLO EN REGIMIENTO N°24,07-12-2024,0
PACOLLO EN REGIMIENTO N°24,08-12-2024,0
PACOLLO EN REGIMIENTO N°24,09-12-2024,0.3
PACOLLO EN REGIMIENTO N°24,10-12-2024,0.1
PACOLLO EN REGIMIENTO N°24,11-12-2024,0
PACOLLO EN REGIMIENTO N°24,12-12-2024,0
PACOLLO EN REGIMIENTO N°24,13-12-2024,0
PACOLLO EN REGIMIENTO N°24,14-12-2024,0
PACOLLO EN REGIMIENTO N°24,15-12-2024,0
PACOLLO EN REGIMIENTO N°24,16-12-2024,0
PACOLLO EN REGIMIENTO N°24,17-12-2024,0
PACOLLO EN REGIMIENTO N°24,18-12-2024,0
PACOLLO EN REGIMIENTO N°24,19-12-2024,0
PACOLLO EN REGIMIENTO N°24,20-12-2024,0
PACOLLO EN REGIMIENTO N°24,21-12-2024,0
PACOLLO EN REGIMIENTO N°24,22-12-2024,0
PACOLLO EN REGIMIENTO N°24,23-12-2024,0
PACOLLO EN REGIMIENTO N°24,24-12-2024,0
PACOLLO EN REGIMIENTO N°24,25-12-2024,0
PACOLLO EN REGIMIENTO N°24,26-12-2024,0
PACOLLO EN REGIMIENTO N°24,27-12-2024,0
PACOLLO EN REGIMIENTO N°24,28-12-2024,0
PACOLLO EN REGIMIENTO N°24,29-12-2024,0
PACOLLO EN REGIMIENTO N°24,30-12-2024,0
PACOLLO EN REGIMIENTO N°24,31-12-2024,0
PACOLLO EN REGIMIENTO N°24,01-01-2025,0
PACOLLO EN REGIMIENTO N°24,02-01-2025,9.3
PACOLLO EN REGIMIENTO N°24,03-01-2025,2.7
PACOLLO EN REGIMIENTO N°24,04-01-2025,9.8
PACOLLO EN REGIMIENTO N°24,05-01-2025,14.3
PACOLLO EN REGIMIENTO N°24,06-01-2025,9.4
PACOLLO EN REGIMIENTO N°24,07-01-2025,2.4
PACOLLO EN REGIMIENTO N°24,08-01-2025,0.6
PACOLLO EN REGIMIENTO N°24,09-01-2025,0.1
PACOLLO EN REGIMIENTO N°24,10-01-2025,0
PACOLLO EN REGIMIENTO N°24,11-01-2025,0
PACOLLO EN REGIMIENTO N°24,12-01-2025,0
PACOLLO EN REGIMIENTO N°24,13-01-2025,0
PACOLLO EN REGIMIENTO N°24,14-01-2025,0
PACOLLO EN REGIMIENTO N°24,15-01-2025,0
PACOLLO EN REGIMIENTO N°24,16-01-2025,0
PACOLLO EN REGIMIENTO N°24,17-01-2025,0
PACOLLO EN REGIMIENTO N°24,18-01-2025,0.4
PACOLLO EN REGIMIENTO N°24,19-01-2025,0.4
PACOLLO EN REGIMIENTO N°24,20-01-2025,13
PACOLLO EN REGIMIENTO N°24,21-01-2025,1.7
PACOLLO EN REGIMIENTO N°24,22-01-2025,3.8
PACOLLO EN REGIMIENTO N°24,23-01-2025,8.3
PACOLLO EN REGIMIENTO N°24,24-01-2025,4
PACOLLO EN REGIMIENTO N°24,25-01-2025,1.4
PACOLLO EN REGIMIENTO N°24,26-01-2025,2.8
PACOLLO EN REGIMIENTO N°24,27-01-2025,3.2
PACOLLO EN REGIMIENTO N°24,28-01-2025,9.3
PACOLLO EN REGIMIENTO N°24,29-01-2025,11.6
PACOLLO EN REGIMIENTO N°24,30-01-2025,7.5
PACOLLO EN REGIMIENTO N°24,31-01-2025,4.5
PACOLLO EN REGIMIENTO N°24,01-02-2025,0
PACOLLO EN REGIMIENTO N°24,02-02-2025,3.3
PACOLLO EN REGIMIENTO N°24,03-02-2025,1.1
PACOLLO EN REGIMIENTO N°24,04-02-2025,0
PACOLLO EN REGIMIENTO N°24,05-02-2025,0
PACOLLO EN REGIMIENTO N°24,06-02-2025,0
PACOLLO EN REGIMIENTO N°24,07-02-2025,6.1
PACOLLO EN REGIMIENTO N°24,08-02-2025,0.3
PACOLLO EN REGIMIENTO N°24,09-02-2025,0.4
PACOLLO EN REGIMIENTO N°24,10-02-2025,10.4
PACOLLO EN REGIMIENTO N°24,11-02-2025,4.1
PACOLLO EN REGIMIENTO N°24,12-02-2025,2.7
PACOLLO EN REGIMIENTO N°24,13-02-2025,1
PACOLLO EN REGIMIENTO N°24,14-02-2025,21.3
PACOLLO EN REGIMIENTO N°24,15-02-2025,9.6
PACOLLO EN REGIMIENTO N°24,16-02-2025,14.6
PACOLLO EN REGIMIENTO N°24,17-02-2025,2.6
PACOLLO EN REGIMIENTO N°24,18-02-2025,10.6
PACOLLO EN REGIMIENTO N°24,19-02-2025,0.4
PACOLLO EN REGIMIENTO N°24,20-02-2025,2
PACOLLO EN REGIMIENTO N°24,21-02-2025,5.1
PACOLLO EN REGIMIENTO N°24,22-02-2025,0.9
PACOLLO EN REGIMIENTO N°24,23-02-2025,0
PACOLLO EN REGIMIENTO N°24,24-02-2025,0
PACOLLO EN REGIMIENTO N°24,25-02-2025,0.1
PACOLLO EN REGIMIENTO N°24,26-02-2025,1.2
PACOLLO EN REGIMIENTO N°24,27-02-2025,0
PACOLLO EN REGIMIENTO N°24,28-02-2025,0
PACOLLO EN REGIMIENTO N°24,01-03-2025,1.7
PACOLLO EN REGIMIENTO N°24,02-03-2025,2.7
PACOLLO EN REGIMIENTO N°24,03-03-2025,3.6
PACOLLO EN REGIMIENTO N°24,04-03-2025,7.2
PACOLLO EN REGIMIENTO N°24,05-03-2025,2.6
PACOLLO EN REGIMIENTO N°24,06-03-2025,0.3
PACOLLO EN REGIMIENTO N°24,07-03-2025,1.8
PACOLLO EN REGIMIENTO N°24,08-03-2025,1.2
PACOLLO EN REGIMIENTO N°24,09-03-2025,12.1
PACOLLO EN REGIMIENTO N°24,10-03-2025,0.1
PACOLLO EN REGIMIENTO N°24,11-03-2025,0
PACOLLO EN REGIMIENTO N°24,12-03-2025,0
PACOLLO EN REGIMIENTO N°24,13-03-2025,0
PACOLLO EN REGIMIENTO N°24,14-03-2025,0
PACOLLO EN REGIMIENTO N°24,15-03-2025,0
PACOLLO EN REGIMIENTO N°24,16-03-2025,0
PACOLLO EN REGIMIENTO N°24,17-03-2025,1.6
PACOLLO EN REGIMIENTO N°24,18-03-2025,0.3
PACOLLO EN REGIMIENTO N°24,19-03-2025,0
PACOLLO EN REGIMIENTO N°24,20-03-2025,0
PACOLLO EN REGIMIENTO N°24,21-03-2025,0
PACOLLO EN REGIMIENTO N°24,22-03-2025,0
PACOLLO EN REGIMIENTO N°24,23-03-2025,0
PACOLLO EN REGIMIENTO N°24,24-03-2025,0
PACOLLO EN REGIMIENTO N°24,25-03-2025,0
PACOLLO EN REGIMIENTO N°24,26-03-2025,0
PACOLLO EN REGIMIENTO N°24,27-03-2025,0
PACOLLO EN REGIMIENTO N°24,28-03-2025,0
PACOLLO EN REGIMIENTO N°24,29-03-2025,0
PACOLLO EN REGIMIENTO N°24,30-03-2025,0
PACOLLO EN REGIMIENTO N°24,31-03-2025,0
PACOLLO EN REGIMIENTO N°24,01-04-2025,0
PACOLLO EN REGIMIENTO N°24,02-04-2025,0
PACOLLO EN REGIMIENTO N°24,03-04-2025,0
PACOLLO EN REGIMIENTO N°24,04-04-2025,0
PACOLLO EN REGIMIENTO N°24,05-04-2025,0
PACOLLO EN REGIMIENTO N°24,06-04-2025,0
PACOLLO EN REGIMIENTO N°24,07-04-2025,0
PACOLLO EN REGIMIENTO N°24,08-04-2025,0
PACOLLO EN REGIMIENTO N°24,09-04-2025,0
PACOLLO EN REGIMIENTO N°24,10-04-2025,0
PACOLLO EN REGIMIENTO N°24,11-04-2025,0
PACOLLO EN REGIMIENTO N°24,12-04-2025,0
PACOLLO EN REGIMIENTO N°24,13-04-2025,0
PACOLLO EN REGIMIENTO N°24,14-04-2025,0
PACOLLO EN REGIMIENTO N°24,15-04-2025,0
PACOLLO EN REGIMIENTO N°24,16-04-2025,0
PACOLLO EN REGIMIENTO N°24,17-04-2025,0
PACOLLO EN REGIMIENTO N°24,18-04-2025,0
PACOLLO EN REGIMIENTO N°24,19-04-2025,0
PACOLLO EN REGIMIENTO N°24,20-04-2025,0
PACOLLO EN REGIMIENTO N°24,21-04-2025,0
PACOLLO EN REGIMIENTO N°24,22-04-2025,2.1
PACOLLO EN REGIMIENTO N°24,23-04-2025,0
PACOLLO EN REGIMIENTO N°24,24-04-2025,0
PACOLLO EN REGIMIENTO N°24,25-04-2025,0
PACOLLO EN REGIMIENTO N°24,26-04-2025,0
PACOLLO EN REGIMIENTO N°24,27-04-2025,0
PACOLLO EN REGIMIENTO N°24,28-04-2025,0
PACOLLO EN REGIMIENTO N°24,29-04-2025,0
PACOLLO EN REGIMIENTO N°24,30-04-2025,0
PACOLLO EN REGIMIENTO N°24,01-05-2025,0
PACOLLO EN REGIMIENTO N°24,02-05-2025,0
PACOLLO EN REGIMIENTO N°24,03-05-2025,0
PACOLLO EN REGIMIENTO N°24,04-05-2025,0
PACOLLO EN REGIMIENTO N°24,05-05-2025,0
PACOLLO EN REGIMIENTO N°24,06-05-2025,0
PACOLLO EN REGIMIENTO N°24,07-05-2025,0
PACOLLO EN REGIMIENTO N°24,08-05-2025,0
PACOLLO EN REGIMIENTO N°24,09-05-2025,0
PACOLLO EN REGIMIENTO N°24,10-05-2025,0
PACOLLO EN REGIMIENTO N°24,11-05-2025,0
PACOLLO EN REGIMIENTO N°24,12-05-2025,0
PACOLLO EN REGIMIENTO N°24,13-05-2025,0
PACOLLO EN REGIMIENTO N°24,14-05-2025,0
PACOLLO EN REGIMIENTO N°24,15-05-2025,0
PACOLLO EN REGIMIENTO N°24,16-05-2025,0
PACOLLO EN REGIMIENTO N°24,17-05-2025,0
PACOLLO EN REGIMIENTO N°24,18-05-2025,0
PACOLLO EN REGIMIENTO N°24,19-05-2025,0
PACOLLO EN REGIMIENTO N°24,20-05-2025,0
PACOLLO EN REGIMIENTO N°24,21-05-2025,0
PACOLLO EN REGIMIENTO N°24,22-05-2025,0
PACOLLO EN REGIMIENTO N°24,23-05-2025,0
PACOLLO EN REGIMIENTO N°24,24-05-2025,0
PACOLLO EN REGIMIENTO N°24,25-05-2025,0
PACOLLO EN REGIMIENTO N°24,26-05-2025,0
PACOLLO EN REGIMIENTO N°24,27-05-2025,0
PACOLLO EN REGIMIENTO N°24,28-05-2025,0
PACOLLO EN REGIMIENTO N°24,29-05-2025,0
PACOLLO EN REGIMIENTO N°24,30-05-2025,0
PACOLLO EN REGIMIENTO N°24,31-05-2025,0
PACOLLO EN REGIMIENTO N°24,01-06-2025,0
PACOLLO EN REGIMIENTO N°24,02-06-2025,0
PACOLLO EN REGIMIENTO N°24,03-06-2025,0
PACOLLO EN REGIMIENTO N°24,04-06-2025,0
PACOLLO EN REGIMIENTO N°24,05-06-2025,0
PACOLLO EN REGIMIENTO N°24,06-06-2025,0
PACOLLO EN REGIMIENTO N°24,07-06-2025,0
PACOLLO EN REGIMIENTO N°24,08-06-2025,0
PACOLLO EN REGIMIENTO N°24,09-06-2025,0
PACOLLO EN REGIMIENTO N°24,10-06-2025,0
PACOLLO EN REGIMIENTO N°24,11-06-2025,0
PACOLLO EN REGIMIENTO N°24,12-06-2025,0
PACOLLO EN REGIMIENTO N°24,13-06-2025,0
PACOLLO EN REGIMIENTO N°24,14-06-2025,0
PACOLLO EN REGIMIENTO N°24,15-06-2025,0
PACOLLO EN REGIMIENTO N°24,16-06-2025,0
PACOLLO EN REGIMIENTO N°24,17-06-2025,0
PACOLLO EN REGIMIENTO N°24,18-06-2025,0
PACOLLO EN REGIMIENTO N°24,19-06-2025,0
PACOLLO EN REGIMIENTO N°24,20-06-2025,0
PACOLLO EN REGIMIENTO N°24,21-06-2025,0
PACOLLO EN REGIMIENTO N°24,22-06-2025,0
PACOLLO EN REGIMIENTO N°24,23-06-2025,0
PACOLLO EN REGIMIENTO N°24,24-06-2025,0
PACOLLO EN REGIMIENTO N°24,25-06-2025,0
PACOLLO EN REGIMIENTO N°24,26-06-2025,0.9
PACOLLO EN REGIMIENTO N°24,27-06-2025,0
PACOLLO EN REGIMIENTO N°24,28-06-2025,0
PACOLLO EN REGIMIENTO N°24,29-06-2025,0
PACOLLO EN REGIMIENTO N°24,30-06-2025,0
PACOLLO EN REGIMIENTO N°24,01-07-2025,0
PACOLLO EN REGIMIENTO N°24,02-07-2025,0
PACOLLO EN REGIMIENTO N°24,03-07-2025,0
PACOLLO EN REGIMIENTO N°24,04-07-2025,0
PACOLLO EN REGIMIENTO N°24,05-07-2025,0
PACOLLO EN REGIMIENTO N°24,06-07-2025,0
PACOLLO EN REGIMIENTO N°24,07-07-2025,0
PACOLLO EN REGIMIENTO N°24,08-07-2025,0
PACOLLO EN REGIMIENTO N°24,09-07-2025,0
PACOLLO EN REGIMIENTO N°24,10-07-2025,0
PACOLLO EN REGIMIENTO N°24,11-07-2025,0
PACOLLO EN REGIMIENTO N°24,12-07-2025,0
PACOLLO EN REGIMIENTO N°24,13-07-2025,0
PACOLLO EN REGIMIENTO N°24,14-07-2025,0
PACOLLO EN REGIMIENTO N°24,15-07-2025,0
PACOLLO EN REGIMIENTO N°24,16-07-2025,0
PACOLLO EN REGIMIENTO N°24,17-07-2025,0
PACOLLO EN REGIMIENTO N°24,18-07-2025,0
PACOLLO EN REGIMIENTO N°24,19-07-2025,0
PACOLLO EN REGIMIENTO N°24,20-07-2025,0
PACOLLO EN REGIMIENTO N°24,21-07-2025,0
PACOLLO EN REGIMIENTO N°24,22-07-2025,0
PACOLLO EN REGIMIENTO N°24,23-07-2025,0
PACOLLO EN REGIMIENTO N°24,24-07-2025,0
PACOLLO EN REGIMIENTO N°24,25-07-2025,0
PACOLLO EN REGIMIENTO N°24,26-07-2025,0
PACOLLO EN REGIMIENTO N°24,27-07-2025,0
PACOLLO EN REGIMIENTO N°24,28-07-2025,0
PACOLLO EN REGIMIENTO N°24,29-07-2025,0
PACOLLO EN REGIMIENTO N°24,30-07-2025,0
PACOLLO EN REGIMIENTO N°24,31-07-2025,0
PACOLLO EN REGIMIENTO N°24,01-08-2025,0
PACOLLO EN REGIMIENTO N°24,02-08-2025,0
PACOLLO EN REGIMIENTO N°24,03-08-2025,0
PACOLLO EN REGIMIENTO N°24,04-08-2025,0
PACOLLO EN REGIMIENTO N°24,05-08-2025,0
PACOLLO EN REGIMIENTO N°24,06-08-2025,0
PACOLLO EN REGIMIENTO N°24,07-08-2025,0
PACOLLO EN REGIMIENTO N°24,08-08-2025,0
PACOLLO EN REGIMIENTO N°24,09-08-2025,0
PACOLLO EN REGIMIENTO N°24,10-08-2025,0
PACOLLO EN REGIMIENTO N°24,11-08-2025,0
PACOLLO EN REGIMIENTO N°24,12-08-2025,0
PACOLLO EN REGIMIENTO N°24,13-08-2025,0
PACOLLO EN REGIMIENTO N°24,14-08-2025,0
PACOLLO EN REGIMIENTO N°24,15-08-2025,0
PACOLLO EN REGIMIENTO N°24,16-08-2025,0
PACOLLO EN REGIMIENTO N°24,17-08-2025,0
PACOLLO EN REGIMIENTO N°24,18-08-2025,0
PACOLLO EN REGIMIENTO N°24,19-08-2025,0
PACOLLO EN REGIMIENTO N°24,20-08-2025,0
PACOLLO EN REGIMIENTO N°24,21-08-2025,0
PACOLLO EN REGIMIENTO N°24,22-08-2025,0
PACOLLO EN REGIMIENTO N°24,23-08-2025,0
PACOLLO EN REGIMIENTO N°24,24-08-2025,0
PACOLLO EN REGIMIENTO N°24,25-08-2025,0
PACOLLO EN REGIMIENTO N°24,26-08-2025,0
PACOLLO EN REGIMIENTO N°24,27-08-2025,0
PACOLLO EN REGIMIENTO N°24,28-08-2025,0
PACOLLO EN REGIMIENTO N°24,29-08-2025,0
PACOLLO EN REGIMIENTO N°24,30-08-2025,0
PACOLLO EN REGIMIENTO N°24,31-08-2025,0
PACOLLO EN REGIMIENTO N°24,01-09-2025,0
PACOLLO EN REGIMIENTO N°24,02-09-2025,0
PACOLLO EN REGIMIENTO N°24,03-09-2025,0
PACOLLO EN REGIMIENTO N°24,04-09-2025,0
PACOLLO EN REGIMIENTO N°24,05-09-2025,0
PACOLLO EN REGIMIENTO N°24,06-09-2025,0
PACOLLO EN REGIMIENTO N°24,07-09-2025,0
PACOLLO EN REGIMIENTO N°24,08-09-2025,0
PACOLLO EN REGIMIENTO N°24,09-09-2025,0
PACOLLO EN REGIMIENTO N°24,10-09-2025,0
PACOLLO EN REGIMIENTO N°24,11-09-2025,0
PACOLLO EN REGIMIENTO N°24,12-09-2025,0
PACOLLO EN REGIMIENTO N°24,13-09-2025,0
PACOLLO EN REGIMIENTO N°24,14-09-2025,0
PACOLLO EN REGIMIENTO N°24,15-09-2025,0
PACOLLO EN REGIMIENTO N°24,16-09-2025,0
PACOLLO EN REGIMIENTO N°24,17-09-2025,0
PACOLLO EN REGIMIENTO N°24,18-09-2025,0
PACOLLO EN REGIMIENTO N°24,19-09-2025,0
PACOLLO EN REGIMIENTO N°24,20-09-2025,0
PACOLLO EN REGIMIENTO N°24,21-09-2025,0
PACOLLO EN REGIMIENTO N°24,22-09-2025,0
PACOLLO EN REGIMIENTO N°24,23-09-2025,0
PACOLLO EN REGIMIENTO N°24,24-09-2025,0
PACOLLO EN REGIMIENTO N°24,25-09-2025,0
PACOLLO EN REGIMIENTO N°24,26-09-2025,0
PACOLLO EN REGIMIENTO N°24,27-09-2025,0
PACOLLO EN REGIMIENTO N°24,28-09-2025,0
PACOLLO EN REGIMIENTO N°24,29-09-2025,0
PACOLLO EN REGIMIENTO N°24,30-09-2025,0
PACOLLO EN REGIMIENTO N°24,01-10-2025,0
PACOLLO EN REGIMIENTO N°24,02-10-2025,0
PACOLLO EN REGIMIENTO N°24,03-10-2025,0
PACOLLO EN REGIMIENTO N°24,04-10-2025,0
PACOLLO EN REGIMIENTO N°24,05-10-2025,0
PACOLLO EN REGIMIENTO N°24,06-10-2025,0
PACOLLO EN REGIMIENTO N°24,07-10-2025,0
PACOLLO EN REGIMIENTO N°24,08-10-2025,0
PACOLLO EN REGIMIENTO N°24,09-10-2025,0
PACOLLO EN REGIMIENTO N°24,10-10-2025,0
PACOLLO EN REGIMIENTO N°24,11-10-2025,0
PACOLLO EN REGIMIENTO N°24,12-10-2025,0
PACOLLO EN REGIMIENTO N°24,13-10-2025,0
PACOLLO EN REGIMIENTO N°24,14-10-2025,0
PACOLLO EN REGIMIENTO N°24,15-10-2025,0
PACOLLO EN REGIMIENTO N°24,16-10-2025,0
PACOLLO EN REGIMIENTO N°24,17-10-2025,0
PACOLLO EN REGIMIENTO N°24,18-10-2025,0
PACOLLO EN REGIMIENTO N°24,19-10-2025,0
PACOLLO EN REGIMIENTO N°24,20-10-2025,0
PACOLLO EN REGIMIENTO N°24,21-10-2025,0
PACOLLO EN REGIMIENTO N°24,22-10-2025,0
PACOLLO EN REGIMIENTO N°24,23-10-2025,0
PACOLLO EN REGIMIENTO N°24,24-10-2025,0
PACOLLO EN REGIMIENTO N°24,25-10-2025,0
PACOLLO EN REGIMIENTO N°24,26-10-2025,0
PACOLLO EN REGIMIENTO N°24,27-10-2025,0
PACOLLO EN REGIMIENTO N°24,28-10-2025,0
PACOLLO EN REGIMIENTO N°24,29-10-2025,0
PACOLLO EN REGIMIENTO N°24,30-10-2025,0
PACOLLO EN REGIMIENTO N°24,31-10-2025,0
PACOLLO EN REGIMIENTO N°24,01-11-2025,0
PACOLLO EN REGIMIENTO N°24,02-11-2025,0
PACOLLO EN REGIMIENTO N°24,03-11-2025,0
PACOLLO EN REGIMIENTO N°24,04-11-2025,0
PACOLLO EN REGIMIENTO N°24,05-11-2025,0
PACOLLO EN REGIMIENTO N°24,06-11-2025,0
PACOLLO EN REGIMIENTO N°24,07-11-2025,0
PACOLLO EN REGIMIENTO N°24,08-11-2025,0
PACOLLO EN REGIMIENTO N°24,09-11-2025,0
PACOLLO EN REGIMIENTO N°24,10-11-2025,0
PACOLLO EN REGIMIENTO N°24,11-11-2025,0
PACOLLO EN REGIMIENTO N°24,12-11-2025,0
PACOLLO EN REGIMIENTO N°24,13-11-2025,0
PACOLLO EN REGIMIENTO N°24,14-11-2025,0
PACOLLO EN REGIMIENTO N°24,15-11-2025,0
PACOLLO EN REGIMIENTO N°24,16-11-2025,0
PACOLLO EN REGIMIENTO N°24,17-11-2025,0
PACOLLO EN REGIMIENTO N°24,18-11-2025,0
PACOLLO EN REGIMIENTO N°24,19-11-2025,0
PACOLLO EN REGIMIENTO N°24,20-11-2025,0
PACOLLO EN REGIMIENTO N°24,21-11-2025,0
PACOLLO EN REGIMIENTO N°24,22-11-2025,0
PACOLLO EN REGIMIENTO N°24,23-11-2025,0
PACOLLO EN REGIMIENTO N°24,24-11-2025,0
PACOLLO EN REGIMIENTO N°24,25-11-2025,0
PACOLLO EN REGIMIENTO N°24,26-11-2025,0
PACOLLO EN REGIMIENTO N°24,27-11-2025,0
PACOLLO EN REGIMIENTO N°24,28-11-2025,0
PACOLLO EN REGIMIENTO N°24,29-11-2025,0
PACOLLO EN REGIMIENTO N°24,30-11-2025,0
PACOLLO EN REGIMIENTO N°24,01-12-2025,0
PACOLLO EN REGIMIENTO N°24,02-12-2025,0
PACOLLO EN REGIMIENTO N°24,03-12-2025,1.8
PACOLLO EN REGIMIENTO N°24,04-12-2025,0.3
PACOLLO EN REGIMIENTO N°24,05-12-2025,0
PACOLLO EN REGIMIENTO N°24,06-12-2025,0
PACOLLO EN REGIMIENTO N°24,07-12-2025,0
PACOLLO EN REGIMIENTO N°24,08-12-2025,0
PACOLLO EN REGIMIENTO N°24,09-12-2025,0
PACOLLO EN REGIMIENTO N°24,10-12-2025,0
PACOLLO EN REGIMIENTO N°24,11-12-2025,0
PACOLLO EN REGIMIENTO N°24,12-12-2025,0
PACOLLO EN REGIMIENTO N°24,13-12-2025,0
PACOLLO EN REGIMIENTO N°24,14-12-2025,0
PACOLLO EN REGIMIENTO N°24,15-12-2025,0
PACOLLO EN REGIMIENTO N°24,16-12-2025,0
PACOLLO EN REGIMIENTO N°24,17-12-2025,0
PACOLLO EN REGIMIENTO N°24,18-12-2025,0
PACOLLO EN REGIMIENTO N°24,19-12-2025,0
PACOLLO EN REGIMIENTO N°24,20-12-2025,0
PACOLLO EN REGIMIENTO N°24,21-12-2025,0
PACOLLO EN REGIMIENTO N°24,22-12-2025,0
PACOLLO EN REGIMIENTO N°24,23-12-2025,0
PACOLLO EN REGIMIENTO N°24,24-12-2025,0
PACOLLO EN REGIMIENTO N°24,25-12-2025,0
PACOLLO EN REGIMIENTO N°24,26-12-2025,0.3
PACOLLO EN REGIMIENTO N°24,27-12-2025,0
PACOLLO EN REGIMIENTO N°24,28-12-2025,0.5
PACOLLO EN REGIMIENTO N°24,29-12-2025,0
PACOLLO EN REGIMIENTO N°24,30-12-2025,0
PACOLLO EN REGIMIENTO N°24,31-12-2025,0
PACOLLO EN REGIMIENTO N°24,01-01-2026,0
PACOLLO EN REGIMIENTO N°24,02-01-2026,0
PACOLLO EN REGIMIENTO N°24,03-01-2026,0.4
PACOLLO EN REGIMIENTO N°24,04-01-2026,0
PACOLLO EN REGIMIENTO N°24,05-01-2026,1.2
PACOLLO EN REGIMIENTO N°24,06-01-2026,0
PACOLLO EN REGIMIENTO N°24,07-01-2026,0
PACOLLO EN REGIMIENTO N°24,08-01-2026,0
PACOLLO EN REGIMIENTO N°24,09-01-2026,0
PACOLLO EN REGIMIENTO N°24,10-01-2026,0
PACOLLO EN REGIMIENTO N°24,11-01-2026,0
PACOLLO EN REGIMIENTO N°24,12-01-2026,0
PACOLLO EN REGIMIENTO N°24,13-01-2026,4.6
PACOLLO EN REGIMIENTO N°24,14-01-2026,8.8
PACOLLO EN REGIMIENTO N°24,15-01-2026,13
PACOLLO EN REGIMIENTO N°24,16-01-2026,0
PACOLLO EN REGIMIENTO N°24,17-01-2026,4
PACOLLO EN REGIMIENTO N°24,18-01-2026,16.8
PACOLLO EN REGIMIENTO N°24,19-01-2026,7
PACOLLO EN REGIMIENTO N°24,20-01-2026,25.8
PACOLLO EN REGIMIENTO N°24,21-01-2026,9.8
PACOLLO EN REGIMIENTO N°24,22-01-2026,2.1
PACOLLO EN REGIMIENTO N°24,23-01-2026,6.4
PACOLLO EN REGIMIENTO N°24,24-01-2026,1.2
PACOLLO EN REGIMIENTO N°24,25-01-2026,0
PACOLLO EN REGIMIENTO N°24,26-01-2026,0
PACOLLO EN REGIMIENTO N°24,27-01-2026,3.9
PACOLLO EN REGIMIENTO N°24,28-01-2026,26.1
PACOLLO EN REGIMIENTO N°24,29-01-2026,0.5
PACOLLO EN REGIMIENTO N°24,30-01-2026,2.3
PACOLLO EN REGIMIENTO N°24,31-01-2026,13
PACOLLO EN REGIMIENTO N°24,01-02-2026,0
PACOLLO EN REGIMIENTO N°24,02-02-2026,0
PACOLLO EN REGIMIENTO N°24,03-02-2026,0
PACOLLO EN REGIMIENTO N°24,04-02-2026,6.6
PACOLLO EN REGIMIENTO N°24,05-02-2026,14.3
PACOLLO EN REGIMIENTO N°24,06-02-2026,0
PACOLLO EN REGIMIENTO N°24,07-02-2026,10.7
PACOLLO EN REGIMIENTO N°24,08-02-2026,0.6
PACOLLO EN REGIMIENTO N°24,09-02-2026,0.9
PACOLLO EN REGIMIENTO N°24,10-02-2026,0
PACOLLO EN REGIMIENTO N°24,11-02-2026,11.9
PACOLLO EN REGIMIENTO N°24,12-02-2026,0.2
PACOLLO EN REGIMIENTO N°24,13-02-2026,2.2
PACOLLO EN REGIMIENTO N°24,14-02-2026,5.3
PACOLLO EN REGIMIENTO N°24,15-02-2026,3.5
PACOLLO EN REGIMIENTO N°24,16-02-2026,1.8
PACOLLO EN REGIMIENTO N°24,17-02-2026,0.8
PACOLLO EN REGIMIENTO N°24,18-02-2026,0.3
PACOLLO EN REGIMIENTO N°24,19-02-2026,0.2
PACOLLO EN REGIMIENTO N°24,20-02-2026,0.1
PACOLLO EN REGIMIENTO N°24,21-02-2026,1
PACOLLO EN REGIMIENTO N°24,22-02-2026,4.1
PACOLLO EN REGIMIENTO N°24,23-02-2026,1.8
PACOLLO EN REGIMIENTO N°24,24-02-2026,0
PACOLLO EN REGIMIENTO N°24,25-02-2026,0
PACOLLO EN REGIMIENTO N°24,26-02-2026,0
PACOLLO EN REGIMIENTO N°24,27-02-2026,0
PACOLLO EN REGIMIENTO N°24,28-02-2026,0
PACOLLO EN REGIMIENTO N°24,01-03-2026,0
PACOLLO EN REGIMIENTO N°24,02-03-2026,0
PACOLLO EN REGIMIENTO N°24,03-03-2026,0
PACOLLO EN REGIMIENTO N°24,04-03-2026,0
PACOLLO EN REGIMIENTO N°24,05-03-2026,0
PACOLLO EN REGIMIENTO N°24,06-03-2026,0
PACOLLO EN REGIMIENTO N°24,07-03-2026,0
PACOLLO EN REGIMIENTO N°24,08-03-2026,0
PACOLLO EN REGIMIENTO N°24,09-03-2026,0
PACOLLO EN REGIMIENTO N°24,10-03-2026,0
PACOLLO EN REGIMIENTO N°24,11-03-2026,0
PACOLLO EN REGIMIENTO N°24,12-03-2026,0
PACOLLO EN REGIMIENTO N°24,13-03-2026,0
PACOLLO EN REGIMIENTO N°24,14-03-2026,0
PACOLLO EN REGIMIENTO N°24,15-03-2026,0
PACOLLO EN REGIMIENTO N°24,16-03-2026,0
PACOLLO EN REGIMIENTO N°24,17-03-2026,0
PACOLLO EN REGIMIENTO N°24,18-03-2026,0
PACOLLO EN REGIMIENTO N°24,19-03-2026,0
PACOLLO EN REGIMIENTO N°24,20-03-2026,0
PACOLLO EN REGIMIENTO N°24,21-03-2026,0
PACOLLO EN REGIMIENTO N°24,22-03-2026,0
PACOLLO EN REGIMIENTO N°24,23-03-2026,1.1
PACOLLO EN REGIMIENTO N°24,24-03-2026,1.6
PACOLLO EN REGIMIENTO N°24,25-03-2026,2.9
PACOLLO EN REGIMIENTO N°24,26-03-2026,0.9
PACOLLO EN REGIMIENTO N°24,27-03-2026,2.6
PACOLLO EN REGIMIENTO N°24,28-03-2026,0
PACOLLO EN REGIMIENTO N°24,29-03-2026,0.8
PACOLLO EN REGIMIENTO N°24,30-03-2026,4.6
PACOLLO EN REGIMIENTO N°24,31-03-2026,9.6
PACOLLO EN REGIMIENTO N°24,01-04-2026,0
PACOLLO EN REGIMIENTO N°24,02-04-2026,5.5
PACOLLO EN REGIMIENTO N°24,03-04-2026,1.5
PACOLLO EN REGIMIENTO N°24,04-04-2026,2.9
PACOLLO EN REGIMIENTO N°24,05-04-2026,1.3
PACOLLO EN REGIMIENTO N°24,06-04-2026,0
PACOLLO EN REGIMIENTO N°24,07-04-2026,0
PACOLLO EN REGIMIENTO N°24,08-04-2026,0
PACOLLO EN REGIMIENTO N°24,09-04-2026,0
PACOLLO EN REGIMIENTO N°24,10-04-2026,0
PACOLLO EN REGIMIENTO N°24,11-04-2026,0
PACOLLO EN REGIMIENTO N°24,12-04-2026,0
PACOLLO EN REGIMIENTO N°24,13-04-2026,0
PACOLLO EN REGIMIENTO N°24,14-04-2026,0
PACOLLO EN REGIMIENTO N°24,15-04-2026,0
PACOLLO EN REGIMIENTO N°24,16-04-2026,0
PACOLLO EN REGIMIENTO N°24,17-04-2026,0
PACOLLO EN REGIMIENTO N°24,18-04-2026,0
PACOLLO EN REGIMIENTO N°24,19-04-2026,0
PACOLLO EN REGIMIENTO N°24,20-04-2026,0
PACOLLO EN REGIMIENTO N°24,21-04-2026,0
PACOLLO EN REGIMIENTO N°24,22-04-2026,0
PACOLLO EN REGIMIENTO N°24,23-04-2026,0
PACOLLO EN REGIMIENTO N°24,24-04-2026,0
PACOLLO EN REGIMIENTO N°24,25-04-2026,0
PACOLLO EN REGIMIENTO N°24,26-04-2026,0
PACOLLO EN REGIMIENTO N°24,27-04-2026,0
PACOLLO EN REGIMIENTO N°24,28-04-2026,0
PACOLLO EN REGIMIENTO N°24,29-04-2026,0
PACOLLO EN REGIMIENTO N°24,30-04-2026,0
PACOLLO EN REGIMIENTO N°24,01-05-2026,0
PACOLLO EN REGIMIENTO N°24,02-05-2026,0
PACOLLO EN REGIMIENTO N°24,03-05-2026,0
PACOLLO EN REGIMIENTO N°24,04-05-2026,0
PACOLLO EN REGIMIENTO N°24,05-05-2026,0
PACOLLO EN REGIMIENTO N°24,06-05-2026,0
PACOLLO EN REGIMIENTO N°24,07-05-2026,0
PACOLLO EN REGIMIENTO N°24,08-05-2026,0
PACOLLO EN REGIMIENTO N°24,09-05-2026,0
PACOLLO EN REGIMIENTO N°24,10-05-2026,0
PACOLLO EN REGIMIENTO N°24,11-05-2026,0
PACOLLO EN REGIMIENTO N°24,12-05-2026,0
PACOLLO EN REGIMIENTO N°24,13-05-2026,0
PACOLLO EN REGIMIENTO N°24,14-05-2026,0
PACOLLO EN REGIMIENTO N°24,15-05-2026,0
PACOLLO EN REGIMIENTO N°24,16-05-2026,0
PACOLLO EN REGIMIENTO N°24,17-05-2026,0
PACOLLO EN REGIMIENTO N°24,18-05-2026,0
PACOLLO EN REGIMIENTO N°24,19-05-2026,0
PACOLLO EN REGIMIENTO N°24,20-05-2026,0
PACOLLO EN REGIMIENTO N°24,21-05-2026,0
PACOLLO EN REGIMIENTO N°24,22-05-2026,0
PACOLLO EN REGIMIENTO N°24,23-05-2026,0
PACOLLO EN REGIMIENTO N°24,24-05-2026,0
PACOLLO EN REGIMIENTO N°24,25-05-2026,0
PACOLLO EN REGIMIENTO N°24,26-05-2026,0
PACOLLO EN REGIMIENTO N°24,27-05-2026,0
PACOLLO EN REGIMIENTO N°24,28-05-2026,0
PACOLLO EN REGIMIENTO N°24,29-05-2026,0
PACOLLO EN REGIMIENTO N°24,30-05-2026,0
PACOLLO EN REGIMIENTO N°24,31-05-2026,0
PACOLLO EN REGIMIENTO N°24,01-06-2026,0
PACOLLO EN REGIMIENTO N°24,02-06-2026,0
PACOLLO EN REGIMIENTO N°24,03-06-2026,0
PACOLLO EN REGIMIENTO N°24,04-06-2026,0
PACOLLO EN REGIMIENTO N°24,05-06-2026,0
PACOLLO EN REGIMIENTO N°24,06-06-2026,0
PACOLLO EN REGIMIENTO N°24,07-06-2026,0
PACOLLO EN REGIMIENTO N°24,08-06-2026,0
PACOLLO EN REGIMIENTO N°24,09-06-2026,0
PACOLLO EN REGIMIENTO N°24,10-06-2026,0
PACOLLO EN REGIMIENTO N°24,11-06-2026,0
PACOLLO EN REGIMIENTO N°24,12-06-2026,0
PACOLLO EN REGIMIENTO N°24,13-06-2026,0
PACOLLO EN REGIMIENTO N°24,14-06-2026,0
PACOLLO EN REGIMIENTO N°24,15-06-2026,0
PACOLLO EN REGIMIENTO N°24,16-06-2026,0
PACOLLO EN REGIMIENTO N°24,17-06-2026,0
PACOLLO EN REGIMIENTO N°24,18-06-2026,0
PACOLLO EN REGIMIENTO N°24,19-06-2026,0
PACOLLO EN REGIMIENTO N°24,20-06-2026,0
PACOLLO EN REGIMIENTO N°24,21-06-2026,0
PACOLLO EN REGIMIENTO N°24,22-06-2026,0
PACOLLO EN REGIMIENTO N°24,23-06-2026,0
PACOLLO EN REGIMIENTO N°24,24-06-2026,0
PACOLLO EN REGIMIENTO N°24,25-06-2026,0
PACOLLO EN REGIMIENTO N°24,26-06-2026,0
PACOLLO EN REGIMIENTO N°24,27-06-2026,0
PACOLLO EN REGIMIENTO N°24,28-06-2026,0
PACOLLO EN REGIMIENTO N°24,29-06-2026,0
PACOLLO EN REGIMIENTO N°24,30-06-2026,0
PACOLLO EN REGIMIENTO N°24,01-07-2026,0
PACOLLO EN REGIMIENTO N°24,02-07-2026,0
PACOLLO EN REGIMIENTO N°24,03-07-2026,0
PACOLLO EN REGIMIENTO N°24,04-07-2026,0
PACOLLO EN REGIMIENTO N°24,05-07-2026,0
PACOLLO EN REGIMIENTO N°24,06-07-2026,0
PACOLLO EN REGIMIENTO N°24,07-07-2026,0
PACOLLO EN REGIMIENTO N°24,08-07-2026,0
PACOLLO EN REGIMIENTO N°24,09-07-2026,0
PACOLLO EN REGIMIENTO N°24,10-07-2026,0
PACOLLO EN REGIMIENTO N°24,11-07-2026,0
PACOLLO EN REGIMIENTO N°24,12-07-2026,0
PACOLLO EN REGIMIENTO N°24,13-07-2026,0
PACOLLO EN REGIMIENTO N°24,14-07-2026,0
PACOLLO EN REGIMIENTO N°24,15-07-2026,0
PACOLLO EN REGIMIENTO N°24,16-07-2026,0
PACOLLO EN REGIMIENTO N°24,17-07-2026,0
PACOLLO EN REGIMIENTO N°24,18-07-2026,0
PACOLLO EN REGIMIENTO N°24,19-07-2026,0
PACOLLO EN REGIMIENTO N°24,20-07-2026,0
PACOLLO EN REGIMIENTO N°24,21-07-2026,0
PACOLLO EN REGIMIENTO N°24,22-07-2026,0
PACOLLO EN REGIMIENTO N°24,23-07-2026,0
PACOLLO EN REGIMIENTO N°24,24-07-2026,0
PACOLLO EN REGIMIENTO N°24,25-07-2026,0
PACOLLO EN REGIMIENTO N°24,26-07-2026,0
PACOLLO EN REGIMIENTO N°24,27-07-2026,0
PACOLLO EN REGIMIENTO N°24,28-07-2026,0
PACOLLO EN REGIMIENTO N°24,29-07-2026,0
PACOLLO EN REGIMIENTO N°24,30-07-2026,0
PACOLLO EN REGIMIENTO N°24,31-07-2026,0
CORONAMIENTO PRESA EMBALSE CHIRONTA (EM EC),01-11-2022,0
CORONAMIENTO PRESA EMBALSE CHIRONTA (EM EC),02-11-2022,0
CORONAMIENTO PRESA EMBALSE CHIRONTA (EM EC),03-11-2022,0
CORONAMIENTO PRESA EMBALSE CHIRONTA (EM EC),04-11-2022,0
CORONAMIENTO PRESA EMBALSE CHIRONTA (EM EC),05-11-2022,0
CORONAMIENTO PRESA EMBALSE CHIRONTA (EM EC),06-11-2022,0
CORONAMIENTO PRESA EMBALSE CHIRONTA (EM EC),07-11-2022,0
CORONAMIENTO PRESA EMBALSE CHIRONTA (EM EC),08-11-2022,0
CORONAMIENTO PRESA EMBALSE CHIRONTA (EM EC),09-11-2022,0
CORONAMIENTO PRESA EMBALSE CHIRONTA (EM EC),10-11-2022,0
CORONAMIENTO PRESA EMBALSE CHIRONTA (EM EC),11-11-2022,0
CORONAMIENTO PRESA EMBALSE CHIRONTA (EM EC),12-11-2022,0
CORONAMIENTO PRESA EMBALSE CHIRONTA (EM EC),13-11-2022,0
CORONAMIENTO PRESA EMBALSE CHIRONTA (EM EC),14-11-2022,0
CORONAMIENTO PRESA EMBALSE CHIRONTA (EM EC),15-11-2022,0
CORONAMIENTO PRESA EMBALSE CHIRONTA (EM EC),16-11-2022,0
CORONAMIENTO PRESA EMBALSE CHIRONTA (EM EC),17-11-2022,0
CORONAMIENTO PRESA EMBALSE CHIRONTA (EM EC),18-11-2022,0
CORONAMIENTO PRESA EMBALSE CHIRONTA (EM EC),19-11-2022,0
CORONAMIENTO PRESA EMBALSE CHIRONTA (EM EC),20-11-2022,0
CORONAMIENTO PRESA EMBALSE CHIRONTA (EM EC),21-11-2022,0
CORONAMIENTO PRESA EMBALSE CHIRONTA (EM EC),22-11-2022,0
CORONAMIENTO PRESA EMBALSE CHIRONTA (EM EC),23-11-2022,0.1
CORONAMIENTO PRESA EMBALSE CHIRONTA (EM EC),24-11-2022,0
CORONAMIENTO PRESA EMBALSE CHIRONTA (EM EC),25-11-2022,0
CORONAMIENTO PRESA EMBALSE CHIRONTA (EM EC),26-11-2022,0
CORONAMIENTO PRESA EMBALSE CHIRONTA (EM EC),27-11-2022,0
CORONAMIENTO PRESA EMBALSE CHIRONTA (EM EC),28-11-2022,0
CORONAMIENTO PRESA EMBALSE CHIRONTA (EM EC),29-11-2022,0
CORONAMIENTO PRESA EMBALSE CHIRONTA (EM EC),30-11-2022,0
CORONAMIENTO PRESA EMBALSE CHIRONTA (EM EC),01-12-2022,0
CORONAMIENTO PRESA EMBALSE CHIRONTA (EM EC),02-12-2022,0
CORONAMIENTO PRESA EMBALSE CHIRONTA (EM EC),03-12-2022,0
CORONAMIENTO PRESA EMBALSE CHIRONTA (EM EC),04-12-2022,0
CORONAMIENTO PRESA EMBALSE CHIRONTA (EM EC),05-12-2022,0
CORONAMIENTO PRESA EMBALSE CHIRONTA (EM EC),06-12-2022,0
CORONAMIENTO PRESA EMBALSE CHIRONTA (EM EC),07-12-2022,1.8
CORONAMIENTO PRESA EMBALSE CHIRONTA (EM EC),08-12-2022,0
CORONAMIENTO PRESA EMBALSE CHIRONTA (EM EC),09-12-2022,0
CORONAMIENTO PRESA EMBALSE CHIRONTA (EM EC),10-12-2022,0
CORONAMIENTO PRESA EMBALSE CHIRONTA (EM EC),11-12-2022,0
CORONAMIENTO PRESA EMBALSE CHIRONTA (EM EC),12-12-2022,0
CORONAMIENTO PRESA EMBALSE CHIRONTA (EM EC),13-12-2022,0
CORONAMIENTO PRESA EMBALSE CHIRONTA (EM EC),14-12-2022,0
CORONAMIENTO PRESA EMBALSE CHIRONTA (EM EC),15-12-2022,0
CORONAMIENTO PRESA EMBALSE CHIRONTA (EM EC),16-12-2022,0
CORONAMIENTO PRESA EMBALSE CHIRONTA (EM EC),17-12-2022,0
CORONAMIENTO PRESA EMBALSE CHIRONTA (EM EC),18-12-2022,0
CORONAMIENTO PRESA EMBALSE CHIRONTA (EM EC),19-12-2022,0
CORONAMIENTO PRESA EMBALSE CHIRONTA (EM EC),20-12-2022,0
CORONAMIENTO PRESA EMBALSE CHIRONTA (EM EC),21-12-2022,0
CORONAMIENTO PRESA EMBALSE CHIRONTA (EM EC),22-12-2022,0
CORONAMIENTO PRESA EMBALSE CHIRONTA (EM EC),23-12-2022,0
CORONAMIENTO PRESA EMBALSE CHIRONTA (EM EC),24-12-2022,0
CORONAMIENTO PRESA EMBALSE CHIRONTA (EM EC),25-12-2022,0
CORONAMIENTO PRESA EMBALSE CHIRONTA (EM EC),26-12-2022,0
CORONAMIENTO PRESA EMBALSE CHIRONTA (EM EC),27-12-2022,0
CORONAMIENTO PRESA EMBALSE CHIRONTA (EM EC),28-12-2022,0
CORONAMIENTO PRESA EMBALSE CHIRONTA (EM EC),29-12-2022,0
CORONAMIENTO PRESA EMBALSE CHIRONTA (EM EC),30-12-2022,0
CORONAMIENTO PRESA EMBALSE CHIRONTA (EM EC),31-12-2022,0
CORONAMIENTO PRESA EMBALSE CHIRONTA (EM EC),01-01-2023,0
CORONAMIENTO PRESA EMBALSE CHIRONTA (EM EC),02-01-2023,0
CORONAMIENTO PRESA EMBALSE CHIRONTA (EM EC),03-01-2023,0
CORONAMIENTO PRESA EMBALSE CHIRONTA (EM EC),04-01-2023,0
CORONAMIENTO PRESA EMBALSE CHIRONTA (EM EC),05-01-2023,0
CORONAMIENTO PRESA EMBALSE CHIRONTA (EM EC),06-01-2023,0
CORONAMIENTO PRESA EMBALSE CHIRONTA (EM EC),07-01-2023,0
CORONAMIENTO PRESA EMBALSE CHIRONTA (EM EC),08-01-2023,0
CORONAMIENTO PRESA EMBALSE CHIRONTA (EM EC),09-01-2023,0
CORONAMIENTO PRESA EMBALSE CHIRONTA (EM EC),10-01-2023,0
CORONAMIENTO PRESA EMBALSE CHIRONTA (EM EC),11-01-2023,0
CORONAMIENTO PRESA EMBALSE CHIRONTA (EM EC),12-01-2023,0
CORONAMIENTO PRESA EMBALSE CHIRONTA (EM EC),13-01-2023,0
CORONAMIENTO PRESA EMBALSE CHIRONTA (EM EC),14-01-2023,0
CORONAMIENTO PRESA EMBALSE CHIRONTA (EM EC),15-01-2023,0
CORONAMIENTO PRESA EMBALSE CHIRONTA (EM EC),16-01-2023,0
CORONAMIENTO PRESA EMBALSE CHIRONTA (EM EC),17-01-2023,0
CORONAMIENTO PRESA EMBALSE CHIRONTA (EM EC),18-01-2023,0
CORONAMIENTO PRESA EMBALSE CHIRONTA (EM EC),19-01-2023,0
CORONAMIENTO PRESA EMBALSE CHIRONTA (EM EC),20-01-2023,0
CORONAMIENTO PRESA EMBALSE CHIRONTA (EM EC),21-01-2023,0
CORONAMIENTO PRESA EMBALSE CHIRONTA (EM EC),22-01-2023,0
CORONAMIENTO PRESA EMBALSE CHIRONTA (EM EC),23-01-2023,0
CORONAMIENTO PRESA EMBALSE CHIRONTA (EM EC),24-01-2023,0
CORONAMIENTO PRESA EMBALSE CHIRONTA (EM EC),25-01-2023,0
CORONAMIENTO PRESA EMBALSE CHIRONTA (EM EC),26-01-2023,0
CORONAMIENTO PRESA EMBALSE CHIRONTA (EM EC),27-01-2023,0
CORONAMIENTO PRESA EMBALSE CHIRONTA (EM EC),28-01-2023,0
CORONAMIENTO PRESA EMBALSE CHIRONTA (EM EC),29-01-2023,0
CORONAMIENTO PRESA EMBALSE CHIRONTA (EM EC),30-01-2023,0
CORONAMIENTO PRESA EMBALSE CHIRONTA (EM EC),31-01-2023,0
CORONAMIENTO PRESA EMBALSE CHIRONTA (EM EC),01-02-2023,2.5
CORONAMIENTO PRESA EMBALSE CHIRONTA (EM EC),02-02-2023,0.1
CORONAMIENTO PRESA EMBALSE CHIRONTA (EM EC),03-02-2023,0
CORONAMIENTO PRESA EMBALSE CHIRONTA (EM EC),04-02-2023,0
CORONAMIENTO PRESA EMBALSE CHIRONTA (EM EC),05-02-2023,0.1
CORONAMIENTO PRESA EMBALSE CHIRONTA (EM EC),06-02-2023,0
CORONAMIENTO PRESA EMBALSE CHIRONTA (EM EC),07-02-2023,0
CORONAMIENTO PRESA EMBALSE CHIRONTA (EM EC),08-02-2023,0
CORONAMIENTO PRESA EMBALSE CHIRONTA (EM EC),09-02-2023,0
CORONAMIENTO PRESA EMBALSE CHIRONTA (EM EC),10-02-2023,0
CORONAMIENTO PRESA EMBALSE CHIRONTA (EM EC),11-02-2023,0.3
CORONAMIENTO PRESA EMBALSE CHIRONTA (EM EC),12-02-2023,0
CORONAMIENTO PRESA EMBALSE CHIRONTA (EM EC),13-02-2023,0
CORONAMIENTO PRESA EMBALSE CHIRONTA (EM EC),14-02-2023,0
CORONAMIENTO PRESA EMBALSE CHIRONTA (EM EC),15-02-2023,0
CORONAMIENTO PRESA EMBALSE CHIRONTA (EM EC),16-02-2023,0
CORONAMIENTO PRESA EMBALSE CHIRONTA (EM EC),17-02-2023,0
CORONAMIENTO PRESA EMBALSE CHIRONTA (EM EC),18-02-2023,0
CORONAMIENTO PRESA EMBALSE CHIRONTA (EM EC),19-02-2023,0
CORONAMIENTO PRESA EMBALSE CHIRONTA (EM EC),20-02-2023,0
CORONAMIENTO PRESA EMBALSE CHIRONTA (EM EC),21-02-2023,0
CORONAMIENTO PRESA EMBALSE CHIRONTA (EM EC),22-02-2023,0
CORONAMIENTO PRESA EMBALSE CHIRONTA (EM EC),23-02-2023,0
CORONAMIENTO PRESA EMBALSE CHIRONTA (EM EC),24-02-2023,0
CORONAMIENTO PRESA EMBALSE CHIRONTA (EM EC),25-02-2023,0
CORONAMIENTO PRESA EMBALSE CHIRONTA (EM EC),26-02-2023,0
CORONAMIENTO PRESA EMBALSE CHIRONTA (EM EC),27-02-2023,0
CORONAMIENTO PRESA EMBALSE CHIRONTA (EM EC),28-02-2023,0
CORONAMIENTO PRESA EMBALSE CHIRONTA (EM EC),01-03-2023,0
CORONAMIENTO PRESA EMBALSE CHIRONTA (EM EC),02-03-2023,0
CORONAMIENTO PRESA EMBALSE CHIRONTA (EM EC),03-03-2023,0
CORONAMIENTO PRESA EMBALSE CHIRONTA (EM EC),04-03-2023,0
CORONAMIENTO PRESA EMBALSE CHIRONTA (EM EC),05-03-2023,0
CORONAMIENTO PRESA EMBALSE CHIRONTA (EM EC),06-03-2023,0
CORONAMIENTO PRESA EMBALSE CHIRONTA (EM EC),07-03-2023,0
CORONAMIENTO PRESA EMBALSE CHIRONTA (EM EC),08-03-2023,0
CORONAMIENTO PRESA EMBALSE CHIRONTA (EM EC),09-03-2023,0
CORONAMIENTO PRESA EMBALSE CHIRONTA (EM EC),10-03-2023,0.4
CORONAMIENTO PRESA EMBALSE CHIRONTA (EM EC),11-03-2023,0
CORONAMIENTO PRESA EMBALSE CHIRONTA (EM EC),12-03-2023,0
CORONAMIENTO PRESA EMBALSE CHIRONTA (EM EC),13-03-2023,0
CORONAMIENTO PRESA EMBALSE CHIRONTA (EM EC),14-03-2023,0
CORONAMIENTO PRESA EMBALSE CHIRONTA (EM EC),15-03-2023,0
CORONAMIENTO PRESA EMBALSE CHIRONTA (EM EC),16-03-2023,0
CORONAMIENTO PRESA EMBALSE CHIRONTA (EM EC),17-03-2023,0
CORONAMIENTO PRESA EMBALSE CHIRONTA (EM EC),18-03-2023,0
CORONAMIENTO PRESA EMBALSE CHIRONTA (EM EC),19-03-2023,0
CORONAMIENTO PRESA EMBALSE CHIRONTA (EM EC),20-03-2023,2.6
CORONAMIENTO PRESA EMBALSE CHIRONTA (EM EC),21-03-2023,0
CORONAMIENTO PRESA EMBALSE CHIRONTA (EM EC),22-03-2023,0
CORONAMIENTO PRESA EMBALSE CHIRONTA (EM EC),23-03-2023,1.9
CORONAMIENTO PRESA EMBALSE CHIRONTA (EM EC),24-03-2023,0
CORONAMIENTO PRESA EMBALSE CHIRONTA (EM EC),25-03-2023,0
CORONAMIENTO PRESA EMBALSE CHIRONTA (EM EC),26-03-2023,0
CORONAMIENTO PRESA EMBALSE CHIRONTA (EM EC),27-03-2023,0
CORONAMIENTO PRESA EMBALSE CHIRONTA (EM EC),28-03-2023,0
CORONAMIENTO PRESA EMBALSE CHIRONTA (EM EC),29-03-2023,0
CORONAMIENTO PRESA EMBALSE CHIRONTA (EM EC),30-03-2023,0
CORONAMIENTO PRESA EMBALSE CHIRONTA (EM EC),31-03-2023,0
CORONAMIENTO PRESA EMBALSE CHIRONTA (EM EC),01-04-2023,0
CORONAMIENTO PRESA EMBALSE CHIRONTA (EM EC),02-04-2023,0
CORONAMIENTO PRESA EMBALSE CHIRONTA (EM EC),03-04-2023,0
CORONAMIENTO PRESA EMBALSE CHIRONTA (EM EC),04-04-2023,0
CORONAMIENTO PRESA EMBALSE CHIRONTA (EM EC),05-04-2023,0
CORONAMIENTO PRESA EMBALSE CHIRONTA (EM EC),06-04-2023,0
CORONAMIENTO PRESA EMBALSE CHIRONTA (EM EC),07-04-2023,0
CORONAMIENTO PRESA EMBALSE CHIRONTA (EM EC),08-04-2023,0
CORONAMIENTO PRESA EMBALSE CHIRONTA (EM EC),09-04-2023,0
CORONAMIENTO PRESA EMBALSE CHIRONTA (EM EC),10-04-2023,0
CORONAMIENTO PRESA EMBALSE CHIRONTA (EM EC),11-04-2023,0
CORONAMIENTO PRESA EMBALSE CHIRONTA (EM EC),12-04-2023,0
CORONAMIENTO PRESA EMBALSE CHIRONTA (EM EC),13-04-2023,0
CORONAMIENTO PRESA EMBALSE CHIRONTA (EM EC),14-04-2023,0
CORONAMIENTO PRESA EMBALSE CHIRONTA (EM EC),15-04-2023,0
CORONAMIENTO PRESA EMBALSE CHIRONTA (EM EC),16-04-2023,0
CORONAMIENTO PRESA EMBALSE CHIRONTA (EM EC),17-04-2023,0
CORONAMIENTO PRESA EMBALSE CHIRONTA (EM EC),18-04-2023,0
CORONAMIENTO PRESA EMBALSE CHIRONTA (EM EC),19-04-2023,0
CORONAMIENTO PRESA EMBALSE CHIRONTA (EM EC),20-04-2023,0
CORONAMIENTO PRESA EMBALSE CHIRONTA (EM EC),21-04-2023,0
CORONAMIENTO PRESA EMBALSE CHIRONTA (EM EC),22-04-2023,0
CORONAMIENTO PRESA EMBALSE CHIRONTA (EM EC),23-04-2023,0
CORONAMIENTO PRESA EMBALSE CHIRONTA (EM EC),24-04-2023,0
CORONAMIENTO PRESA EMBALSE CHIRONTA (EM EC),25-04-2023,0
CORONAMIENTO PRESA EMBALSE CHIRONTA (EM EC),26-04-2023,0
CORONAMIENTO PRESA EMBALSE CHIRONTA (EM EC),27-04-2023,0
CORONAMIENTO PRESA EMBALSE CHIRONTA (EM EC),28-04-2023,0
CORONAMIENTO PRESA EMBALSE CHIRONTA (EM EC),29-04-2023,0
CORONAMIENTO PRESA EMBALSE CHIRONTA (EM EC),30-04-2023,0
CORONAMIENTO PRESA EMBALSE CHIRONTA (EM EC),01-05-2023,0
CORONAMIENTO PRESA EMBALSE CHIRONTA (EM EC),02-05-2023,0
CORONAMIENTO PRESA EMBALSE CHIRONTA (EM EC),03-05-2023,0
CORONAMIENTO PRESA EMBALSE CHIRONTA (EM EC),04-05-2023,0
CORONAMIENTO PRESA EMBALSE CHIRONTA (EM EC),05-05-2023,0
CORONAMIENTO PRESA EMBALSE CHIRONTA (EM EC),06-05-2023,0
CORONAMIENTO PRESA EMBALSE CHIRONTA (EM EC),07-05-2023,0
CORONAMIENTO PRESA EMBALSE CHIRONTA (EM EC),08-05-2023,0
CORONAMIENTO PRESA EMBALSE CHIRONTA (EM EC),09-05-2023,0
CORONAMIENTO PRESA EMBALSE CHIRONTA (EM EC),10-05-2023,0
CORONAMIENTO PRESA EMBALSE CHIRONTA (EM EC),11-05-2023,0
CORONAMIENTO PRESA EMBALSE CHIRONTA (EM EC),12-05-2023,0
CORONAMIENTO PRESA EMBALSE CHIRONTA (EM EC),13-05-2023,0
CORONAMIENTO PRESA EMBALSE CHIRONTA (EM EC),14-05-2023,0
CORONAMIENTO PRESA EMBALSE CHIRONTA (EM EC),15-05-2023,0
CORONAMIENTO PRESA EMBALSE CHIRONTA (EM EC),16-05-2023,0
CORONAMIENTO PRESA EMBALSE CHIRONTA (EM EC),17-05-2023,0
CORONAMIENTO PRESA EMBALSE CHIRONTA (EM EC),18-05-2023,0
CORONAMIENTO PRESA EMBALSE CHIRONTA (EM EC),19-05-2023,0
CORONAMIENTO PRESA EMBALSE CHIRONTA (EM EC),20-05-2023,0
CORONAMIENTO PRESA EMBALSE CHIRONTA (EM EC),21-05-2023,0
CORONAMIENTO PRESA EMBALSE CHIRONTA (EM EC),22-05-2023,0
CORONAMIENTO PRESA EMBALSE CHIRONTA (EM EC),23-05-2023,0
CORONAMIENTO PRESA EMBALSE CHIRONTA (EM EC),24-05-2023,0
CORONAMIENTO PRESA EMBALSE CHIRONTA (EM EC),25-05-2023,0
CORONAMIENTO PRESA EMBALSE CHIRONTA (EM EC),26-05-2023,0
CORONAMIENTO PRESA EMBALSE CHIRONTA (EM EC),27-05-2023,0
CORONAMIENTO PRESA EMBALSE CHIRONTA (EM EC),28-05-2023,0
CORONAMIENTO PRESA EMBALSE CHIRONTA (EM EC),29-05-2023,0
CORONAMIENTO PRESA EMBALSE CHIRONTA (EM EC),30-05-2023,0
CORONAMIENTO PRESA EMBALSE CHIRONTA (EM EC),31-05-2023,0
CORONAMIENTO PRESA EMBALSE CHIRONTA (EM EC),01-06-2023,0
CORONAMIENTO PRESA EMBALSE CHIRONTA (EM EC),02-06-2023,0
CORONAMIENTO PRESA EMBALSE CHIRONTA (EM EC),03-06-2023,0
CORONAMIENTO PRESA EMBALSE CHIRONTA (EM EC),04-06-2023,0
CORONAMIENTO PRESA EMBALSE CHIRONTA (EM EC),05-06-2023,0
CORONAMIENTO PRESA EMBALSE CHIRONTA (EM EC),06-06-2023,0
CORONAMIENTO PRESA EMBALSE CHIRONTA (EM EC),07-06-2023,0
CORONAMIENTO PRESA EMBALSE CHIRONTA (EM EC),08-06-2023,0
CORONAMIENTO PRESA EMBALSE CHIRONTA (EM EC),09-06-2023,0
CORONAMIENTO PRESA EMBALSE CHIRONTA (EM EC),10-06-2023,0
CORONAMIENTO PRESA EMBALSE CHIRONTA (EM EC),11-06-2023,0
CORONAMIENTO PRESA EMBALSE CHIRONTA (EM EC),12-06-2023,0
CORONAMIENTO PRESA EMBALSE CHIRONTA (EM EC),13-06-2023,0
CORONAMIENTO PRESA EMBALSE CHIRONTA (EM EC),14-06-2023,0
CORONAMIENTO PRESA EMBALSE CHIRONTA (EM EC),15-06-2023,0
CORONAMIENTO PRESA EMBALSE CHIRONTA (EM EC),16-06-2023,0
CORONAMIENTO PRESA EMBALSE CHIRONTA (EM EC),17-06-2023,0
CORONAMIENTO PRESA EMBALSE CHIRONTA (EM EC),18-06-2023,0
CORONAMIENTO PRESA EMBALSE CHIRONTA (EM EC),19-06-2023,0
CORONAMIENTO PRESA EMBALSE CHIRONTA (EM EC),20-06-2023,0
CORONAMIENTO PRESA EMBALSE CHIRONTA (EM EC),21-06-2023,0
CORONAMIENTO PRESA EMBALSE CHIRONTA (EM EC),22-06-2023,0
CORONAMIENTO PRESA EMBALSE CHIRONTA (EM EC),23-06-2023,0
CORONAMIENTO PRESA EMBALSE CHIRONTA (EM EC),24-06-2023,0
CORONAMIENTO PRESA EMBALSE CHIRONTA (EM EC),25-06-2023,0
CORONAMIENTO PRESA EMBALSE CHIRONTA (EM EC),26-06-2023,0
CORONAMIENTO PRESA EMBALSE CHIRONTA (EM EC),27-06-2023,0
CORONAMIENTO PRESA EMBALSE CHIRONTA (EM EC),28-06-2023,0
CORONAMIENTO PRESA EMBALSE CHIRONTA (EM EC),29-06-2023,0
CORONAMIENTO PRESA EMBALSE CHIRONTA (EM EC),30-06-2023,0
CORONAMIENTO PRESA EMBALSE CHIRONTA (EM EC),01-07-2023,0
CORONAMIENTO PRESA EMBALSE CHIRONTA (EM EC),02-07-2023,0
CORONAMIENTO PRESA EMBALSE CHIRONTA (EM EC),03-07-2023,0
CORONAMIENTO PRESA EMBALSE CHIRONTA (EM EC),04-07-2023,0
CORONAMIENTO PRESA EMBALSE CHIRONTA (EM EC),05-07-2023,0
CORONAMIENTO PRESA EMBALSE CHIRONTA (EM EC),06-07-2023,0
CORONAMIENTO PRESA EMBALSE CHIRONTA (EM EC),07-07-2023,0
CORONAMIENTO PRESA EMBALSE CHIRONTA (EM EC),08-07-2023,0
CORONAMIENTO PRESA EMBALSE CHIRONTA (EM EC),09-07-2023,0
CORONAMIENTO PRESA EMBALSE CHIRONTA (EM EC),10-07-2023,0
CORONAMIENTO PRESA EMBALSE CHIRONTA (EM EC),11-07-2023,0
CORONAMIENTO PRESA EMBALSE CHIRONTA (EM EC),12-07-2023,0
CORONAMIENTO PRESA EMBALSE CHIRONTA (EM EC),13-07-2023,0
CORONAMIENTO PRESA EMBALSE CHIRONTA (EM EC),14-07-2023,0
CORONAMIENTO PRESA EMBALSE CHIRONTA (EM EC),15-07-2023,0
CORONAMIENTO PRESA EMBALSE CHIRONTA (EM EC),16-07-2023,0
CORONAMIENTO PRESA EMBALSE CHIRONTA (EM EC),17-07-2023,0
CORONAMIENTO PRESA EMBALSE CHIRONTA (EM EC),18-07-2023,0
CORONAMIENTO PRESA EMBALSE CHIRONTA (EM EC),19-07-2023,0
CORONAMIENTO PRESA EMBALSE CHIRONTA (EM EC),20-07-2023,0
CORONAMIENTO PRESA EMBALSE CHIRONTA (EM EC),21-07-2023,0
CORONAMIENTO PRESA EMBALSE CHIRONTA (EM EC),22-07-2023,0
CORONAMIENTO PRESA EMBALSE CHIRONTA (EM EC),23-07-2023,0
CORONAMIENTO PRESA EMBALSE CHIRONTA (EM EC),24-07-2023,0
CORONAMIENTO PRESA EMBALSE CHIRONTA (EM EC),25-07-2023,0
CORONAMIENTO PRESA EMBALSE CHIRONTA (EM EC),26-07-2023,0
CORONAMIENTO PRESA EMBALSE CHIRONTA (EM EC),27-07-2023,0
CORONAMIENTO PRESA EMBALSE CHIRONTA (EM EC),28-07-2023,0
CORONAMIENTO PRESA EMBALSE CHIRONTA (EM EC),29-07-2023,0
CORONAMIENTO PRESA EMBALSE CHIRONTA (EM EC),30-07-2023,0
CORONAMIENTO PRESA EMBALSE CHIRONTA (EM EC),31-07-2023,0
CORONAMIENTO PRESA EMBALSE CHIRONTA (EM EC),01-08-2023,0
CORONAMIENTO PRESA EMBALSE CHIRONTA (EM EC),02-08-2023,0
CORONAMIENTO PRESA EMBALSE CHIRONTA (EM EC),03-08-2023,0
CORONAMIENTO PRESA EMBALSE CHIRONTA (EM EC),04-08-2023,0
CORONAMIENTO PRESA EMBALSE CHIRONTA (EM EC),05-08-2023,0
CORONAMIENTO PRESA EMBALSE CHIRONTA (EM EC),06-08-2023,0
CORONAMIENTO PRESA EMBALSE CHIRONTA (EM EC),07-08-2023,0
CORONAMIENTO PRESA EMBALSE CHIRONTA (EM EC),08-08-2023,0
CORONAMIENTO PRESA EMBALSE CHIRONTA (EM EC),09-08-2023,0
CORONAMIENTO PRESA EMBALSE CHIRONTA (EM EC),10-08-2023,0
CORONAMIENTO PRESA EMBALSE CHIRONTA (EM EC),11-08-2023,0
CORONAMIENTO PRESA EMBALSE CHIRONTA (EM EC),12-08-2023,0
CORONAMIENTO PRESA EMBALSE CHIRONTA (EM EC),13-08-2023,0
CORONAMIENTO PRESA EMBALSE CHIRONTA (EM EC),14-08-2023,0
CORONAMIENTO PRESA EMBALSE CHIRONTA (EM EC),15-08-2023,0
CORONAMIENTO PRESA EMBALSE CHIRONTA (EM EC),16-08-2023,0
CORONAMIENTO PRESA EMBALSE CHIRONTA (EM EC),17-08-2023,0
CORONAMIENTO PRESA EMBALSE CHIRONTA (EM EC),18-08-2023,0
CORONAMIENTO PRESA EMBALSE CHIRONTA (EM EC),19-08-2023,0
CORONAMIENTO PRESA EMBALSE CHIRONTA (EM EC),20-08-2023,0
CORONAMIENTO PRESA EMBALSE CHIRONTA (EM EC),21-08-2023,0
CORONAMIENTO PRESA EMBALSE CHIRONTA (EM EC),22-08-2023,0
CORONAMIENTO PRESA EMBALSE CHIRONTA (EM EC),23-08-2023,0
CORONAMIENTO PRESA EMBALSE CHIRONTA (EM EC),24-08-2023,0
CORONAMIENTO PRESA EMBALSE CHIRONTA (EM EC),25-08-2023,0
CORONAMIENTO PRESA EMBALSE CHIRONTA (EM EC),26-08-2023,0
CORONAMIENTO PRESA EMBALSE CHIRONTA (EM EC),27-08-2023,0
CORONAMIENTO PRESA EMBALSE CHIRONTA (EM EC),28-08-2023,0
CORONAMIENTO PRESA EMBALSE CHIRONTA (EM EC),29-08-2023,0
CORONAMIENTO PRESA EMBALSE CHIRONTA (EM EC),30-08-2023,0
CORONAMIENTO PRESA EMBALSE CHIRONTA (EM EC),31-08-2023,0
CORONAMIENTO PRESA EMBALSE CHIRONTA (EM EC),01-09-2023,0
CORONAMIENTO PRESA EMBALSE CHIRONTA (EM EC),02-09-2023,0
CORONAMIENTO PRESA EMBALSE CHIRONTA (EM EC),03-09-2023,0
CORONAMIENTO PRESA EMBALSE CHIRONTA (EM EC),04-09-2023,0
CORONAMIENTO PRESA EMBALSE CHIRONTA (EM EC),05-09-2023,0
CORONAMIENTO PRESA EMBALSE CHIRONTA (EM EC),06-09-2023,0
CORONAMIENTO PRESA EMBALSE CHIRONTA (EM EC),07-09-2023,0
CORONAMIENTO PRESA EMBALSE CHIRONTA (EM EC),08-09-2023,0
CORONAMIENTO PRESA EMBALSE CHIRONTA (EM EC),09-09-2023,0
CORONAMIENTO PRESA EMBALSE CHIRONTA (EM EC),10-09-2023,0
CORONAMIENTO PRESA EMBALSE CHIRONTA (EM EC),11-09-2023,0
CORONAMIENTO PRESA EMBALSE CHIRONTA (EM EC),12-09-2023,0
CORONAMIENTO PRESA EMBALSE CHIRONTA (EM EC),13-09-2023,0
CORONAMIENTO PRESA EMBALSE CHIRONTA (EM EC),14-09-2023,0
CORONAMIENTO PRESA EMBALSE CHIRONTA (EM EC),15-09-2023,0
CORONAMIENTO PRESA EMBALSE CHIRONTA (EM EC),16-09-2023,0
CORONAMIENTO PRESA EMBALSE CHIRONTA (EM EC),17-09-2023,0
CORONAMIENTO PRESA EMBALSE CHIRONTA (EM EC),18-09-2023,0
CORONAMIENTO PRESA EMBALSE CHIRONTA (EM EC),19-09-2023,0
CORONAMIENTO PRESA EMBALSE CHIRONTA (EM EC),20-09-2023,0
CORONAMIENTO PRESA EMBALSE CHIRONTA (EM EC),21-09-2023,0
CORONAMIENTO PRESA EMBALSE CHIRONTA (EM EC),22-09-2023,0
CORONAMIENTO PRESA EMBALSE CHIRONTA (EM EC),23-09-2023,0
CORONAMIENTO PRESA EMBALSE CHIRONTA (EM EC),24-09-2023,0
CORONAMIENTO PRESA EMBALSE CHIRONTA (EM EC),25-09-2023,0
CORONAMIENTO PRESA EMBALSE CHIRONTA (EM EC),26-09-2023,0
CORONAMIENTO PRESA EMBALSE CHIRONTA (EM EC),27-09-2023,0
CORONAMIENTO PRESA EMBALSE CHIRONTA (EM EC),28-09-2023,0
CORONAMIENTO PRESA EMBALSE CHIRONTA (EM EC),29-09-2023,0
CORONAMIENTO PRESA EMBALSE CHIRONTA (EM EC),30-09-2023,0
CORONAMIENTO PRESA EMBALSE CHIRONTA (EM EC),01-10-2023,0
CORONAMIENTO PRESA EMBALSE CHIRONTA (EM EC),02-10-2023,0
CORONAMIENTO PRESA EMBALSE CHIRONTA (EM EC),03-10-2023,0
CORONAMIENTO PRESA EMBALSE CHIRONTA (EM EC),04-10-2023,0
CORONAMIENTO PRESA EMBALSE CHIRONTA (EM EC),05-10-2023,0
CORONAMIENTO PRESA EMBALSE CHIRONTA (EM EC),06-10-2023,0
CORONAMIENTO PRESA EMBALSE CHIRONTA (EM EC),07-10-2023,0
CORONAMIENTO PRESA EMBALSE CHIRONTA (EM EC),08-10-2023,0
CORONAMIENTO PRESA EMBALSE CHIRONTA (EM EC),09-10-2023,0
CORONAMIENTO PRESA EMBALSE CHIRONTA (EM EC),10-10-2023,0
CORONAMIENTO PRESA EMBALSE CHIRONTA (EM EC),11-10-2023,0
CORONAMIENTO PRESA EMBALSE CHIRONTA (EM EC),12-10-2023,0
CORONAMIENTO PRESA EMBALSE CHIRONTA (EM EC),13-10-2023,0
CORONAMIENTO PRESA EMBALSE CHIRONTA (EM EC),14-10-2023,0
CORONAMIENTO PRESA EMBALSE CHIRONTA (EM EC),15-10-2023,0
CORONAMIENTO PRESA EMBALSE CHIRONTA (EM EC),16-10-2023,0
CORONAMIENTO PRESA EMBALSE CHIRONTA (EM EC),17-10-2023,0
CORONAMIENTO PRESA EMBALSE CHIRONTA (EM EC),18-10-2023,0
CORONAMIENTO PRESA EMBALSE CHIRONTA (EM EC),19-10-2023,0
CORONAMIENTO PRESA EMBALSE CHIRONTA (EM EC),20-10-2023,0
CORONAMIENTO PRESA EMBALSE CHIRONTA (EM EC),21-10-2023,0
CORONAMIENTO PRESA EMBALSE CHIRONTA (EM EC),22-10-2023,0
CORONAMIENTO PRESA EMBALSE CHIRONTA (EM EC),23-10-2023,0
CORONAMIENTO PRESA EMBALSE CHIRONTA (EM EC),24-10-2023,0
CORONAMIENTO PRESA EMBALSE CHIRONTA (EM EC),25-10-2023,0
CORONAMIENTO PRESA EMBALSE CHIRONTA (EM EC),26-10-2023,0
CORONAMIENTO PRESA EMBALSE CHIRONTA (EM EC),27-10-2023,0
CORONAMIENTO PRESA EMBALSE CHIRONTA (EM EC),28-10-2023,0
CORONAMIENTO PRESA EMBALSE CHIRONTA (EM EC),29-10-2023,0
CORONAMIENTO PRESA EMBALSE CHIRONTA (EM EC),30-10-2023,0
CORONAMIENTO PRESA EMBALSE CHIRONTA (EM EC),31-10-2023,0
CORONAMIENTO PRESA EMBALSE CHIRONTA (EM EC),01-11-2023,0
CORONAMIENTO PRESA EMBALSE CHIRONTA (EM EC),02-11-2023,0
CORONAMIENTO PRESA EMBALSE CHIRONTA (EM EC),03-11-2023,0
CORONAMIENTO PRESA EMBALSE CHIRONTA (EM EC),04-11-2023,0
CORONAMIENTO PRESA EMBALSE CHIRONTA (EM EC),05-11-2023,0
CORONAMIENTO PRESA EMBALSE CHIRONTA (EM EC),06-11-2023,0
CORONAMIENTO PRESA EMBALSE CHIRONTA (EM EC),07-11-2023,0
CORONAMIENTO PRESA EMBALSE CHIRONTA (EM EC),08-11-2023,0
CORONAMIENTO PRESA EMBALSE CHIRONTA (EM EC),09-11-2023,0.3
CORONAMIENTO PRESA EMBALSE CHIRONTA (EM EC),10-11-2023,0
CORONAMIENTO PRESA EMBALSE CHIRONTA (EM EC),11-11-2023,0
CORONAMIENTO PRESA EMBALSE CHIRONTA (EM EC),12-11-2023,0
CORONAMIENTO PRESA EMBALSE CHIRONTA (EM EC),13-11-2023,0
CORONAMIENTO PRESA EMBALSE CHIRONTA (EM EC),14-11-2023,0
CORONAMIENTO PRESA EMBALSE CHIRONTA (EM EC),15-11-2023,0
CORONAMIENTO PRESA EMBALSE CHIRONTA (EM EC),16-11-2023,0
CORONAMIENTO PRESA EMBALSE CHIRONTA (EM EC),17-11-2023,0
CORONAMIENTO PRESA EMBALSE CHIRONTA (EM EC),18-11-2023,0
CORONAMIENTO PRESA EMBALSE CHIRONTA (EM EC),19-11-2023,0
CORONAMIENTO PRESA EMBALSE CHIRONTA (EM EC),20-11-2023,0
CORONAMIENTO PRESA EMBALSE CHIRONTA (EM EC),21-11-2023,0
CORONAMIENTO PRESA EMBALSE CHIRONTA (EM EC),22-11-2023,0
CORONAMIENTO PRESA EMBALSE CHIRONTA (EM EC),23-11-2023,0
CORONAMIENTO PRESA EMBALSE CHIRONTA (EM EC),24-11-2023,0
CORONAMIENTO PRESA EMBALSE CHIRONTA (EM EC),25-11-2023,0
CORONAMIENTO PRESA EMBALSE CHIRONTA (EM EC),26-11-2023,0
CORONAMIENTO PRESA EMBALSE CHIRONTA (EM EC),27-11-2023,0
CORONAMIENTO PRESA EMBALSE CHIRONTA (EM EC),28-11-2023,0
CORONAMIENTO PRESA EMBALSE CHIRONTA (EM EC),29-11-2023,0
CORONAMIENTO PRESA EMBALSE CHIRONTA (EM EC),30-11-2023,0
CORONAMIENTO PRESA EMBALSE CHIRONTA (EM EC),01-12-2023,0
CORONAMIENTO PRESA EMBALSE CHIRONTA (EM EC),02-12-2023,0
CORONAMIENTO PRESA EMBALSE CHIRONTA (EM EC),03-12-2023,0
CORONAMIENTO PRESA EMBALSE CHIRONTA (EM EC),04-12-2023,0
CORONAMIENTO PRESA EMBALSE CHIRONTA (EM EC),05-12-2023,0
CORONAMIENTO PRESA EMBALSE CHIRONTA (EM EC),06-12-2023,0
CORONAMIENTO PRESA EMBALSE CHIRONTA (EM EC),07-12-2023,0
CORONAMIENTO PRESA EMBALSE CHIRONTA (EM EC),08-12-2023,0
CORONAMIENTO PRESA EMBALSE CHIRONTA (EM EC),09-12-2023,0
CORONAMIENTO PRESA EMBALSE CHIRONTA (EM EC),10-12-2023,0
CORONAMIENTO PRESA EMBALSE CHIRONTA (EM EC),11-12-2023,0
CORONAMIENTO PRESA EMBALSE CHIRONTA (EM EC),12-12-2023,0
CORONAMIENTO PRESA EMBALSE CHIRONTA (EM EC),13-12-2023,0
CORONAMIENTO PRESA EMBALSE CHIRONTA (EM EC),14-12-2023,0.5
CORONAMIENTO PRESA EMBALSE CHIRONTA (EM EC),15-12-2023,0
CORONAMIENTO PRESA EMBALSE CHIRONTA (EM EC),16-12-2023,0
CORONAMIENTO PRESA EMBALSE CHIRONTA (EM EC),17-12-2023,0
CORONAMIENTO PRESA EMBALSE CHIRONTA (EM EC),18-12-2023,0
CORONAMIENTO PRESA EMBALSE CHIRONTA (EM EC),19-12-2023,0
CORONAMIENTO PRESA EMBALSE CHIRONTA (EM EC),20-12-2023,0
CORONAMIENTO PRESA EMBALSE CHIRONTA (EM EC),21-12-2023,0
CORONAMIENTO PRESA EMBALSE CHIRONTA (EM EC),22-12-2023,0
CORONAMIENTO PRESA EMBALSE CHIRONTA (EM EC),23-12-2023,0
CORONAMIENTO PRESA EMBALSE CHIRONTA (EM EC),24-12-2023,0
CORONAMIENTO PRESA EMBALSE CHIRONTA (EM EC),25-12-2023,0
CORONAMIENTO PRESA EMBALSE CHIRONTA (EM EC),26-12-2023,0
CORONAMIENTO PRESA EMBALSE CHIRONTA (EM EC),27-12-2023,0
CORONAMIENTO PRESA EMBALSE CHIRONTA (EM EC),28-12-2023,0
CORONAMIENTO PRESA EMBALSE CHIRONTA (EM EC),29-12-2023,0
CORONAMIENTO PRESA EMBALSE CHIRONTA (EM EC),30-12-2023,0
CORONAMIENTO PRESA EMBALSE CHIRONTA (EM EC),31-12-2023,0
CORONAMIENTO PRESA EMBALSE CHIRONTA (EM EC),01-01-2024,0
CORONAMIENTO PRESA EMBALSE CHIRONTA (EM EC),02-01-2024,0
CORONAMIENTO PRESA EMBALSE CHIRONTA (EM EC),03-01-2024,0
CORONAMIENTO PRESA EMBALSE CHIRONTA (EM EC),04-01-2024,0
CORONAMIENTO PRESA EMBALSE CHIRONTA (EM EC),05-01-2024,0
CORONAMIENTO PRESA EMBALSE CHIRONTA (EM EC),06-01-2024,0
CORONAMIENTO PRESA EMBALSE CHIRONTA (EM EC),07-01-2024,0
CORONAMIENTO PRESA EMBALSE CHIRONTA (EM EC),08-01-2024,0
CORONAMIENTO PRESA EMBALSE CHIRONTA (EM EC),09-01-2024,0
CORONAMIENTO PRESA EMBALSE CHIRONTA (EM EC),10-01-2024,0
CORONAMIENTO PRESA EMBALSE CHIRONTA (EM EC),11-01-2024,0
CORONAMIENTO PRESA EMBALSE CHIRONTA (EM EC),12-01-2024,0
CORONAMIENTO PRESA EMBALSE CHIRONTA (EM EC),13-01-2024,0
CORONAMIENTO PRESA EMBALSE CHIRONTA (EM EC),14-01-2024,0
CORONAMIENTO PRESA EMBALSE CHIRONTA (EM EC),15-01-2024,0
CORONAMIENTO PRESA EMBALSE CHIRONTA (EM EC),16-01-2024,0
CORONAMIENTO PRESA EMBALSE CHIRONTA (EM EC),17-01-2024,0
CORONAMIENTO PRESA EMBALSE CHIRONTA (EM EC),18-01-2024,0
CORONAMIENTO PRESA EMBALSE CHIRONTA (EM EC),19-01-2024,0
CORONAMIENTO PRESA EMBALSE CHIRONTA (EM EC),20-01-2024,0.2
CORONAMIENTO PRESA EMBALSE CHIRONTA (EM EC),21-01-2024,0
CORONAMIENTO PRESA EMBALSE CHIRONTA (EM EC),22-01-2024,0
CORONAMIENTO PRESA EMBALSE CHIRONTA (EM EC),23-01-2024,0
CORONAMIENTO PRESA EMBALSE CHIRONTA (EM EC),24-01-2024,0
CORONAMIENTO PRESA EMBALSE CHIRONTA (EM EC),25-01-2024,0
CORONAMIENTO PRESA EMBALSE CHIRONTA (EM EC),26-01-2024,0
CORONAMIENTO PRESA EMBALSE CHIRONTA (EM EC),27-01-2024,0
CORONAMIENTO PRESA EMBALSE CHIRONTA (EM EC),28-01-2024,0
CORONAMIENTO PRESA EMBALSE CHIRONTA (EM EC),29-01-2024,0
CORONAMIENTO PRESA EMBALSE CHIRONTA (EM EC),30-01-2024,0
CORONAMIENTO PRESA EMBALSE CHIRONTA (EM EC),31-01-2024,0
CORONAMIENTO PRESA EMBALSE CHIRONTA (EM EC),01-02-2024,0
CORONAMIENTO PRESA EMBALSE CHIRONTA (EM EC),02-02-2024,0
CORONAMIENTO PRESA EMBALSE CHIRONTA (EM EC),03-02-2024,0
CORONAMIENTO PRESA EMBALSE CHIRONTA (EM EC),04-02-2024,0
CORONAMIENTO PRESA EMBALSE CHIRONTA (EM EC),05-02-2024,0
CORONAMIENTO PRESA EMBALSE CHIRONTA (EM EC),06-02-2024,0
CORONAMIENTO PRESA EMBALSE CHIRONTA (EM EC),07-02-2024,0
CORONAMIENTO PRESA EMBALSE CHIRONTA (EM EC),08-02-2024,0
CORONAMIENTO PRESA EMBALSE CHIRONTA (EM EC),09-02-2024,0
CORONAMIENTO PRESA EMBALSE CHIRONTA (EM EC),10-02-2024,0
CORONAMIENTO PRESA EMBALSE CHIRONTA (EM EC),11-02-2024,0
CORONAMIENTO PRESA EMBALSE CHIRONTA (EM EC),12-02-2024,0.7
CORONAMIENTO PRESA EMBALSE CHIRONTA (EM EC),13-02-2024,0
CORONAMIENTO PRESA EMBALSE CHIRONTA (EM EC),14-02-2024,0
CORONAMIENTO PRESA EMBALSE CHIRONTA (EM EC),15-02-2024,0
CORONAMIENTO PRESA EMBALSE CHIRONTA (EM EC),16-02-2024,0
CORONAMIENTO PRESA EMBALSE CHIRONTA (EM EC),17-02-2024,0
CORONAMIENTO PRESA EMBALSE CHIRONTA (EM EC),18-02-2024,0.1
CORONAMIENTO PRESA EMBALSE CHIRONTA (EM EC),19-02-2024,0
CORONAMIENTO PRESA EMBALSE CHIRONTA (EM EC),20-02-2024,0
CORONAMIENTO PRESA EMBALSE CHIRONTA (EM EC),21-02-2024,0
CORONAMIENTO PRESA EMBALSE CHIRONTA (EM EC),22-02-2024,0
CORONAMIENTO PRESA EMBALSE CHIRONTA (EM EC),23-02-2024,0
CORONAMIENTO PRESA EMBALSE CHIRONTA (EM EC),24-02-2024,2.3
CORONAMIENTO PRESA EMBALSE CHIRONTA (EM EC),25-02-2024,0.7
CORONAMIENTO PRESA EMBALSE CHIRONTA (EM EC),26-02-2024,0.3
CORONAMIENTO PRESA EMBALSE CHIRONTA (EM EC),27-02-2024,0
CORONAMIENTO PRESA EMBALSE CHIRONTA (EM EC),28-02-2024,0.5
CORONAMIENTO PRESA EMBALSE CHIRONTA (EM EC),29-02-2024,0.2
CORONAMIENTO PRESA EMBALSE CHIRONTA (EM EC),01-03-2024,0
CORONAMIENTO PRESA EMBALSE CHIRONTA (EM EC),02-03-2024,0
CORONAMIENTO PRESA EMBALSE CHIRONTA (EM EC),03-03-2024,0
CORONAMIENTO PRESA EMBALSE CHIRONTA (EM EC),04-03-2024,0
CORONAMIENTO PRESA EMBALSE CHIRONTA (EM EC),05-03-2024,0
CORONAMIENTO PRESA EMBALSE CHIRONTA (EM EC),06-03-2024,0
CORONAMIENTO PRESA EMBALSE CHIRONTA (EM EC),07-03-2024,0
CORONAMIENTO PRESA EMBALSE CHIRONTA (EM EC),08-03-2024,0
CORONAMIENTO PRESA EMBALSE CHIRONTA (EM EC),09-03-2024,0
CORONAMIENTO PRESA EMBALSE CHIRONTA (EM EC),10-03-2024,0
CORONAMIENTO PRESA EMBALSE CHIRONTA (EM EC),11-03-2024,0
CORONAMIENTO PRESA EMBALSE CHIRONTA (EM EC),12-03-2024,0
CORONAMIENTO PRESA EMBALSE CHIRONTA (EM EC),13-03-2024,0.1
CORONAMIENTO PRESA EMBALSE CHIRONTA (EM EC),14-03-2024,0
CORONAMIENTO PRESA EMBALSE CHIRONTA (EM EC),15-03-2024,0
CORONAMIENTO PRESA EMBALSE CHIRONTA (EM EC),16-03-2024,0
CORONAMIENTO PRESA EMBALSE CHIRONTA (EM EC),17-03-2024,0
CORONAMIENTO PRESA EMBALSE CHIRONTA (EM EC),18-03-2024,0
CORONAMIENTO PRESA EMBALSE CHIRONTA (EM EC),19-03-2024,0
CORONAMIENTO PRESA EMBALSE CHIRONTA (EM EC),20-03-2024,0
CORONAMIENTO PRESA EMBALSE CHIRONTA (EM EC),21-03-2024,0
CORONAMIENTO PRESA EMBALSE CHIRONTA (EM EC),22-03-2024,0
CORONAMIENTO PRESA EMBALSE CHIRONTA (EM EC),23-03-2024,0
CORONAMIENTO PRESA EMBALSE CHIRONTA (EM EC),24-03-2024,0
CORONAMIENTO PRESA EMBALSE CHIRONTA (EM EC),25-03-2024,0
CORONAMIENTO PRESA EMBALSE CHIRONTA (EM EC),26-03-2024,0
CORONAMIENTO PRESA EMBALSE CHIRONTA (EM EC),27-03-2024,0
CORONAMIENTO PRESA EMBALSE CHIRONTA (EM EC),28-03-2024,0
CORONAMIENTO PRESA EMBALSE CHIRONTA (EM EC),29-03-2024,0
CORONAMIENTO PRESA EMBALSE CHIRONTA (EM EC),30-03-2024,0
CORONAMIENTO PRESA EMBALSE CHIRONTA (EM EC),31-03-2024,0
CORONAMIENTO PRESA EMBALSE CHIRONTA (EM EC),01-04-2024,0
CORONAMIENTO PRESA EMBALSE CHIRONTA (EM EC),02-04-2024,0
CORONAMIENTO PRESA EMBALSE CHIRONTA (EM EC),03-04-2024,0
CORONAMIENTO PRESA EMBALSE CHIRONTA (EM EC),04-04-2024,0
CORONAMIENTO PRESA EMBALSE CHIRONTA (EM EC),05-04-2024,0
CORONAMIENTO PRESA EMBALSE CHIRONTA (EM EC),06-04-2024,0
CORONAMIENTO PRESA EMBALSE CHIRONTA (EM EC),07-04-2024,0
CORONAMIENTO PRESA EMBALSE CHIRONTA (EM EC),08-04-2024,0
CORONAMIENTO PRESA EMBALSE CHIRONTA (EM EC),09-04-2024,0
CORONAMIENTO PRESA EMBALSE CHIRONTA (EM EC),10-04-2024,0
CORONAMIENTO PRESA EMBALSE CHIRONTA (EM EC),11-04-2024,0
CORONAMIENTO PRESA EMBALSE CHIRONTA (EM EC),12-04-2024,0
CORONAMIENTO PRESA EMBALSE CHIRONTA (EM EC),13-04-2024,0
CORONAMIENTO PRESA EMBALSE CHIRONTA (EM EC),14-04-2024,0
CORONAMIENTO PRESA EMBALSE CHIRONTA (EM EC),15-04-2024,0
CORONAMIENTO PRESA EMBALSE CHIRONTA (EM EC),16-04-2024,0
CORONAMIENTO PRESA EMBALSE CHIRONTA (EM EC),17-04-2024,0
CORONAMIENTO PRESA EMBALSE CHIRONTA (EM EC),18-04-2024,0
CORONAMIENTO PRESA EMBALSE CHIRONTA (EM EC),19-04-2024,0
CORONAMIENTO PRESA EMBALSE CHIRONTA (EM EC),20-04-2024,0
CORONAMIENTO PRESA EMBALSE CHIRONTA (EM EC),21-04-2024,0
CORONAMIENTO PRESA EMBALSE CHIRONTA (EM EC),22-04-2024,0
CORONAMIENTO PRESA EMBALSE CHIRONTA (EM EC),23-04-2024,0
CORONAMIENTO PRESA EMBALSE CHIRONTA (EM EC),24-04-2024,0
CORONAMIENTO PRESA EMBALSE CHIRONTA (EM EC),25-04-2024,0
CORONAMIENTO PRESA EMBALSE CHIRONTA (EM EC),26-04-2024,0
CORONAMIENTO PRESA EMBALSE CHIRONTA (EM EC),27-04-2024,0
CORONAMIENTO PRESA EMBALSE CHIRONTA (EM EC),28-04-2024,0
CORONAMIENTO PRESA EMBALSE CHIRONTA (EM EC),29-04-2024,0
CORONAMIENTO PRESA EMBALSE CHIRONTA (EM EC),30-04-2024,0
CORONAMIENTO PRESA EMBALSE CHIRONTA (EM EC),01-05-2024,0
CORONAMIENTO PRESA EMBALSE CHIRONTA (EM EC),02-05-2024,0
CORONAMIENTO PRESA EMBALSE CHIRONTA (EM EC),03-05-2024,0
CORONAMIENTO PRESA EMBALSE CHIRONTA (EM EC),04-05-2024,0
CORONAMIENTO PRESA EMBALSE CHIRONTA (EM EC),05-05-2024,0
CORONAMIENTO PRESA EMBALSE CHIRONTA (EM EC),06-05-2024,0
CORONAMIENTO PRESA EMBALSE CHIRONTA (EM EC),07-05-2024,0
CORONAMIENTO PRESA EMBALSE CHIRONTA (EM EC),08-05-2024,0
CORONAMIENTO PRESA EMBALSE CHIRONTA (EM EC),09-05-2024,0
CORONAMIENTO PRESA EMBALSE CHIRONTA (EM EC),10-05-2024,0
CORONAMIENTO PRESA EMBALSE CHIRONTA (EM EC),11-05-2024,0
CORONAMIENTO PRESA EMBALSE CHIRONTA (EM EC),12-05-2024,0
CORONAMIENTO PRESA EMBALSE CHIRONTA (EM EC),13-05-2024,0
CORONAMIENTO PRESA EMBALSE CHIRONTA (EM EC),14-05-2024,0
CORONAMIENTO PRESA EMBALSE CHIRONTA (EM EC),15-05-2024,0
CORONAMIENTO PRESA EMBALSE CHIRONTA (EM EC),16-05-2024,0
CORONAMIENTO PRESA EMBALSE CHIRONTA (EM EC),17-05-2024,0
CORONAMIENTO PRESA EMBALSE CHIRONTA (EM EC),18-05-2024,0
CORONAMIENTO PRESA EMBALSE CHIRONTA (EM EC),19-05-2024,0
CORONAMIENTO PRESA EMBALSE CHIRONTA (EM EC),20-05-2024,0
CORONAMIENTO PRESA EMBALSE CHIRONTA (EM EC),21-05-2024,0
CORONAMIENTO PRESA EMBALSE CHIRONTA (EM EC),22-05-2024,0
CORONAMIENTO PRESA EMBALSE CHIRONTA (EM EC),23-05-2024,0
CORONAMIENTO PRESA EMBALSE CHIRONTA (EM EC),24-05-2024,0
CORONAMIENTO PRESA EMBALSE CHIRONTA (EM EC),25-05-2024,0
CORONAMIENTO PRESA EMBALSE CHIRONTA (EM EC),26-05-2024,0
CORONAMIENTO PRESA EMBALSE CHIRONTA (EM EC),27-05-2024,0
CORONAMIENTO PRESA EMBALSE CHIRONTA (EM EC),28-05-2024,0
CORONAMIENTO PRESA EMBALSE CHIRONTA (EM EC),29-05-2024,0
CORONAMIENTO PRESA EMBALSE CHIRONTA (EM EC),30-05-2024,0
CORONAMIENTO PRESA EMBALSE CHIRONTA (EM EC),31-05-2024,0
CORONAMIENTO PRESA EMBALSE CHIRONTA (EM EC),01-06-2024,0
CORONAMIENTO PRESA EMBALSE CHIRONTA (EM EC),02-06-2024,0
CORONAMIENTO PRESA EMBALSE CHIRONTA (EM EC),03-06-2024,0
CORONAMIENTO PRESA EMBALSE CHIRONTA (EM EC),04-06-2024,0
CORONAMIENTO PRESA EMBALSE CHIRONTA (EM EC),05-06-2024,0
CORONAMIENTO PRESA EMBALSE CHIRONTA (EM EC),06-06-2024,0
CORONAMIENTO PRESA EMBALSE CHIRONTA (EM EC),07-06-2024,0
CORONAMIENTO PRESA EMBALSE CHIRONTA (EM EC),08-06-2024,0
CORONAMIENTO PRESA EMBALSE CHIRONTA (EM EC),09-06-2024,0
CORONAMIENTO PRESA EMBALSE CHIRONTA (EM EC),10-06-2024,0
CORONAMIENTO PRESA EMBALSE CHIRONTA (EM EC),11-06-2024,0
CORONAMIENTO PRESA EMBALSE CHIRONTA (EM EC),12-06-2024,0
CORONAMIENTO PRESA EMBALSE CHIRONTA (EM EC),13-06-2024,0
CORONAMIENTO PRESA EMBALSE CHIRONTA (EM EC),14-06-2024,0
CORONAMIENTO PRESA EMBALSE CHIRONTA (EM EC),15-06-2024,0
CORONAMIENTO PRESA EMBALSE CHIRONTA (EM EC),16-06-2024,0
CORONAMIENTO PRESA EMBALSE CHIRONTA (EM EC),17-06-2024,0
CORONAMIENTO PRESA EMBALSE CHIRONTA (EM EC),18-06-2024,0
CORONAMIENTO PRESA EMBALSE CHIRONTA (EM EC),19-06-2024,0
CORONAMIENTO PRESA EMBALSE CHIRONTA (EM EC),20-06-2024,0
CORONAMIENTO PRESA EMBALSE CHIRONTA (EM EC),21-06-2024,0
CORONAMIENTO PRESA EMBALSE CHIRONTA (EM EC),22-06-2024,0
CORONAMIENTO PRESA EMBALSE CHIRONTA (EM EC),23-06-2024,0
CORONAMIENTO PRESA EMBALSE CHIRONTA (EM EC),24-06-2024,0
CORONAMIENTO PRESA EMBALSE CHIRONTA (EM EC),25-06-2024,0
CORONAMIENTO PRESA EMBALSE CHIRONTA (EM EC),26-06-2024,0
CORONAMIENTO PRESA EMBALSE CHIRONTA (EM EC),27-06-2024,0
CORONAMIENTO PRESA EMBALSE CHIRONTA (EM EC),28-06-2024,0
CORONAMIENTO PRESA EMBALSE CHIRONTA (EM EC),29-06-2024,0
CORONAMIENTO PRESA EMBALSE CHIRONTA (EM EC),30-06-2024,0
CORONAMIENTO PRESA EMBALSE CHIRONTA (EM EC),01-07-2024,0
CORONAMIENTO PRESA EMBALSE CHIRONTA (EM EC),02-07-2024,0
CORONAMIENTO PRESA EMBALSE CHIRONTA (EM EC),03-07-2024,0
CORONAMIENTO PRESA EMBALSE CHIRONTA (EM EC),04-07-2024,0
CORONAMIENTO PRESA EMBALSE CHIRONTA (EM EC),05-07-2024,0
CORONAMIENTO PRESA EMBALSE CHIRONTA (EM EC),06-07-2024,0
CORONAMIENTO PRESA EMBALSE CHIRONTA (EM EC),07-07-2024,0
CORONAMIENTO PRESA EMBALSE CHIRONTA (EM EC),08-07-2024,0
CORONAMIENTO PRESA EMBALSE CHIRONTA (EM EC),09-07-2024,0
CORONAMIENTO PRESA EMBALSE CHIRONTA (EM EC),10-07-2024,0
CORONAMIENTO PRESA EMBALSE CHIRONTA (EM EC),11-07-2024,0
CORONAMIENTO PRESA EMBALSE CHIRONTA (EM EC),12-07-2024,0
CORONAMIENTO PRESA EMBALSE CHIRONTA (EM EC),13-07-2024,0
CORONAMIENTO PRESA EMBALSE CHIRONTA (EM EC),14-07-2024,0
CORONAMIENTO PRESA EMBALSE CHIRONTA (EM EC),15-07-2024,0
CORONAMIENTO PRESA EMBALSE CHIRONTA (EM EC),16-07-2024,0
CORONAMIENTO PRESA EMBALSE CHIRONTA (EM EC),17-07-2024,0
CORONAMIENTO PRESA EMBALSE CHIRONTA (EM EC),18-07-2024,0
CORONAMIENTO PRESA EMBALSE CHIRONTA (EM EC),19-07-2024,0
CORONAMIENTO PRESA EMBALSE CHIRONTA (EM EC),20-07-2024,0
CORONAMIENTO PRESA EMBALSE CHIRONTA (EM EC),21-07-2024,0
CORONAMIENTO PRESA EMBALSE CHIRONTA (EM EC),22-07-2024,0
CORONAMIENTO PRESA EMBALSE CHIRONTA (EM EC),23-07-2024,0
CORONAMIENTO PRESA EMBALSE CHIRONTA (EM EC),24-07-2024,0
CORONAMIENTO PRESA EMBALSE CHIRONTA (EM EC),25-07-2024,0
CORONAMIENTO PRESA EMBALSE CHIRONTA (EM EC),26-07-2024,0
CORONAMIENTO PRESA EMBALSE CHIRONTA (EM EC),27-07-2024,0
CORONAMIENTO PRESA EMBALSE CHIRONTA (EM EC),28-07-2024,0
CORONAMIENTO PRESA EMBALSE CHIRONTA (EM EC),29-07-2024,0
CORONAMIENTO PRESA EMBALSE CHIRONTA (EM EC),30-07-2024,0
CORONAMIENTO PRESA EMBALSE CHIRONTA (EM EC),31-07-2024,0
CORONAMIENTO PRESA EMBALSE CHIRONTA (EM EC),01-08-2024,0
CORONAMIENTO PRESA EMBALSE CHIRONTA (EM EC),02-08-2024,0
CORONAMIENTO PRESA EMBALSE CHIRONTA (EM EC),03-08-2024,0
CORONAMIENTO PRESA EMBALSE CHIRONTA (EM EC),04-08-2024,0
CORONAMIENTO PRESA EMBALSE CHIRONTA (EM EC),05-08-2024,0
CORONAMIENTO PRESA EMBALSE CHIRONTA (EM EC),06-08-2024,0
CORONAMIENTO PRESA EMBALSE CHIRONTA (EM EC),07-08-2024,0
CORONAMIENTO PRESA EMBALSE CHIRONTA (EM EC),08-08-2024,0
CORONAMIENTO PRESA EMBALSE CHIRONTA (EM EC),09-08-2024,0
CORONAMIENTO PRESA EMBALSE CHIRONTA (EM EC),10-08-2024,0
CORONAMIENTO PRESA EMBALSE CHIRONTA (EM EC),11-08-2024,0
CORONAMIENTO PRESA EMBALSE CHIRONTA (EM EC),12-08-2024,0
CORONAMIENTO PRESA EMBALSE CHIRONTA (EM EC),13-08-2024,0
CORONAMIENTO PRESA EMBALSE CHIRONTA (EM EC),14-08-2024,0
CORONAMIENTO PRESA EMBALSE CHIRONTA (EM EC),15-08-2024,0
CORONAMIENTO PRESA EMBALSE CHIRONTA (EM EC),16-08-2024,0
CORONAMIENTO PRESA EMBALSE CHIRONTA (EM EC),17-08-2024,0
CORONAMIENTO PRESA EMBALSE CHIRONTA (EM EC),18-08-2024,0
CORONAMIENTO PRESA EMBALSE CHIRONTA (EM EC),19-08-2024,0
CORONAMIENTO PRESA EMBALSE CHIRONTA (EM EC),20-08-2024,0
CORONAMIENTO PRESA EMBALSE CHIRONTA (EM EC),21-08-2024,0
CORONAMIENTO PRESA EMBALSE CHIRONTA (EM EC),22-08-2024,0
CORONAMIENTO PRESA EMBALSE CHIRONTA (EM EC),23-08-2024,0
CORONAMIENTO PRESA EMBALSE CHIRONTA (EM EC),24-08-2024,0
CORONAMIENTO PRESA EMBALSE CHIRONTA (EM EC),25-08-2024,0
CORONAMIENTO PRESA EMBALSE CHIRONTA (EM EC),26-08-2024,0
CORONAMIENTO PRESA EMBALSE CHIRONTA (EM EC),27-08-2024,0
CORONAMIENTO PRESA EMBALSE CHIRONTA (EM EC),28-08-2024,0
CORONAMIENTO PRESA EMBALSE CHIRONTA (EM EC),29-08-2024,0
CORONAMIENTO PRESA EMBALSE CHIRONTA (EM EC),30-08-2024,0
CORONAMIENTO PRESA EMBALSE CHIRONTA (EM EC),31-08-2024,0
CORONAMIENTO PRESA EMBALSE CHIRONTA (EM EC),01-09-2024,0
CORONAMIENTO PRESA EMBALSE CHIRONTA (EM EC),02-09-2024,0
CORONAMIENTO PRESA EMBALSE CHIRONTA (EM EC),03-09-2024,0
CORONAMIENTO PRESA EMBALSE CHIRONTA (EM EC),04-09-2024,0
CORONAMIENTO PRESA EMBALSE CHIRONTA (EM EC),05-09-2024,0
CORONAMIENTO PRESA EMBALSE CHIRONTA (EM EC),06-09-2024,0
CORONAMIENTO PRESA EMBALSE CHIRONTA (EM EC),07-09-2024,0
CORONAMIENTO PRESA EMBALSE CHIRONTA (EM EC),08-09-2024,0
CORONAMIENTO PRESA EMBALSE CHIRONTA (EM EC),09-09-2024,0
CORONAMIENTO PRESA EMBALSE CHIRONTA (EM EC),10-09-2024,0
CORONAMIENTO PRESA EMBALSE CHIRONTA (EM EC),11-09-2024,0
CORONAMIENTO PRESA EMBALSE CHIRONTA (EM EC),12-09-2024,0
CORONAMIENTO PRESA EMBALSE CHIRONTA (EM EC),13-09-2024,0
CORONAMIENTO PRESA EMBALSE CHIRONTA (EM EC),14-09-2024,0
CORONAMIENTO PRESA EMBALSE CHIRONTA (EM EC),15-09-2024,0
CORONAMIENTO PRESA EMBALSE CHIRONTA (EM EC),16-09-2024,0
CORONAMIENTO PRESA EMBALSE CHIRONTA (EM EC),17-09-2024,0
CORONAMIENTO PRESA EMBALSE CHIRONTA (EM EC),18-09-2024,0
CORONAMIENTO PRESA EMBALSE CHIRONTA (EM EC),19-09-2024,0
CORONAMIENTO PRESA EMBALSE CHIRONTA (EM EC),20-09-2024,0
CORONAMIENTO PRESA EMBALSE CHIRONTA (EM EC),21-09-2024,0
CORONAMIENTO PRESA EMBALSE CHIRONTA (EM EC),22-09-2024,0
CORONAMIENTO PRESA EMBALSE CHIRONTA (EM EC),23-09-2024,0
CORONAMIENTO PRESA EMBALSE CHIRONTA (EM EC),24-09-2024,0
CORONAMIENTO PRESA EMBALSE CHIRONTA (EM EC),25-09-2024,0
CORONAMIENTO PRESA EMBALSE CHIRONTA (EM EC),26-09-2024,0
CORONAMIENTO PRESA EMBALSE CHIRONTA (EM EC),27-09-2024,0
CORONAMIENTO PRESA EMBALSE CHIRONTA (EM EC),28-09-2024,0
CORONAMIENTO PRESA EMBALSE CHIRONTA (EM EC),29-09-2024,0
CORONAMIENTO PRESA EMBALSE CHIRONTA (EM EC),30-09-2024,0
CORONAMIENTO PRESA EMBALSE CHIRONTA (EM EC),01-10-2024,0
CORONAMIENTO PRESA EMBALSE CHIRONTA (EM EC),02-10-2024,0
CORONAMIENTO PRESA EMBALSE CHIRONTA (EM EC),03-10-2024,0
CORONAMIENTO PRESA EMBALSE CHIRONTA (EM EC),04-10-2024,0
CORONAMIENTO PRESA EMBALSE CHIRONTA (EM EC),05-10-2024,0
CORONAMIENTO PRESA EMBALSE CHIRONTA (EM EC),06-10-2024,0
CORONAMIENTO PRESA EMBALSE CHIRONTA (EM EC),07-10-2024,0
CORONAMIENTO PRESA EMBALSE CHIRONTA (EM EC),08-10-2024,0
CORONAMIENTO PRESA EMBALSE CHIRONTA (EM EC),09-10-2024,0
CORONAMIENTO PRESA EMBALSE CHIRONTA (EM EC),10-10-2024,0
CORONAMIENTO PRESA EMBALSE CHIRONTA (EM EC),11-10-2024,0
CORONAMIENTO PRESA EMBALSE CHIRONTA (EM EC),12-10-2024,0
CORONAMIENTO PRESA EMBALSE CHIRONTA (EM EC),13-10-2024,0
CORONAMIENTO PRESA EMBALSE CHIRONTA (EM EC),14-10-2024,0
CORONAMIENTO PRESA EMBALSE CHIRONTA (EM EC),15-10-2024,0
CORONAMIENTO PRESA EMBALSE CHIRONTA (EM EC),16-10-2024,0
CORONAMIENTO PRESA EMBALSE CHIRONTA (EM EC),17-10-2024,0
CORONAMIENTO PRESA EMBALSE CHIRONTA (EM EC),18-10-2024,0
CORONAMIENTO PRESA EMBALSE CHIRONTA (EM EC),19-10-2024,0
CORONAMIENTO PRESA EMBALSE CHIRONTA (EM EC),20-10-2024,0
CORONAMIENTO PRESA EMBALSE CHIRONTA (EM EC),21-10-2024,0
CORONAMIENTO PRESA EMBALSE CHIRONTA (EM EC),22-10-2024,0
CORONAMIENTO PRESA EMBALSE CHIRONTA (EM EC),23-10-2024,0
CORONAMIENTO PRESA EMBALSE CHIRONTA (EM EC),24-10-2024,0
CORONAMIENTO PRESA EMBALSE CHIRONTA (EM EC),25-10-2024,0
CORONAMIENTO PRESA EMBALSE CHIRONTA (EM EC),26-10-2024,0
CORONAMIENTO PRESA EMBALSE CHIRONTA (EM EC),27-10-2024,0
CORONAMIENTO PRESA EMBALSE CHIRONTA (EM EC),28-10-2024,0
CORONAMIENTO PRESA EMBALSE CHIRONTA (EM EC),29-10-2024,0
CORONAMIENTO PRESA EMBALSE CHIRONTA (EM EC),30-10-2024,0
CORONAMIENTO PRESA EMBALSE CHIRONTA (EM EC),31-10-2024,0
CORONAMIENTO PRESA EMBALSE CHIRONTA (EM EC),01-11-2024,0
CORONAMIENTO PRESA EMBALSE CHIRONTA (EM EC),02-11-2024,0
CORONAMIENTO PRESA EMBALSE CHIRONTA (EM EC),03-11-2024,0
CORONAMIENTO PRESA EMBALSE CHIRONTA (EM EC),04-11-2024,0
CORONAMIENTO PRESA EMBALSE CHIRONTA (EM EC),05-11-2024,0
CORONAMIENTO PRESA EMBALSE CHIRONTA (EM EC),06-11-2024,0
CORONAMIENTO PRESA EMBALSE CHIRONTA (EM EC),07-11-2024,0
CORONAMIENTO PRESA EMBALSE CHIRONTA (EM EC),08-11-2024,0
CORONAMIENTO PRESA EMBALSE CHIRONTA (EM EC),09-11-2024,0
CORONAMIENTO PRESA EMBALSE CHIRONTA (EM EC),10-11-2024,0
CORONAMIENTO PRESA EMBALSE CHIRONTA (EM EC),11-11-2024,0
CORONAMIENTO PRESA EMBALSE CHIRONTA (EM EC),12-11-2024,0
CORONAMIENTO PRESA EMBALSE CHIRONTA (EM EC),13-11-2024,0
CORONAMIENTO PRESA EMBALSE CHIRONTA (EM EC),14-11-2024,0
CORONAMIENTO PRESA EMBALSE CHIRONTA (EM EC),15-11-2024,0
CORONAMIENTO PRESA EMBALSE CHIRONTA (EM EC),16-11-2024,0
CORONAMIENTO PRESA EMBALSE CHIRONTA (EM EC),17-11-2024,0
CORONAMIENTO PRESA EMBALSE CHIRONTA (EM EC),18-11-2024,0
CORONAMIENTO PRESA EMBALSE CHIRONTA (EM EC),19-11-2024,0
CORONAMIENTO PRESA EMBALSE CHIRONTA (EM EC),20-11-2024,0
CORONAMIENTO PRESA EMBALSE CHIRONTA (EM EC),21-11-2024,0
CORONAMIENTO PRESA EMBALSE CHIRONTA (EM EC),22-11-2024,0
CORONAMIENTO PRESA EMBALSE CHIRONTA (EM EC),23-11-2024,0.4
CORONAMIENTO PRESA EMBALSE CHIRONTA (EM EC),24-11-2024,0.2
CORONAMIENTO PRESA EMBALSE CHIRONTA (EM EC),25-11-2024,0
CORONAMIENTO PRESA EMBALSE CHIRONTA (EM EC),26-11-2024,0
CORONAMIENTO PRESA EMBALSE CHIRONTA (EM EC),27-11-2024,0
CORONAMIENTO PRESA EMBALSE CHIRONTA (EM EC),28-11-2024,0
CORONAMIENTO PRESA EMBALSE CHIRONTA (EM EC),29-11-2024,0
CORONAMIENTO PRESA EMBALSE CHIRONTA (EM EC),30-11-2024,0
CORONAMIENTO PRESA EMBALSE CHIRONTA (EM EC),01-12-2024,0
CORONAMIENTO PRESA EMBALSE CHIRONTA (EM EC),02-12-2024,0
CORONAMIENTO PRESA EMBALSE CHIRONTA (EM EC),03-12-2024,0
CORONAMIENTO PRESA EMBALSE CHIRONTA (EM EC),04-12-2024,0
CORONAMIENTO PRESA EMBALSE CHIRONTA (EM EC),05-12-2024,0
CORONAMIENTO PRESA EMBALSE CHIRONTA (EM EC),06-12-2024,0
CORONAMIENTO PRESA EMBALSE CHIRONTA (EM EC),07-12-2024,0
CORONAMIENTO PRESA EMBALSE CHIRONTA (EM EC),08-12-2024,0
CORONAMIENTO PRESA EMBALSE CHIRONTA (EM EC),09-12-2024,0
CORONAMIENTO PRESA EMBALSE CHIRONTA (EM EC),10-12-2024,0
CORONAMIENTO PRESA EMBALSE CHIRONTA (EM EC),11-12-2024,0
CORONAMIENTO PRESA EMBALSE CHIRONTA (EM EC),12-12-2024,0
CORONAMIENTO PRESA EMBALSE CHIRONTA (EM EC),13-12-2024,0
CORONAMIENTO PRESA EMBALSE CHIRONTA (EM EC),14-12-2024,0
CORONAMIENTO PRESA EMBALSE CHIRONTA (EM EC),15-12-2024,0
CORONAMIENTO PRESA EMBALSE CHIRONTA (EM EC),16-12-2024,0
CORONAMIENTO PRESA EMBALSE CHIRONTA (EM EC),17-12-2024,0
CORONAMIENTO PRESA EMBALSE CHIRONTA (EM EC),18-12-2024,0
CORONAMIENTO PRESA EMBALSE CHIRONTA (EM EC),19-12-2024,0
CORONAMIENTO PRESA EMBALSE CHIRONTA (EM EC),20-12-2024,0
CORONAMIENTO PRESA EMBALSE CHIRONTA (EM EC),21-12-2024,0
CORONAMIENTO PRESA EMBALSE CHIRONTA (EM EC),22-12-2024,0
CORONAMIENTO PRESA EMBALSE CHIRONTA (EM EC),23-12-2024,0
CORONAMIENTO PRESA EMBALSE CHIRONTA (EM EC),24-12-2024,0
CORONAMIENTO PRESA EMBALSE CHIRONTA (EM EC),25-12-2024,0
CORONAMIENTO PRESA EMBALSE CHIRONTA (EM EC),26-12-2024,0
CORONAMIENTO PRESA EMBALSE CHIRONTA (EM EC),27-12-2024,0
CORONAMIENTO PRESA EMBALSE CHIRONTA (EM EC),28-12-2024,0
CORONAMIENTO PRESA EMBALSE CHIRONTA (EM EC),29-12-2024,0
CORONAMIENTO PRESA EMBALSE CHIRONTA (EM EC),30-12-2024,0
CORONAMIENTO PRESA EMBALSE CHIRONTA (EM EC),31-12-2024,0
CORONAMIENTO PRESA EMBALSE CHIRONTA (EM EC),01-01-2025,0
CORONAMIENTO PRESA EMBALSE CHIRONTA (EM EC),02-01-2025,0.5
CORONAMIENTO PRESA EMBALSE CHIRONTA (EM EC),03-01-2025,0
CORONAMIENTO PRESA EMBALSE CHIRONTA (EM EC),04-01-2025,0
CORONAMIENTO PRESA EMBALSE CHIRONTA (EM EC),05-01-2025,0.1
CORONAMIENTO PRESA EMBALSE CHIRONTA (EM EC),06-01-2025,0.1
CORONAMIENTO PRESA EMBALSE CHIRONTA (EM EC),07-01-2025,0
CORONAMIENTO PRESA EMBALSE CHIRONTA (EM EC),08-01-2025,0
CORONAMIENTO PRESA EMBALSE CHIRONTA (EM EC),09-01-2025,0
CORONAMIENTO PRESA EMBALSE CHIRONTA (EM EC),10-01-2025,0
CORONAMIENTO PRESA EMBALSE CHIRONTA (EM EC),11-01-2025,0
CORONAMIENTO PRESA EMBALSE CHIRONTA (EM EC),12-01-2025,0
CORONAMIENTO PRESA EMBALSE CHIRONTA (EM EC),13-01-2025,0
CORONAMIENTO PRESA EMBALSE CHIRONTA (EM EC),14-01-2025,0
CORONAMIENTO PRESA EMBALSE CHIRONTA (EM EC),15-01-2025,0
CORONAMIENTO PRESA EMBALSE CHIRONTA (EM EC),16-01-2025,0
CORONAMIENTO PRESA EMBALSE CHIRONTA (EM EC),17-01-2025,0
CORONAMIENTO PRESA EMBALSE CHIRONTA (EM EC),18-01-2025,0
CORONAMIENTO PRESA EMBALSE CHIRONTA (EM EC),19-01-2025,0
CORONAMIENTO PRESA EMBALSE CHIRONTA (EM EC),20-01-2025,1.1
CORONAMIENTO PRESA EMBALSE CHIRONTA (EM EC),21-01-2025,0
CORONAMIENTO PRESA EMBALSE CHIRONTA (EM EC),22-01-2025,0.2
CORONAMIENTO PRESA EMBALSE CHIRONTA (EM EC),23-01-2025,1.1
CORONAMIENTO PRESA EMBALSE CHIRONTA (EM EC),24-01-2025,0
CORONAMIENTO PRESA EMBALSE CHIRONTA (EM EC),25-01-2025,0
CORONAMIENTO PRESA EMBALSE CHIRONTA (EM EC),26-01-2025,0
CORONAMIENTO PRESA EMBALSE CHIRONTA (EM EC),27-01-2025,0
CORONAMIENTO PRESA EMBALSE CHIRONTA (EM EC),28-01-2025,0
CORONAMIENTO PRESA EMBALSE CHIRONTA (EM EC),29-01-2025,0
CORONAMIENTO PRESA EMBALSE CHIRONTA (EM EC),30-01-2025,0.7
CORONAMIENTO PRESA EMBALSE CHIRONTA (EM EC),31-01-2025,0.2
CORONAMIENTO PRESA EMBALSE CHIRONTA (EM EC),01-02-2025,0
CORONAMIENTO PRESA EMBALSE CHIRONTA (EM EC),02-02-2025,0
CORONAMIENTO PRESA EMBALSE CHIRONTA (EM EC),03-02-2025,0
CORONAMIENTO PRESA EMBALSE CHIRONTA (EM EC),04-02-2025,0
CORONAMIENTO PRESA EMBALSE CHIRONTA (EM EC),05-02-2025,0
CORONAMIENTO PRESA EMBALSE CHIRONTA (EM EC),06-02-2025,0
CORONAMIENTO PRESA EMBALSE CHIRONTA (EM EC),07-02-2025,2.2
CORONAMIENTO PRESA EMBALSE CHIRONTA (EM EC),08-02-2025,0
CORONAMIENTO PRESA EMBALSE CHIRONTA (EM EC),09-02-2025,0
CORONAMIENTO PRESA EMBALSE CHIRONTA (EM EC),10-02-2025,0.3
CORONAMIENTO PRESA EMBALSE CHIRONTA (EM EC),11-02-2025,0
CORONAMIENTO PRESA EMBALSE CHIRONTA (EM EC),12-02-2025,1.2
CORONAMIENTO PRESA EMBALSE CHIRONTA (EM EC),13-02-2025,0.4
CORONAMIENTO PRESA EMBALSE CHIRONTA (EM EC),14-02-2025,0.4
CORONAMIENTO PRESA EMBALSE CHIRONTA (EM EC),15-02-2025,1.3
CORONAMIENTO PRESA EMBALSE CHIRONTA (EM EC),16-02-2025,1.9
CORONAMIENTO PRESA EMBALSE CHIRONTA (EM EC),17-02-2025,0
CORONAMIENTO PRESA EMBALSE CHIRONTA (EM EC),18-02-2025,1.1
CORONAMIENTO PRESA EMBALSE CHIRONTA (EM EC),19-02-2025,0
CORONAMIENTO PRESA EMBALSE CHIRONTA (EM EC),20-02-2025,0
CORONAMIENTO PRESA EMBALSE CHIRONTA (EM EC),21-02-2025,0
CORONAMIENTO PRESA EMBALSE CHIRONTA (EM EC),22-02-2025,0
CORONAMIENTO PRESA EMBALSE CHIRONTA (EM EC),23-02-2025,0
CORONAMIENTO PRESA EMBALSE CHIRONTA (EM EC),24-02-2025,0
CORONAMIENTO PRESA EMBALSE CHIRONTA (EM EC),25-02-2025,0
CORONAMIENTO PRESA EMBALSE CHIRONTA (EM EC),26-02-2025,0
CORONAMIENTO PRESA EMBALSE CHIRONTA (EM EC),27-02-2025,0
CORONAMIENTO PRESA EMBALSE CHIRONTA (EM EC),28-02-2025,0
CORONAMIENTO PRESA EMBALSE CHIRONTA (EM EC),01-03-2025,0
CORONAMIENTO PRESA EMBALSE CHIRONTA (EM EC),02-03-2025,0
CORONAMIENTO PRESA EMBALSE CHIRONTA (EM EC),03-03-2025,0
CORONAMIENTO PRESA EMBALSE CHIRONTA (EM EC),04-03-2025,0
CORONAMIENTO PRESA EMBALSE CHIRONTA (EM EC),05-03-2025,0
CORONAMIENTO PRESA EMBALSE CHIRONTA (EM EC),06-03-2025,0
CORONAMIENTO PRESA EMBALSE CHIRONTA (EM EC),07-03-2025,0
CORONAMIENTO PRESA EMBALSE CHIRONTA (EM EC),08-03-2025,0
CORONAMIENTO PRESA EMBALSE CHIRONTA (EM EC),09-03-2025,0
CORONAMIENTO PRESA EMBALSE CHIRONTA (EM EC),10-03-2025,0
CORONAMIENTO PRESA EMBALSE CHIRONTA (EM EC),11-03-2025,0
CORONAMIENTO PRESA EMBALSE CHIRONTA (EM EC),12-03-2025,0
CORONAMIENTO PRESA EMBALSE CHIRONTA (EM EC),13-03-2025,0
CORONAMIENTO PRESA EMBALSE CHIRONTA (EM EC),14-03-2025,0
CORONAMIENTO PRESA EMBALSE CHIRONTA (EM EC),15-03-2025,0
CORONAMIENTO PRESA EMBALSE CHIRONTA (EM EC),16-03-2025,0
CORONAMIENTO PRESA EMBALSE CHIRONTA (EM EC),17-03-2025,0
CORONAMIENTO PRESA EMBALSE CHIRONTA (EM EC),18-03-2025,0
CORONAMIENTO PRESA EMBALSE CHIRONTA (EM EC),19-03-2025,0
CORONAMIENTO PRESA EMBALSE CHIRONTA (EM EC),20-03-2025,0
CORONAMIENTO PRESA EMBALSE CHIRONTA (EM EC),21-03-2025,0
CORONAMIENTO PRESA EMBALSE CHIRONTA (EM EC),22-03-2025,0
CORONAMIENTO PRESA EMBALSE CHIRONTA (EM EC),23-03-2025,0
CORONAMIENTO PRESA EMBALSE CHIRONTA (EM EC),24-03-2025,0
CORONAMIENTO PRESA EMBALSE CHIRONTA (EM EC),25-03-2025,0
CORONAMIENTO PRESA EMBALSE CHIRONTA (EM EC),26-03-2025,0
CORONAMIENTO PRESA EMBALSE CHIRONTA (EM EC),27-03-2025,0
CORONAMIENTO PRESA EMBALSE CHIRONTA (EM EC),28-03-2025,0
CORONAMIENTO PRESA EMBALSE CHIRONTA (EM EC),29-03-2025,0
CORONAMIENTO PRESA EMBALSE CHIRONTA (EM EC),30-03-2025,0
CORONAMIENTO PRESA EMBALSE CHIRONTA (EM EC),31-03-2025,0
CORONAMIENTO PRESA EMBALSE CHIRONTA (EM EC),01-04-2025,0
CORONAMIENTO PRESA EMBALSE CHIRONTA (EM EC),02-04-2025,0
CORONAMIENTO PRESA EMBALSE CHIRONTA (EM EC),03-04-2025,0
CORONAMIENTO PRESA EMBALSE CHIRONTA (EM EC),04-04-2025,0
CORONAMIENTO PRESA EMBALSE CHIRONTA (EM EC),05-04-2025,0
CORONAMIENTO PRESA EMBALSE CHIRONTA (EM EC),06-04-2025,0
CORONAMIENTO PRESA EMBALSE CHIRONTA (EM EC),07-04-2025,0
CORONAMIENTO PRESA EMBALSE CHIRONTA (EM EC),08-04-2025,0
CORONAMIENTO PRESA EMBALSE CHIRONTA (EM EC),09-04-2025,0
CORONAMIENTO PRESA EMBALSE CHIRONTA (EM EC),10-04-2025,0
CORONAMIENTO PRESA EMBALSE CHIRONTA (EM EC),11-04-2025,0
CORONAMIENTO PRESA EMBALSE CHIRONTA (EM EC),12-04-2025,0
CORONAMIENTO PRESA EMBALSE CHIRONTA (EM EC),13-04-2025,0
CORONAMIENTO PRESA EMBALSE CHIRONTA (EM EC),14-04-2025,0
CORONAMIENTO PRESA EMBALSE CHIRONTA (EM EC),15-04-2025,0
CORONAMIENTO PRESA EMBALSE CHIRONTA (EM EC),16-04-2025,0
CORONAMIENTO PRESA EMBALSE CHIRONTA (EM EC),17-04-2025,0
CORONAMIENTO PRESA EMBALSE CHIRONTA (EM EC),18-04-2025,0
CORONAMIENTO PRESA EMBALSE CHIRONTA (EM EC),19-04-2025,0
CORONAMIENTO PRESA EMBALSE CHIRONTA (EM EC),20-04-2025,0
CORONAMIENTO PRESA EMBALSE CHIRONTA (EM EC),21-04-2025,0
CORONAMIENTO PRESA EMBALSE CHIRONTA (EM EC),22-04-2025,0
CORONAMIENTO PRESA EMBALSE CHIRONTA (EM EC),23-04-2025,0
CORONAMIENTO PRESA EMBALSE CHIRONTA (EM EC),24-04-2025,0
CORONAMIENTO PRESA EMBALSE CHIRONTA (EM EC),25-04-2025,0
CORONAMIENTO PRESA EMBALSE CHIRONTA (EM EC),26-04-2025,0
CORONAMIENTO PRESA EMBALSE CHIRONTA (EM EC),27-04-2025,0
CORONAMIENTO PRESA EMBALSE CHIRONTA (EM EC),28-04-2025,0
CORONAMIENTO PRESA EMBALSE CHIRONTA (EM EC),29-04-2025,0
CORONAMIENTO PRESA EMBALSE CHIRONTA (EM EC),30-04-2025,0
CORONAMIENTO PRESA EMBALSE CHIRONTA (EM EC),01-05-2025,0
CORONAMIENTO PRESA EMBALSE CHIRONTA (EM EC),02-05-2025,0
CORONAMIENTO PRESA EMBALSE CHIRONTA (EM EC),03-05-2025,0
CORONAMIENTO PRESA EMBALSE CHIRONTA (EM EC),04-05-2025,0
CORONAMIENTO PRESA EMBALSE CHIRONTA (EM EC),05-05-2025,0
CORONAMIENTO PRESA EMBALSE CHIRONTA (EM EC),06-05-2025,0
CORONAMIENTO PRESA EMBALSE CHIRONTA (EM EC),07-05-2025,0
CORONAMIENTO PRESA EMBALSE CHIRONTA (EM EC),08-05-2025,0
CORONAMIENTO PRESA EMBALSE CHIRONTA (EM EC),09-05-2025,0
CORONAMIENTO PRESA EMBALSE CHIRONTA (EM EC),10-05-2025,0
CORONAMIENTO PRESA EMBALSE CHIRONTA (EM EC),11-05-2025,0
CORONAMIENTO PRESA EMBALSE CHIRONTA (EM EC),12-05-2025,0
CORONAMIENTO PRESA EMBALSE CHIRONTA (EM EC),13-05-2025,0
CORONAMIENTO PRESA EMBALSE CHIRONTA (EM EC),14-05-2025,0
CORONAMIENTO PRESA EMBALSE CHIRONTA (EM EC),15-05-2025,0
CORONAMIENTO PRESA EMBALSE CHIRONTA (EM EC),16-05-2025,0
CORONAMIENTO PRESA EMBALSE CHIRONTA (EM EC),17-05-2025,0
CORONAMIENTO PRESA EMBALSE CHIRONTA (EM EC),18-05-2025,0
CORONAMIENTO PRESA EMBALSE CHIRONTA (EM EC),19-05-2025,0
CORONAMIENTO PRESA EMBALSE CHIRONTA (EM EC),20-05-2025,0
CORONAMIENTO PRESA EMBALSE CHIRONTA (EM EC),21-05-2025,0
CORONAMIENTO PRESA EMBALSE CHIRONTA (EM EC),22-05-2025,0
CORONAMIENTO PRESA EMBALSE CHIRONTA (EM EC),23-05-2025,0
CORONAMIENTO PRESA EMBALSE CHIRONTA (EM EC),24-05-2025,0
CORONAMIENTO PRESA EMBALSE CHIRONTA (EM EC),25-05-2025,0
CORONAMIENTO PRESA EMBALSE CHIRONTA (EM EC),26-05-2025,0
CORONAMIENTO PRESA EMBALSE CHIRONTA (EM EC),27-05-2025,0
CORONAMIENTO PRESA EMBALSE CHIRONTA (EM EC),28-05-2025,0
CORONAMIENTO PRESA EMBALSE CHIRONTA (EM EC),29-05-2025,0
CORONAMIENTO PRESA EMBALSE CHIRONTA (EM EC),30-05-2025,0
CORONAMIENTO PRESA EMBALSE CHIRONTA (EM EC),31-05-2025,0
CORONAMIENTO PRESA EMBALSE CHIRONTA (EM EC),01-06-2025,0
CORONAMIENTO PRESA EMBALSE CHIRONTA (EM EC),02-06-2025,0
CORONAMIENTO PRESA EMBALSE CHIRONTA (EM EC),03-06-2025,0
CORONAMIENTO PRESA EMBALSE CHIRONTA (EM EC),04-06-2025,0
CORONAMIENTO PRESA EMBALSE CHIRONTA (EM EC),05-06-2025,0
CORONAMIENTO PRESA EMBALSE CHIRONTA (EM EC),06-06-2025,0
CORONAMIENTO PRESA EMBALSE CHIRONTA (EM EC),07-06-2025,0
CORONAMIENTO PRESA EMBALSE CHIRONTA (EM EC),08-06-2025,0
CORONAMIENTO PRESA EMBALSE CHIRONTA (EM EC),09-06-2025,0
CORONAMIENTO PRESA EMBALSE CHIRONTA (EM EC),10-06-2025,0
CORONAMIENTO PRESA EMBALSE CHIRONTA (EM EC),11-06-2025,0
CORONAMIENTO PRESA EMBALSE CHIRONTA (EM EC),12-06-2025,0
CORONAMIENTO PRESA EMBALSE CHIRONTA (EM EC),13-06-2025,0
CORONAMIENTO PRESA EMBALSE CHIRONTA (EM EC),14-06-2025,0
CORONAMIENTO PRESA EMBALSE CHIRONTA (EM EC),15-06-2025,0
CORONAMIENTO PRESA EMBALSE CHIRONTA (EM EC),16-06-2025,0
CORONAMIENTO PRESA EMBALSE CHIRONTA (EM EC),17-06-2025,0
CORONAMIENTO PRESA EMBALSE CHIRONTA (EM EC),18-06-2025,0
CORONAMIENTO PRESA EMBALSE CHIRONTA (EM EC),19-06-2025,0
CORONAMIENTO PRESA EMBALSE CHIRONTA (EM EC),20-06-2025,0
CORONAMIENTO PRESA EMBALSE CHIRONTA (EM EC),21-06-2025,0
CORONAMIENTO PRESA EMBALSE CHIRONTA (EM EC),22-06-2025,0
CORONAMIENTO PRESA EMBALSE CHIRONTA (EM EC),23-06-2025,0
CORONAMIENTO PRESA EMBALSE CHIRONTA (EM EC),24-06-2025,0
CORONAMIENTO PRESA EMBALSE CHIRONTA (EM EC),25-06-2025,0
CORONAMIENTO PRESA EMBALSE CHIRONTA (EM EC),26-06-2025,0
CORONAMIENTO PRESA EMBALSE CHIRONTA (EM EC),27-06-2025,0
CORONAMIENTO PRESA EMBALSE CHIRONTA (EM EC),28-06-2025,0
CORONAMIENTO PRESA EMBALSE CHIRONTA (EM EC),29-06-2025,0
CORONAMIENTO PRESA EMBALSE CHIRONTA (EM EC),30-06-2025,0
CORONAMIENTO PRESA EMBALSE CHIRONTA (EM EC),01-07-2025,0
CORONAMIENTO PRESA EMBALSE CHIRONTA (EM EC),02-07-2025,0
CORONAMIENTO PRESA EMBALSE CHIRONTA (EM EC),03-07-2025,0
CORONAMIENTO PRESA EMBALSE CHIRONTA (EM EC),04-07-2025,0
CORONAMIENTO PRESA EMBALSE CHIRONTA (EM EC),05-07-2025,0
CORONAMIENTO PRESA EMBALSE CHIRONTA (EM EC),06-07-2025,0
CORONAMIENTO PRESA EMBALSE CHIRONTA (EM EC),07-07-2025,0
CORONAMIENTO PRESA EMBALSE CHIRONTA (EM EC),08-07-2025,0
CORONAMIENTO PRESA EMBALSE CHIRONTA (EM EC),09-07-2025,0
CORONAMIENTO PRESA EMBALSE CHIRONTA (EM EC),10-07-2025,0
CORONAMIENTO PRESA EMBALSE CHIRONTA (EM EC),11-07-2025,0
CORONAMIENTO PRESA EMBALSE CHIRONTA (EM EC),12-07-2025,0
CORONAMIENTO PRESA EMBALSE CHIRONTA (EM EC),13-07-2025,0
CORONAMIENTO PRESA EMBALSE CHIRONTA (EM EC),14-07-2025,0
CORONAMIENTO PRESA EMBALSE CHIRONTA (EM EC),15-07-2025,0
CORONAMIENTO PRESA EMBALSE CHIRONTA (EM EC),16-07-2025,0
CORONAMIENTO PRESA EMBALSE CHIRONTA (EM EC),17-07-2025,0
CORONAMIENTO PRESA EMBALSE CHIRONTA (EM EC),18-07-2025,0
CORONAMIENTO PRESA EMBALSE CHIRONTA (EM EC),19-07-2025,0
CORONAMIENTO PRESA EMBALSE CHIRONTA (EM EC),20-07-2025,0
CORONAMIENTO PRESA EMBALSE CHIRONTA (EM EC),21-07-2025,0
CORONAMIENTO PRESA EMBALSE CHIRONTA (EM EC),22-07-2025,0
CORONAMIENTO PRESA EMBALSE CHIRONTA (EM EC),23-07-2025,0
CORONAMIENTO PRESA EMBALSE CHIRONTA (EM EC),24-07-2025,0
CORONAMIENTO PRESA EMBALSE CHIRONTA (EM EC),25-07-2025,0
CORONAMIENTO PRESA EMBALSE CHIRONTA (EM EC),26-07-2025,0
CORONAMIENTO PRESA EMBALSE CHIRONTA (EM EC),27-07-2025,0
CORONAMIENTO PRESA EMBALSE CHIRONTA (EM EC),28-07-2025,0
CORONAMIENTO PRESA EMBALSE CHIRONTA (EM EC),29-07-2025,0
CORONAMIENTO PRESA EMBALSE CHIRONTA (EM EC),30-07-2025,0
CORONAMIENTO PRESA EMBALSE CHIRONTA (EM EC),31-07-2025,0
CORONAMIENTO PRESA EMBALSE CHIRONTA (EM EC),01-08-2025,0
CORONAMIENTO PRESA EMBALSE CHIRONTA (EM EC),02-08-2025,0
CORONAMIENTO PRESA EMBALSE CHIRONTA (EM EC),03-08-2025,0
CORONAMIENTO PRESA EMBALSE CHIRONTA (EM EC),04-08-2025,0
CORONAMIENTO PRESA EMBALSE CHIRONTA (EM EC),05-08-2025,0
CORONAMIENTO PRESA EMBALSE CHIRONTA (EM EC),06-08-2025,0
CORONAMIENTO PRESA EMBALSE CHIRONTA (EM EC),07-08-2025,0
CORONAMIENTO PRESA EMBALSE CHIRONTA (EM EC),08-08-2025,0
CORONAMIENTO PRESA EMBALSE CHIRONTA (EM EC),09-08-2025,0
CORONAMIENTO PRESA EMBALSE CHIRONTA (EM EC),10-08-2025,0
CORONAMIENTO PRESA EMBALSE CHIRONTA (EM EC),11-08-2025,0
CORONAMIENTO PRESA EMBALSE CHIRONTA (EM EC),12-08-2025,0
CORONAMIENTO PRESA EMBALSE CHIRONTA (EM EC),13-08-2025,0
CORONAMIENTO PRESA EMBALSE CHIRONTA (EM EC),14-08-2025,0
CORONAMIENTO PRESA EMBALSE CHIRONTA (EM EC),15-08-2025,0
CORONAMIENTO PRESA EMBALSE CHIRONTA (EM EC),16-08-2025,0
CORONAMIENTO PRESA EMBALSE CHIRONTA (EM EC),17-08-2025,0
CORONAMIENTO PRESA EMBALSE CHIRONTA (EM EC),18-08-2025,0
CORONAMIENTO PRESA EMBALSE CHIRONTA (EM EC),19-08-2025,0
CORONAMIENTO PRESA EMBALSE CHIRONTA (EM EC),20-08-2025,0
CORONAMIENTO PRESA EMBALSE CHIRONTA (EM EC),21-08-2025,0
CORONAMIENTO PRESA EMBALSE CHIRONTA (EM EC),22-08-2025,0
CORONAMIENTO PRESA EMBALSE CHIRONTA (EM EC),23-08-2025,0
CORONAMIENTO PRESA EMBALSE CHIRONTA (EM EC),24-08-2025,0
CORONAMIENTO PRESA EMBALSE CHIRONTA (EM EC),25-08-2025,0
CORONAMIENTO PRESA EMBALSE CHIRONTA (EM EC),26-08-2025,0
CORONAMIENTO PRESA EMBALSE CHIRONTA (EM EC),27-08-2025,0
CORONAMIENTO PRESA EMBALSE CHIRONTA (EM EC),28-08-2025,0
CORONAMIENTO PRESA EMBALSE CHIRONTA (EM EC),29-08-2025,0
CORONAMIENTO PRESA EMBALSE CHIRONTA (EM EC),30-08-2025,0
CORONAMIENTO PRESA EMBALSE CHIRONTA (EM EC),31-08-2025,0
CORONAMIENTO PRESA EMBALSE CHIRONTA (EM EC),01-09-2025,0
CORONAMIENTO PRESA EMBALSE CHIRONTA (EM EC),02-09-2025,0
CORONAMIENTO PRESA EMBALSE CHIRONTA (EM EC),03-09-2025,0
CORONAMIENTO PRESA EMBALSE CHIRONTA (EM EC),04-09-2025,0
CORONAMIENTO PRESA EMBALSE CHIRONTA (EM EC),05-09-2025,0
CORONAMIENTO PRESA EMBALSE CHIRONTA (EM EC),06-09-2025,0
CORONAMIENTO PRESA EMBALSE CHIRONTA (EM EC),07-09-2025,0
CORONAMIENTO PRESA EMBALSE CHIRONTA (EM EC),08-09-2025,0
CORONAMIENTO PRESA EMBALSE CHIRONTA (EM EC),09-09-2025,0
CORONAMIENTO PRESA EMBALSE CHIRONTA (EM EC),10-09-2025,0
CORONAMIENTO PRESA EMBALSE CHIRONTA (EM EC),11-09-2025,0
CORONAMIENTO PRESA EMBALSE CHIRONTA (EM EC),12-09-2025,0
CORONAMIENTO PRESA EMBALSE CHIRONTA (EM EC),13-09-2025,0
CORONAMIENTO PRESA EMBALSE CHIRONTA (EM EC),14-09-2025,0
CORONAMIENTO PRESA EMBALSE CHIRONTA (EM EC),15-09-2025,0
CORONAMIENTO PRESA EMBALSE CHIRONTA (EM EC),16-09-2025,0
CORONAMIENTO PRESA EMBALSE CHIRONTA (EM EC),17-09-2025,0
CORONAMIENTO PRESA EMBALSE CHIRONTA (EM EC),18-09-2025,0
CORONAMIENTO PRESA EMBALSE CHIRONTA (EM EC),19-09-2025,0
CORONAMIENTO PRESA EMBALSE CHIRONTA (EM EC),20-09-2025,0
CORONAMIENTO PRESA EMBALSE CHIRONTA (EM EC),21-09-2025,0
CORONAMIENTO PRESA EMBALSE CHIRONTA (EM EC),22-09-2025,0
CORONAMIENTO PRESA EMBALSE CHIRONTA (EM EC),23-09-2025,0
CORONAMIENTO PRESA EMBALSE CHIRONTA (EM EC),24-09-2025,0
CORONAMIENTO PRESA EMBALSE CHIRONTA (EM EC),25-09-2025,0
CORONAMIENTO PRESA EMBALSE CHIRONTA (EM EC),26-09-2025,0
CORONAMIENTO PRESA EMBALSE CHIRONTA (EM EC),27-09-2025,0
CORONAMIENTO PRESA EMBALSE CHIRONTA (EM EC),28-09-2025,0
CORONAMIENTO PRESA EMBALSE CHIRONTA (EM EC),29-09-2025,0
CORONAMIENTO PRESA EMBALSE CHIRONTA (EM EC),30-09-2025,0
CORONAMIENTO PRESA EMBALSE CHIRONTA (EM EC),01-10-2025,0
CORONAMIENTO PRESA EMBALSE CHIRONTA (EM EC),02-10-2025,0
CORONAMIENTO PRESA EMBALSE CHIRONTA (EM EC),03-10-2025,0
CORONAMIENTO PRESA EMBALSE CHIRONTA (EM EC),04-10-2025,0
CORONAMIENTO PRESA EMBALSE CHIRONTA (EM EC),05-10-2025,0
CORONAMIENTO PRESA EMBALSE CHIRONTA (EM EC),06-10-2025,0
CORONAMIENTO PRESA EMBALSE CHIRONTA (EM EC),07-10-2025,0
CORONAMIENTO PRESA EMBALSE CHIRONTA (EM EC),08-10-2025,0
CORONAMIENTO PRESA EMBALSE CHIRONTA (EM EC),09-10-2025,0
CORONAMIENTO PRESA EMBALSE CHIRONTA (EM EC),10-10-2025,0
CORONAMIENTO PRESA EMBALSE CHIRONTA (EM EC),11-10-2025,0
CORONAMIENTO PRESA EMBALSE CHIRONTA (EM EC),12-10-2025,0
CORONAMIENTO PRESA EMBALSE CHIRONTA (EM EC),13-10-2025,0
CORONAMIENTO PRESA EMBALSE CHIRONTA (EM EC),14-10-2025,0
CORONAMIENTO PRESA EMBALSE CHIRONTA (EM EC),15-10-2025,0
CORONAMIENTO PRESA EMBALSE CHIRONTA (EM EC),16-10-2025,0
CORONAMIENTO PRESA EMBALSE CHIRONTA (EM EC),17-10-2025,0
CORONAMIENTO PRESA EMBALSE CHIRONTA (EM EC),18-10-2025,0
CORONAMIENTO PRESA EMBALSE CHIRONTA (EM EC),19-10-2025,0
CORONAMIENTO PRESA EMBALSE CHIRONTA (EM EC),20-10-2025,0
CORONAMIENTO PRESA EMBALSE CHIRONTA (EM EC),21-10-2025,0
CORONAMIENTO PRESA EMBALSE CHIRONTA (EM EC),22-10-2025,0
CORONAMIENTO PRESA EMBALSE CHIRONTA (EM EC),23-10-2025,0
CORONAMIENTO PRESA EMBALSE CHIRONTA (EM EC),24-10-2025,0
CORONAMIENTO PRESA EMBALSE CHIRONTA (EM EC),25-10-2025,0
CORONAMIENTO PRESA EMBALSE CHIRONTA (EM EC),26-10-2025,0
CORONAMIENTO PRESA EMBALSE CHIRONTA (EM EC),27-10-2025,0
CORONAMIENTO PRESA EMBALSE CHIRONTA (EM EC),28-10-2025,0
CORONAMIENTO PRESA EMBALSE CHIRONTA (EM EC),29-10-2025,0
CORONAMIENTO PRESA EMBALSE CHIRONTA (EM EC),30-10-2025,0
CORONAMIENTO PRESA EMBALSE CHIRONTA (EM EC),31-10-2025,0
CORONAMIENTO PRESA EMBALSE CHIRONTA (EM EC),01-11-2025,0
CORONAMIENTO PRESA EMBALSE CHIRONTA (EM EC),02-11-2025,0
CORONAMIENTO PRESA EMBALSE CHIRONTA (EM EC),03-11-2025,0
CORONAMIENTO PRESA EMBALSE CHIRONTA (EM EC),04-11-2025,0
CORONAMIENTO PRESA EMBALSE CHIRONTA (EM EC),05-11-2025,0
CORONAMIENTO PRESA EMBALSE CHIRONTA (EM EC),06-11-2025,0
CORONAMIENTO PRESA EMBALSE CHIRONTA (EM EC),07-11-2025,0
CORONAMIENTO PRESA EMBALSE CHIRONTA (EM EC),08-11-2025,0
CORONAMIENTO PRESA EMBALSE CHIRONTA (EM EC),09-11-2025,0
CORONAMIENTO PRESA EMBALSE CHIRONTA (EM EC),10-11-2025,0
CORONAMIENTO PRESA EMBALSE CHIRONTA (EM EC),11-11-2025,0
CORONAMIENTO PRESA EMBALSE CHIRONTA (EM EC),12-11-2025,0
CORONAMIENTO PRESA EMBALSE CHIRONTA (EM EC),13-11-2025,0
CORONAMIENTO PRESA EMBALSE CHIRONTA (EM EC),14-11-2025,0
CORONAMIENTO PRESA EMBALSE CHIRONTA (EM EC),15-11-2025,0
CORONAMIENTO PRESA EMBALSE CHIRONTA (EM EC),16-11-2025,0
CORONAMIENTO PRESA EMBALSE CHIRONTA (EM EC),17-11-2025,0
CORONAMIENTO PRESA EMBALSE CHIRONTA (EM EC),18-11-2025,0
CORONAMIENTO PRESA EMBALSE CHIRONTA (EM EC),19-11-2025,0
CORONAMIENTO PRESA EMBALSE CHIRONTA (EM EC),20-11-2025,0
CORONAMIENTO PRESA EMBALSE CHIRONTA (EM EC),21-11-2025,0
CORONAMIENTO PRESA EMBALSE CHIRONTA (EM EC),22-11-2025,0
CORONAMIENTO PRESA EMBALSE CHIRONTA (EM EC),23-11-2025,0
CORONAMIENTO PRESA EMBALSE CHIRONTA (EM EC),24-11-2025,0
CORONAMIENTO PRESA EMBALSE CHIRONTA (EM EC),25-11-2025,0
CORONAMIENTO PRESA EMBALSE CHIRONTA (EM EC),26-11-2025,0
CORONAMIENTO PRESA EMBALSE CHIRONTA (EM EC),27-11-2025,0
CORONAMIENTO PRESA EMBALSE CHIRONTA (EM EC),28-11-2025,0
CORONAMIENTO PRESA EMBALSE CHIRONTA (EM EC),29-11-2025,0
CORONAMIENTO PRESA EMBALSE CHIRONTA (EM EC),30-11-2025,0
CORONAMIENTO PRESA EMBALSE CHIRONTA (EM EC),01-12-2025,0
CORONAMIENTO PRESA EMBALSE CHIRONTA (EM EC),02-12-2025,0
CORONAMIENTO PRESA EMBALSE CHIRONTA (EM EC),03-12-2025,0
CORONAMIENTO PRESA EMBALSE CHIRONTA (EM EC),04-12-2025,0
CORONAMIENTO PRESA EMBALSE CHIRONTA (EM EC),05-12-2025,0
CORONAMIENTO PRESA EMBALSE CHIRONTA (EM EC),06-12-2025,0
CORONAMIENTO PRESA EMBALSE CHIRONTA (EM EC),07-12-2025,0
CORONAMIENTO PRESA EMBALSE CHIRONTA (EM EC),08-12-2025,0
CORONAMIENTO PRESA EMBALSE CHIRONTA (EM EC),09-12-2025,0
CORONAMIENTO PRESA EMBALSE CHIRONTA (EM EC),10-12-2025,0
CORONAMIENTO PRESA EMBALSE CHIRONTA (EM EC),11-12-2025,0
CORONAMIENTO PRESA EMBALSE CHIRONTA (EM EC),12-12-2025,0
CORONAMIENTO PRESA EMBALSE CHIRONTA (EM EC),13-12-2025,0
CORONAMIENTO PRESA EMBALSE CHIRONTA (EM EC),14-12-2025,0
CORONAMIENTO PRESA EMBALSE CHIRONTA (EM EC),15-12-2025,0
CORONAMIENTO PRESA EMBALSE CHIRONTA (EM EC),16-12-2025,0
CORONAMIENTO PRESA EMBALSE CHIRONTA (EM EC),17-12-2025,0
CORONAMIENTO PRESA EMBALSE CHIRONTA (EM EC),18-12-2025,0
CORONAMIENTO PRESA EMBALSE CHIRONTA (EM EC),19-12-2025,0
CORONAMIENTO PRESA EMBALSE CHIRONTA (EM EC),20-12-2025,0
CORONAMIENTO PRESA EMBALSE CHIRONTA (EM EC),21-12-2025,0
CORONAMIENTO PRESA EMBALSE CHIRONTA (EM EC),22-12-2025,0
CORONAMIENTO PRESA EMBALSE CHIRONTA (EM EC),23-12-2025,0
CORONAMIENTO PRESA EMBALSE CHIRONTA (EM EC),24-12-2025,0
CORONAMIENTO PRESA EMBALSE CHIRONTA (EM EC),25-12-2025,0
CORONAMIENTO PRESA EMBALSE CHIRONTA (EM EC),26-12-2025,0
CORONAMIENTO PRESA EMBALSE CHIRONTA (EM EC),27-12-2025,0
CORONAMIENTO PRESA EMBALSE CHIRONTA (EM EC),28-12-2025,0
CORONAMIENTO PRESA EMBALSE CHIRONTA (EM EC),29-12-2025,0
CORONAMIENTO PRESA EMBALSE CHIRONTA (EM EC),30-12-2025,0
CORONAMIENTO PRESA EMBALSE CHIRONTA (EM EC),31-12-2025,0
CORONAMIENTO PRESA EMBALSE CHIRONTA (EM EC),01-01-2026,0
CORONAMIENTO PRESA EMBALSE CHIRONTA (EM EC),02-01-2026,0
CORONAMIENTO PRESA EMBALSE CHIRONTA (EM EC),03-01-2026,0
CORONAMIENTO PRESA EMBALSE CHIRONTA (EM EC),04-01-2026,0
CORONAMIENTO PRESA EMBALSE CHIRONTA (EM EC),05-01-2026,0
CORONAMIENTO PRESA EMBALSE CHIRONTA (EM EC),06-01-2026,0
CORONAMIENTO PRESA EMBALSE CHIRONTA (EM EC),07-01-2026,0
CORONAMIENTO PRESA EMBALSE CHIRONTA (EM EC),08-01-2026,0
CORONAMIENTO PRESA EMBALSE CHIRONTA (EM EC),09-01-2026,0
CORONAMIENTO PRESA EMBALSE CHIRONTA (EM EC),10-01-2026,0
CORONAMIENTO PRESA EMBALSE CHIRONTA (EM EC),11-01-2026,0
CORONAMIENTO PRESA EMBALSE CHIRONTA (EM EC),12-01-2026,0
CORONAMIENTO PRESA EMBALSE CHIRONTA (EM EC),13-01-2026,0
CORONAMIENTO PRESA EMBALSE CHIRONTA (EM EC),14-01-2026,0.4
CORONAMIENTO PRESA EMBALSE CHIRONTA (EM EC),15-01-2026,0
CORONAMIENTO PRESA EMBALSE CHIRONTA (EM EC),16-01-2026,0
CORONAMIENTO PRESA EMBALSE CHIRONTA (EM EC),17-01-2026,0
CORONAMIENTO PRESA EMBALSE CHIRONTA (EM EC),18-01-2026,0
CORONAMIENTO PRESA EMBALSE CHIRONTA (EM EC),19-01-2026,0.1
CORONAMIENTO PRESA EMBALSE CHIRONTA (EM EC),20-01-2026,1.8
CORONAMIENTO PRESA EMBALSE CHIRONTA (EM EC),21-01-2026,0.3
CORONAMIENTO PRESA EMBALSE CHIRONTA (EM EC),22-01-2026,0.7
CORONAMIENTO PRESA EMBALSE CHIRONTA (EM EC),23-01-2026,0
CORONAMIENTO PRESA EMBALSE CHIRONTA (EM EC),24-01-2026,0
CORONAMIENTO PRESA EMBALSE CHIRONTA (EM EC),25-01-2026,0
CORONAMIENTO PRESA EMBALSE CHIRONTA (EM EC),26-01-2026,0
CORONAMIENTO PRESA EMBALSE CHIRONTA (EM EC),27-01-2026,0.4
CORONAMIENTO PRESA EMBALSE CHIRONTA (EM EC),28-01-2026,1.2
CORONAMIENTO PRESA EMBALSE CHIRONTA (EM EC),29-01-2026,0.7
CORONAMIENTO PRESA EMBALSE CHIRONTA (EM EC),30-01-2026,0
CORONAMIENTO PRESA EMBALSE CHIRONTA (EM EC),31-01-2026,0
CORONAMIENTO PRESA EMBALSE CHIRONTA (EM EC),01-02-2026,0
CORONAMIENTO PRESA EMBALSE CHIRONTA (EM EC),02-02-2026,0
CORONAMIENTO PRESA EMBALSE CHIRONTA (EM EC),03-02-2026,0
CORONAMIENTO PRESA EMBALSE CHIRONTA (EM EC),04-02-2026,0.5
CORONAMIENTO PRESA EMBALSE CHIRONTA (EM EC),05-02-2026,0
CORONAMIENTO PRESA EMBALSE CHIRONTA (EM EC),06-02-2026,0
CORONAMIENTO PRESA EMBALSE CHIRONTA (EM EC),07-02-2026,0
CORONAMIENTO PRESA EMBALSE CHIRONTA (EM EC),08-02-2026,0.1
CORONAMIENTO PRESA EMBALSE CHIRONTA (EM EC),09-02-2026,0
CORONAMIENTO PRESA EMBALSE CHIRONTA (EM EC),10-02-2026,0
CORONAMIENTO PRESA EMBALSE CHIRONTA (EM EC),11-02-2026,2.9
CORONAMIENTO PRESA EMBALSE CHIRONTA (EM EC),12-02-2026,0.1
CORONAMIENTO PRESA EMBALSE CHIRONTA (EM EC),13-02-2026,0.1
CORONAMIENTO PRESA EMBALSE CHIRONTA (EM EC),14-02-2026,0
CORONAMIENTO PRESA EMBALSE CHIRONTA (EM EC),15-02-2026,1.7
CORONAMIENTO PRESA EMBALSE CHIRONTA (EM EC),16-02-2026,0.2
CORONAMIENTO PRESA EMBALSE CHIRONTA (EM EC),17-02-2026,1.4
CORONAMIENTO PRESA EMBALSE CHIRONTA (EM EC),18-02-2026,0
CORONAMIENTO PRESA EMBALSE CHIRONTA (EM EC),19-02-2026,0
CORONAMIENTO PRESA EMBALSE CHIRONTA (EM EC),20-02-2026,0
CORONAMIENTO PRESA EMBALSE CHIRONTA (EM EC),21-02-2026,0
CORONAMIENTO PRESA EMBALSE CHIRONTA (EM EC),22-02-2026,0
CORONAMIENTO PRESA EMBALSE CHIRONTA (EM EC),23-02-2026,0
CORONAMIENTO PRESA EMBALSE CHIRONTA (EM EC),24-02-2026,0
CORONAMIENTO PRESA EMBALSE CHIRONTA (EM EC),25-02-2026,0
CORONAMIENTO PRESA EMBALSE CHIRONTA (EM EC),26-02-2026,0
CORONAMIENTO PRESA EMBALSE CHIRONTA (EM EC),27-02-2026,0
CORONAMIENTO PRESA EMBALSE CHIRONTA (EM EC),28-02-2026,0
CORONAMIENTO PRESA EMBALSE CHIRONTA (EM EC),01-03-2026,0
CORONAMIENTO PRESA EMBALSE CHIRONTA (EM EC),02-03-2026,0
CORONAMIENTO PRESA EMBALSE CHIRONTA (EM EC),03-03-2026,0
CORONAMIENTO PRESA EMBALSE CHIRONTA (EM EC),04-03-2026,0
CORONAMIENTO PRESA EMBALSE CHIRONTA (EM EC),05-03-2026,0
CORONAMIENTO PRESA EMBALSE CHIRONTA (EM EC),06-03-2026,0
CORONAMIENTO PRESA EMBALSE CHIRONTA (EM EC),07-03-2026,0
CORONAMIENTO PRESA EMBALSE CHIRONTA (EM EC),08-03-2026,0
CORONAMIENTO PRESA EMBALSE CHIRONTA (EM EC),09-03-2026,0
CORONAMIENTO PRESA EMBALSE CHIRONTA (EM EC),10-03-2026,0
CORONAMIENTO PRESA EMBALSE CHIRONTA (EM EC),11-03-2026,0
CORONAMIENTO PRESA EMBALSE CHIRONTA (EM EC),12-03-2026,0
CORONAMIENTO PRESA EMBALSE CHIRONTA (EM EC),13-03-2026,0
CORONAMIENTO PRESA EMBALSE CHIRONTA (EM EC),14-03-2026,0
CORONAMIENTO PRESA EMBALSE CHIRONTA (EM EC),15-03-2026,0
CORONAMIENTO PRESA EMBALSE CHIRONTA (EM EC),16-03-2026,0
CORONAMIENTO PRESA EMBALSE CHIRONTA (EM EC),17-03-2026,0
CORONAMIENTO PRESA EMBALSE CHIRONTA (EM EC),18-03-2026,0
CORONAMIENTO PRESA EMBALSE CHIRONTA (EM EC),19-03-2026,0
CORONAMIENTO PRESA EMBALSE CHIRONTA (EM EC),20-03-2026,0
CORONAMIENTO PRESA EMBALSE CHIRONTA (EM EC),21-03-2026,0
CORONAMIENTO PRESA EMBALSE CHIRONTA (EM EC),22-03-2026,0
CORONAMIENTO PRESA EMBALSE CHIRONTA (EM EC),23-03-2026,0
CORONAMIENTO PRESA EMBALSE CHIRONTA (EM EC),24-03-2026,0
CORONAMIENTO PRESA EMBALSE CHIRONTA (EM EC),25-03-2026,0
CORONAMIENTO PRESA EMBALSE CHIRONTA (EM EC),26-03-2026,0
CORONAMIENTO PRESA EMBALSE CHIRONTA (EM EC),27-03-2026,0
CORONAMIENTO PRESA EMBALSE CHIRONTA (EM EC),28-03-2026,0
CORONAMIENTO PRESA EMBALSE CHIRONTA (EM EC),29-03-2026,0
CORONAMIENTO PRESA EMBALSE CHIRONTA (EM EC),30-03-2026,0
CORONAMIENTO PRESA EMBALSE CHIRONTA (EM EC),31-03-2026,0
CORONAMIENTO PRESA EMBALSE CHIRONTA (EM EC),01-04-2026,0
CORONAMIENTO PRESA EMBALSE CHIRONTA (EM EC),02-04-2026,0
CORONAMIENTO PRESA EMBALSE CHIRONTA (EM EC),03-04-2026,0
CORONAMIENTO PRESA EMBALSE CHIRONTA (EM EC),04-04-2026,0
CORONAMIENTO PRESA EMBALSE CHIRONTA (EM EC),05-04-2026,0
CORONAMIENTO PRESA EMBALSE CHIRONTA (EM EC),06-04-2026,0
CORONAMIENTO PRESA EMBALSE CHIRONTA (EM EC),07-04-2026,0
CORONAMIENTO PRESA EMBALSE CHIRONTA (EM EC),08-04-2026,0
CORONAMIENTO PRESA EMBALSE CHIRONTA (EM EC),09-04-2026,0
CORONAMIENTO PRESA EMBALSE CHIRONTA (EM EC),10-04-2026,0
CORONAMIENTO PRESA EMBALSE CHIRONTA (EM EC),11-04-2026,0
CORONAMIENTO PRESA EMBALSE CHIRONTA (EM EC),12-04-2026,0
CORONAMIENTO PRESA EMBALSE CHIRONTA (EM EC),13-04-2026,0
CORONAMIENTO PRESA EMBALSE CHIRONTA (EM EC),14-04-2026,0
CORONAMIENTO PRESA EMBALSE CHIRONTA (EM EC),15-04-2026,0
CORONAMIENTO PRESA EMBALSE CHIRONTA (EM EC),16-04-2026,0
CORONAMIENTO PRESA EMBALSE CHIRONTA (EM EC),17-04-2026,0
CORONAMIENTO PRESA EMBALSE CHIRONTA (EM EC),18-04-2026,0
CORONAMIENTO PRESA EMBALSE CHIRONTA (EM EC),19-04-2026,0
CORONAMIENTO PRESA EMBALSE CHIRONTA (EM EC),20-04-2026,0
CORONAMIENTO PRESA EMBALSE CHIRONTA (EM EC),21-04-2026,0
CORONAMIENTO PRESA EMBALSE CHIRONTA (EM EC),22-04-2026,0
CORONAMIENTO PRESA EMBALSE CHIRONTA (EM EC),23-04-2026,0
CORONAMIENTO PRESA EMBALSE CHIRONTA (EM EC),24-04-2026,0
CORONAMIENTO PRESA EMBALSE CHIRONTA (EM EC),25-04-2026,0
CORONAMIENTO PRESA EMBALSE CHIRONTA (EM EC),26-04-2026,0
CORONAMIENTO PRESA EMBALSE CHIRONTA (EM EC),27-04-2026,0
CORONAMIENTO PRESA EMBALSE CHIRONTA (EM EC),28-04-2026,0
CORONAMIENTO PRESA EMBALSE CHIRONTA (EM EC),29-04-2026,0
CORONAMIENTO PRESA EMBALSE CHIRONTA (EM EC),30-04-2026,0
CORONAMIENTO PRESA EMBALSE CHIRONTA (EM EC),01-05-2026,0
CORONAMIENTO PRESA EMBALSE CHIRONTA (EM EC),02-05-2026,0
CORONAMIENTO PRESA EMBALSE CHIRONTA (EM EC),03-05-2026,0
CORONAMIENTO PRESA EMBALSE CHIRONTA (EM EC),04-05-2026,0
CORONAMIENTO PRESA EMBALSE CHIRONTA (EM EC),05-05-2026,0
CORONAMIENTO PRESA EMBALSE CHIRONTA (EM EC),06-05-2026,0
CORONAMIENTO PRESA EMBALSE CHIRONTA (EM EC),07-05-2026,0
CORONAMIENTO PRESA EMBALSE CHIRONTA (EM EC),08-05-2026,0
CORONAMIENTO PRESA EMBALSE CHIRONTA (EM EC),09-05-2026,0
CORONAMIENTO PRESA EMBALSE CHIRONTA (EM EC),10-05-2026,0
CORONAMIENTO PRESA EMBALSE CHIRONTA (EM EC),11-05-2026,0
CORONAMIENTO PRESA EMBALSE CHIRONTA (EM EC),12-05-2026,0
CORONAMIENTO PRESA EMBALSE CHIRONTA (EM EC),13-05-2026,0
CORONAMIENTO PRESA EMBALSE CHIRONTA (EM EC),14-05-2026,0
CORONAMIENTO PRESA EMBALSE CHIRONTA (EM EC),15-05-2026,0
CORONAMIENTO PRESA EMBALSE CHIRONTA (EM EC),16-05-2026,0
CORONAMIENTO PRESA EMBALSE CHIRONTA (EM EC),17-05-2026,0
CORONAMIENTO PRESA EMBALSE CHIRONTA (EM EC),18-05-2026,0
CORONAMIENTO PRESA EMBALSE CHIRONTA (EM EC),19-05-2026,0
CORONAMIENTO PRESA EMBALSE CHIRONTA (EM EC),20-05-2026,0
CORONAMIENTO PRESA EMBALSE CHIRONTA (EM EC),21-05-2026,0
CORONAMIENTO PRESA EMBALSE CHIRONTA (EM EC),22-05-2026,0
CORONAMIENTO PRESA EMBALSE CHIRONTA (EM EC),23-05-2026,0
CORONAMIENTO PRESA EMBALSE CHIRONTA (EM EC),24-05-2026,0
CORONAMIENTO PRESA EMBALSE CHIRONTA (EM EC),25-05-2026,0
CORONAMIENTO PRESA EMBALSE CHIRONTA (EM EC),26-05-2026,0
CORONAMIENTO PRESA EMBALSE CHIRONTA (EM EC),27-05-2026,0
CORONAMIENTO PRESA EMBALSE CHIRONTA (EM EC),28-05-2026,0
CORONAMIENTO PRESA EMBALSE CHIRONTA (EM EC),29-05-2026,0
CORONAMIENTO PRESA EMBALSE CHIRONTA (EM EC),30-05-2026,0
CORONAMIENTO PRESA EMBALSE CHIRONTA (EM EC),31-05-2026,0
CORONAMIENTO PRESA EMBALSE CHIRONTA (EM EC),01-06-2026,0
CORONAMIENTO PRESA EMBALSE CHIRONTA (EM EC),02-06-2026,0
CORONAMIENTO PRESA EMBALSE CHIRONTA (EM EC),03-06-2026,0
CORONAMIENTO PRESA EMBALSE CHIRONTA (EM EC),04-06-2026,0
CORONAMIENTO PRESA EMBALSE CHIRONTA (EM EC),05-06-2026,0
CORONAMIENTO PRESA EMBALSE CHIRONTA (EM EC),06-06-2026,0
CORONAMIENTO PRESA EMBALSE CHIRONTA (EM EC),07-06-2026,0
CORONAMIENTO PRESA EMBALSE CHIRONTA (EM EC),08-06-2026,0
CORONAMIENTO PRESA EMBALSE CHIRONTA (EM EC),09-06-2026,0
CORONAMIENTO PRESA EMBALSE CHIRONTA (EM EC),10-06-2026,0
CORONAMIENTO PRESA EMBALSE CHIRONTA (EM EC),11-06-2026,0
CORONAMIENTO PRESA EMBALSE CHIRONTA (EM EC),12-06-2026,0
CORONAMIENTO PRESA EMBALSE CHIRONTA (EM EC),13-06-2026,0
CORONAMIENTO PRESA EMBALSE CHIRONTA (EM EC),14-06-2026,0
CORONAMIENTO PRESA EMBALSE CHIRONTA (EM EC),15-06-2026,0
CORONAMIENTO PRESA EMBALSE CHIRONTA (EM EC),16-06-2026,0
CORONAMIENTO PRESA EMBALSE CHIRONTA (EM EC),17-06-2026,0
CORONAMIENTO PRESA EMBALSE CHIRONTA (EM EC),18-06-2026,0
CORONAMIENTO PRESA EMBALSE CHIRONTA (EM EC),19-06-2026,0
CORONAMIENTO PRESA EMBALSE CHIRONTA (EM EC),20-06-2026,0
CORONAMIENTO PRESA EMBALSE CHIRONTA (EM EC),21-06-2026,0
CORONAMIENTO PRESA EMBALSE CHIRONTA (EM EC),22-06-2026,0
CORONAMIENTO PRESA EMBALSE CHIRONTA (EM EC),23-06-2026,0
CORONAMIENTO PRESA EMBALSE CHIRONTA (EM EC),24-06-2026,0
CORONAMIENTO PRESA EMBALSE CHIRONTA (EM EC),25-06-2026,0
CORONAMIENTO PRESA EMBALSE CHIRONTA (EM EC),26-06-2026,0
CORONAMIENTO PRESA EMBALSE CHIRONTA (EM EC),27-06-2026,0
CORONAMIENTO PRESA EMBALSE CHIRONTA (EM EC),28-06-2026,0
CORONAMIENTO PRESA EMBALSE CHIRONTA (EM EC),29-06-2026,0
CORONAMIENTO PRESA EMBALSE CHIRONTA (EM EC),30-06-2026,0
CORONAMIENTO PRESA EMBALSE CHIRONTA (EM EC),01-07-2026,0
CORONAMIENTO PRESA EMBALSE CHIRONTA (EM EC),02-07-2026,0
CORONAMIENTO PRESA EMBALSE CHIRONTA (EM EC),03-07-2026,0
CORONAMIENTO PRESA EMBALSE CHIRONTA (EM EC),04-07-2026,0
CORONAMIENTO PRESA EMBALSE CHIRONTA (EM EC),05-07-2026,0
CORONAMIENTO PRESA EMBALSE CHIRONTA (EM EC),06-07-2026,0
CORONAMIENTO PRESA EMBALSE CHIRONTA (EM EC),07-07-2026,0
CORONAMIENTO PRESA EMBALSE CHIRONTA (EM EC),08-07-2026,0
CORONAMIENTO PRESA EMBALSE CHIRONTA (EM EC),09-07-2026,0
CORONAMIENTO PRESA EMBALSE CHIRONTA (EM EC),10-07-2026,0
CORONAMIENTO PRESA EMBALSE CHIRONTA (EM EC),11-07-2026,0
CORONAMIENTO PRESA EMBALSE CHIRONTA (EM EC),12-07-2026,0
CORONAMIENTO PRESA EMBALSE CHIRONTA (EM EC),13-07-2026,0
CORONAMIENTO PRESA EMBALSE CHIRONTA (EM EC),14-07-2026,0
CORONAMIENTO PRESA EMBALSE CHIRONTA (EM EC),15-07-2026,0
CORONAMIENTO PRESA EMBALSE CHIRONTA (EM EC),16-07-2026,0
CORONAMIENTO PRESA EMBALSE CHIRONTA (EM EC),17-07-2026,0
CORONAMIENTO PRESA EMBALSE CHIRONTA (EM EC),18-07-2026,0
CORONAMIENTO PRESA EMBALSE CHIRONTA (EM EC),19-07-2026,0
CORONAMIENTO PRESA EMBALSE CHIRONTA (EM EC),20-07-2026,0
CORONAMIENTO PRESA EMBALSE CHIRONTA (EM EC),21-07-2026,0
CORONAMIENTO PRESA EMBALSE CHIRONTA (EM EC),22-07-2026,0
CORONAMIENTO PRESA EMBALSE CHIRONTA (EM EC),23-07-2026,0
CORONAMIENTO PRESA EMBALSE CHIRONTA (EM EC),24-07-2026,0
CORONAMIENTO PRESA EMBALSE CHIRONTA (EM EC),25-07-2026,0
CORONAMIENTO PRESA EMBALSE CHIRONTA (EM EC),26-07-2026,0
CORONAMIENTO PRESA EMBALSE CHIRONTA (EM EC),27-07-2026,0
CORONAMIENTO PRESA EMBALSE CHIRONTA (EM EC),28-07-2026,0
CORONAMIENTO PRESA EMBALSE CHIRONTA (EM EC),29-07-2026,0
CORONAMIENTO PRESA EMBALSE CHIRONTA (EM EC),30-07-2026,0
CORONAMIENTO PRESA EMBALSE CHIRONTA (EM EC),31-07-2026,0
ESTACIÓN CENTRAL,01-07-2021,0
ESTACIÓN CENTRAL,02-07-2021,0
ESTACIÓN CENTRAL,03-07-2021,0
ESTACIÓN CENTRAL,04-07-2021,0
ESTACIÓN CENTRAL,05-07-2021,0
ESTACIÓN CENTRAL,06-07-2021,0
ESTACIÓN CENTRAL,07-07-2021,0
ESTACIÓN CENTRAL,08-07-2021,0
ESTACIÓN CENTRAL,09-07-2021,0
ESTACIÓN CENTRAL,10-07-2021,0
ESTACIÓN CENTRAL,11-07-2021,0
ESTACIÓN CENTRAL,12-07-2021,0
ESTACIÓN CENTRAL,13-07-2021,0
ESTACIÓN CENTRAL,14-07-2021,0
ESTACIÓN CENTRAL,15-07-2021,0
ESTACIÓN CENTRAL,16-07-2021,0
ESTACIÓN CENTRAL,17-07-2021,0
ESTACIÓN CENTRAL,18-07-2021,0
ESTACIÓN CENTRAL,19-07-2021,0
ESTACIÓN CENTRAL,20-07-2021,0
ESTACIÓN CENTRAL,21-07-2021,0
ESTACIÓN CENTRAL,22-07-2021,0
ESTACIÓN CENTRAL,23-07-2021,0
ESTACIÓN CENTRAL,24-07-2021,0
ESTACIÓN CENTRAL,25-07-2021,0
ESTACIÓN CENTRAL,26-07-2021,0
ESTACIÓN CENTRAL,27-07-2021,0
ESTACIÓN CENTRAL,28-07-2021,0
ESTACIÓN CENTRAL,29-07-2021,0
ESTACIÓN CENTRAL,30-07-2021,0
ESTACIÓN CENTRAL,31-07-2021,0
ESTACIÓN CENTRAL,01-08-2021,0
ESTACIÓN CENTRAL,02-08-2021,0
ESTACIÓN CENTRAL,03-08-2021,0
ESTACIÓN CENTRAL,04-08-2021,0
ESTACIÓN CENTRAL,05-08-2021,0
ESTACIÓN CENTRAL,06-08-2021,0
ESTACIÓN CENTRAL,07-08-2021,0
ESTACIÓN CENTRAL,08-08-2021,0
ESTACIÓN CENTRAL,09-08-2021,0
ESTACIÓN CENTRAL,10-08-2021,0
ESTACIÓN CENTRAL,11-08-2021,0
ESTACIÓN CENTRAL,12-08-2021,0
ESTACIÓN CENTRAL,13-08-2021,0
ESTACIÓN CENTRAL,14-08-2021,0
ESTACIÓN CENTRAL,15-08-2021,0
ESTACIÓN CENTRAL,16-08-2021,0
ESTACIÓN CENTRAL,17-08-2021,0
ESTACIÓN CENTRAL,18-08-2021,0
ESTACIÓN CENTRAL,19-08-2021,0
ESTACIÓN CENTRAL,20-08-2021,0
ESTACIÓN CENTRAL,21-08-2021,0
ESTACIÓN CENTRAL,22-08-2021,0
ESTACIÓN CENTRAL,23-08-2021,0
ESTACIÓN CENTRAL,24-08-2021,0
ESTACIÓN CENTRAL,25-08-2021,0.01
ESTACIÓN CENTRAL,26-08-2021,0
ESTACIÓN CENTRAL,27-08-2021,0
ESTACIÓN CENTRAL,28-08-2021,0
ESTACIÓN CENTRAL,29-08-2021,0
ESTACIÓN CENTRAL,30-08-2021,0
ESTACIÓN CENTRAL,31-08-2021,0
ESTACIÓN CENTRAL,01-09-2021,0
ESTACIÓN CENTRAL,02-09-2021,0
ESTACIÓN CENTRAL,03-09-2021,0
ESTACIÓN CENTRAL,04-09-2021,0
ESTACIÓN CENTRAL,05-09-2021,0
ESTACIÓN CENTRAL,06-09-2021,0
ESTACIÓN CENTRAL,07-09-2021,0
ESTACIÓN CENTRAL,08-09-2021,0
ESTACIÓN CENTRAL,09-09-2021,0
ESTACIÓN CENTRAL,10-09-2021,0
ESTACIÓN CENTRAL,11-09-2021,0
ESTACIÓN CENTRAL,12-09-2021,0
ESTACIÓN CENTRAL,13-09-2021,0
ESTACIÓN CENTRAL,14-09-2021,0
ESTACIÓN CENTRAL,15-09-2021,0
ESTACIÓN CENTRAL,16-09-2021,0
ESTACIÓN CENTRAL,17-09-2021,0
ESTACIÓN CENTRAL,18-09-2021,0
ESTACIÓN CENTRAL,19-09-2021,0
ESTACIÓN CENTRAL,20-09-2021,0
ESTACIÓN CENTRAL,21-09-2021,0
ESTACIÓN CENTRAL,22-09-2021,0
ESTACIÓN CENTRAL,23-09-2021,0
ESTACIÓN CENTRAL,24-09-2021,0
ESTACIÓN CENTRAL,25-09-2021,0
ESTACIÓN CENTRAL,26-09-2021,0
ESTACIÓN CENTRAL,27-09-2021,0
ESTACIÓN CENTRAL,28-09-2021,0
ESTACIÓN CENTRAL,29-09-2021,0
ESTACIÓN CENTRAL,30-09-2021,0
ESTACIÓN CENTRAL,01-10-2021,0
ESTACIÓN CENTRAL,02-10-2021,0
ESTACIÓN CENTRAL,03-10-2021,0
ESTACIÓN CENTRAL,04-10-2021,0
ESTACIÓN CENTRAL,05-10-2021,0
ESTACIÓN CENTRAL,06-10-2021,0
ESTACIÓN CENTRAL,07-10-2021,0
ESTACIÓN CENTRAL,08-10-2021,0
ESTACIÓN CENTRAL,09-10-2021,0
ESTACIÓN CENTRAL,10-10-2021,0
ESTACIÓN CENTRAL,11-10-2021,0
ESTACIÓN CENTRAL,12-10-2021,0
ESTACIÓN CENTRAL,13-10-2021,0
ESTACIÓN CENTRAL,14-10-2021,0
ESTACIÓN CENTRAL,15-10-2021,0
ESTACIÓN CENTRAL,16-10-2021,0
ESTACIÓN CENTRAL,17-10-2021,0
ESTACIÓN CENTRAL,18-10-2021,0
ESTACIÓN CENTRAL,19-10-2021,0
ESTACIÓN CENTRAL,20-10-2021,0
ESTACIÓN CENTRAL,21-10-2021,0
ESTACIÓN CENTRAL,22-10-2021,0
ESTACIÓN CENTRAL,23-10-2021,0
ESTACIÓN CENTRAL,24-10-2021,0
ESTACIÓN CENTRAL,25-10-2021,0
ESTACIÓN CENTRAL,26-10-2021,0
ESTACIÓN CENTRAL,27-10-2021,0
ESTACIÓN CENTRAL,28-10-2021,0
ESTACIÓN CENTRAL,29-10-2021,0
ESTACIÓN CENTRAL,30-10-2021,0
ESTACIÓN CENTRAL,31-10-2021,0
ESTACIÓN CENTRAL,01-11-2021,0
ESTACIÓN CENTRAL,02-11-2021,0
ESTACIÓN CENTRAL,03-11-2021,0
ESTACIÓN CENTRAL,04-11-2021,0
ESTACIÓN CENTRAL,05-11-2021,0
ESTACIÓN CENTRAL,06-11-2021,0
ESTACIÓN CENTRAL,07-11-2021,0
ESTACIÓN CENTRAL,08-11-2021,0
ESTACIÓN CENTRAL,09-11-2021,0
ESTACIÓN CENTRAL,10-11-2021,0
ESTACIÓN CENTRAL,11-11-2021,0
ESTACIÓN CENTRAL,12-11-2021,0
ESTACIÓN CENTRAL,13-11-2021,0
ESTACIÓN CENTRAL,14-11-2021,0
ESTACIÓN CENTRAL,15-11-2021,0
ESTACIÓN CENTRAL,16-11-2021,0
ESTACIÓN CENTRAL,17-11-2021,0
ESTACIÓN CENTRAL,18-11-2021,0
ESTACIÓN CENTRAL,19-11-2021,0
ESTACIÓN CENTRAL,20-11-2021,0
ESTACIÓN CENTRAL,21-11-2021,0
ESTACIÓN CENTRAL,22-11-2021,0
ESTACIÓN CENTRAL,23-11-2021,0
ESTACIÓN CENTRAL,24-11-2021,0
ESTACIÓN CENTRAL,25-11-2021,0
ESTACIÓN CENTRAL,26-11-2021,0
ESTACIÓN CENTRAL,27-11-2021,0
ESTACIÓN CENTRAL,28-11-2021,0
ESTACIÓN CENTRAL,29-11-2021,0
ESTACIÓN CENTRAL,30-11-2021,0
ESTACIÓN CENTRAL,01-12-2021,0
ESTACIÓN CENTRAL,02-12-2021,0
ESTACIÓN CENTRAL,03-12-2021,0
ESTACIÓN CENTRAL,04-12-2021,0
ESTACIÓN CENTRAL,05-12-2021,0
ESTACIÓN CENTRAL,06-12-2021,0.77
ESTACIÓN CENTRAL,07-12-2021,0.01
ESTACIÓN CENTRAL,08-12-2021,0
ESTACIÓN CENTRAL,09-12-2021,0
ESTACIÓN CENTRAL,10-12-2021,0
ESTACIÓN CENTRAL,11-12-2021,0
ESTACIÓN CENTRAL,12-12-2021,0
ESTACIÓN CENTRAL,13-12-2021,0.06
ESTACIÓN CENTRAL,14-12-2021,0
ESTACIÓN CENTRAL,15-12-2021,0
ESTACIÓN CENTRAL,16-12-2021,0
ESTACIÓN CENTRAL,17-12-2021,0
ESTACIÓN CENTRAL,18-12-2021,0
ESTACIÓN CENTRAL,19-12-2021,0
ESTACIÓN CENTRAL,20-12-2021,0
ESTACIÓN CENTRAL,21-12-2021,0
ESTACIÓN CENTRAL,22-12-2021,0
ESTACIÓN CENTRAL,23-12-2021,0
ESTACIÓN CENTRAL,24-12-2021,0.02
ESTACIÓN CENTRAL,25-12-2021,0
ESTACIÓN CENTRAL,26-12-2021,0
ESTACIÓN CENTRAL,27-12-2021,0.06
ESTACIÓN CENTRAL,28-12-2021,0.05
ESTACIÓN CENTRAL,29-12-2021,0.13
ESTACIÓN CENTRAL,30-12-2021,0.02
ESTACIÓN CENTRAL,31-12-2021,0
ESTACIÓN CENTRAL,01-01-2022,0
ESTACIÓN CENTRAL,02-01-2022,0
ESTACIÓN CENTRAL,03-01-2022,0
ESTACIÓN CENTRAL,04-01-2022,0
ESTACIÓN CENTRAL,05-01-2022,0
ESTACIÓN CENTRAL,06-01-2022,0.05
ESTACIÓN CENTRAL,07-01-2022,0.96
ESTACIÓN CENTRAL,08-01-2022,0.42
ESTACIÓN CENTRAL,09-01-2022,0
ESTACIÓN CENTRAL,10-01-2022,0
ESTACIÓN CENTRAL,11-01-2022,0
ESTACIÓN CENTRAL,12-01-2022,0.08
ESTACIÓN CENTRAL,13-01-2022,0.41
ESTACIÓN CENTRAL,14-01-2022,0.03
ESTACIÓN CENTRAL,15-01-2022,0
ESTACIÓN CENTRAL,16-01-2022,0
ESTACIÓN CENTRAL,17-01-2022,0
ESTACIÓN CENTRAL,18-01-2022,0
ESTACIÓN CENTRAL,19-01-2022,0.07
ESTACIÓN CENTRAL,20-01-2022,0.02
ESTACIÓN CENTRAL,21-01-2022,0.04
ESTACIÓN CENTRAL,22-01-2022,0.04
ESTACIÓN CENTRAL,23-01-2022,0.02
ESTACIÓN CENTRAL,24-01-2022,0
ESTACIÓN CENTRAL,25-01-2022,0
ESTACIÓN CENTRAL,26-01-2022,0
ESTACIÓN CENTRAL,27-01-2022,0
ESTACIÓN CENTRAL,28-01-2022,0
ESTACIÓN CENTRAL,29-01-2022,0
ESTACIÓN CENTRAL,30-01-2022,0
ESTACIÓN CENTRAL,31-01-2022,0
ESTACIÓN CENTRAL,01-02-2022,0
ESTACIÓN CENTRAL,02-02-2022,0
ESTACIÓN CENTRAL,03-02-2022,0
ESTACIÓN CENTRAL,04-02-2022,0
ESTACIÓN CENTRAL,05-02-2022,0
ESTACIÓN CENTRAL,06-02-2022,0
ESTACIÓN CENTRAL,07-02-2022,0
ESTACIÓN CENTRAL,08-02-2022,0
ESTACIÓN CENTRAL,09-02-2022,0
ESTACIÓN CENTRAL,10-02-2022,0
ESTACIÓN CENTRAL,11-02-2022,0
ESTACIÓN CENTRAL,12-02-2022,0
ESTACIÓN CENTRAL,13-02-2022,0
ESTACIÓN CENTRAL,14-02-2022,0.01
ESTACIÓN CENTRAL,15-02-2022,0
ESTACIÓN CENTRAL,16-02-2022,0
ESTACIÓN CENTRAL,17-02-2022,0
ESTACIÓN CENTRAL,18-02-2022,0
ESTACIÓN CENTRAL,19-02-2022,0
ESTACIÓN CENTRAL,20-02-2022,0.01
ESTACIÓN CENTRAL,21-02-2022,0.04
ESTACIÓN CENTRAL,22-02-2022,0.2
ESTACIÓN CENTRAL,23-02-2022,0.08
ESTACIÓN CENTRAL,24-02-2022,0.2
ESTACIÓN CENTRAL,25-02-2022,0
ESTACIÓN CENTRAL,26-02-2022,0
ESTACIÓN CENTRAL,27-02-2022,0
ESTACIÓN CENTRAL,28-02-2022,0
ESTACIÓN CENTRAL,01-03-2022,0
ESTACIÓN CENTRAL,02-03-2022,0
ESTACIÓN CENTRAL,03-03-2022,0
ESTACIÓN CENTRAL,04-03-2022,0
ESTACIÓN CENTRAL,05-03-2022,0
ESTACIÓN CENTRAL,06-03-2022,0
ESTACIÓN CENTRAL,07-03-2022,0
ESTACIÓN CENTRAL,08-03-2022,0
ESTACIÓN CENTRAL,09-03-2022,0
ESTACIÓN CENTRAL,10-03-2022,0
ESTACIÓN CENTRAL,11-03-2022,0
ESTACIÓN CENTRAL,12-03-2022,0
ESTACIÓN CENTRAL,13-03-2022,0
ESTACIÓN CENTRAL,14-03-2022,0
ESTACIÓN CENTRAL,15-03-2022,0
ESTACIÓN CENTRAL,16-03-2022,0
ESTACIÓN CENTRAL,17-03-2022,0
ESTACIÓN CENTRAL,18-03-2022,0
ESTACIÓN CENTRAL,19-03-2022,0
ESTACIÓN CENTRAL,20-03-2022,0
ESTACIÓN CENTRAL,21-03-2022,0
ESTACIÓN CENTRAL,22-03-2022,0
ESTACIÓN CENTRAL,23-03-2022,0
ESTACIÓN CENTRAL,24-03-2022,0
ESTACIÓN CENTRAL,25-03-2022,0
ESTACIÓN CENTRAL,26-03-2022,0
ESTACIÓN CENTRAL,27-03-2022,0
ESTACIÓN CENTRAL,28-03-2022,0
ESTACIÓN CENTRAL,29-03-2022,0
ESTACIÓN CENTRAL,30-03-2022,0
ESTACIÓN CENTRAL,31-03-2022,0
ESTACIÓN CENTRAL,01-04-2022,0
ESTACIÓN CENTRAL,02-04-2022,0
ESTACIÓN CENTRAL,03-04-2022,0
ESTACIÓN CENTRAL,04-04-2022,0
ESTACIÓN CENTRAL,05-04-2022,0
ESTACIÓN CENTRAL,06-04-2022,0
ESTACIÓN CENTRAL,07-04-2022,0
ESTACIÓN CENTRAL,08-04-2022,0
ESTACIÓN CENTRAL,09-04-2022,0
ESTACIÓN CENTRAL,10-04-2022,0
ESTACIÓN CENTRAL,11-04-2022,0
ESTACIÓN CENTRAL,12-04-2022,0
ESTACIÓN CENTRAL,13-04-2022,0
ESTACIÓN CENTRAL,14-04-2022,0
ESTACIÓN CENTRAL,15-04-2022,0
ESTACIÓN CENTRAL,16-04-2022,0
ESTACIÓN CENTRAL,17-04-2022,0
ESTACIÓN CENTRAL,18-04-2022,0
ESTACIÓN CENTRAL,19-04-2022,0
ESTACIÓN CENTRAL,20-04-2022,0
ESTACIÓN CENTRAL,21-04-2022,0
ESTACIÓN CENTRAL,22-04-2022,0
ESTACIÓN CENTRAL,23-04-2022,0
ESTACIÓN CENTRAL,24-04-2022,0
ESTACIÓN CENTRAL,25-04-2022,0
ESTACIÓN CENTRAL,26-04-2022,0
ESTACIÓN CENTRAL,27-04-2022,0
ESTACIÓN CENTRAL,28-04-2022,0.1
ESTACIÓN CENTRAL,29-04-2022,0
ESTACIÓN CENTRAL,30-04-2022,0
ESTACIÓN CENTRAL,01-05-2022,0
ESTACIÓN CENTRAL,02-05-2022,0
ESTACIÓN CENTRAL,03-05-2022,0
ESTACIÓN CENTRAL,04-05-2022,0
ESTACIÓN CENTRAL,05-05-2022,0
ESTACIÓN CENTRAL,06-05-2022,0
ESTACIÓN CENTRAL,07-05-2022,0.04
ESTACIÓN CENTRAL,08-05-2022,0
ESTACIÓN CENTRAL,09-05-2022,0
ESTACIÓN CENTRAL,10-05-2022,0
ESTACIÓN CENTRAL,11-05-2022,0
ESTACIÓN CENTRAL,12-05-2022,0
ESTACIÓN CENTRAL,13-05-2022,0
ESTACIÓN CENTRAL,14-05-2022,0
ESTACIÓN CENTRAL,15-05-2022,0
ESTACIÓN CENTRAL,16-05-2022,0
ESTACIÓN CENTRAL,17-05-2022,0
ESTACIÓN CENTRAL,18-05-2022,0
ESTACIÓN CENTRAL,19-05-2022,0
ESTACIÓN CENTRAL,20-05-2022,0
ESTACIÓN CENTRAL,21-05-2022,0
ESTACIÓN CENTRAL,22-05-2022,0
ESTACIÓN CENTRAL,23-05-2022,0
ESTACIÓN CENTRAL,24-05-2022,0
ESTACIÓN CENTRAL,25-05-2022,0
ESTACIÓN CENTRAL,26-05-2022,0
ESTACIÓN CENTRAL,27-05-2022,0
ESTACIÓN CENTRAL,28-05-2022,0
ESTACIÓN CENTRAL,29-05-2022,0
ESTACIÓN CENTRAL,30-05-2022,0
ESTACIÓN CENTRAL,31-05-2022,0
ESTACIÓN CENTRAL,01-06-2022,0
ESTACIÓN CENTRAL,02-06-2022,0
ESTACIÓN CENTRAL,03-06-2022,0
ESTACIÓN CENTRAL,04-06-2022,0
ESTACIÓN CENTRAL,05-06-2022,0
ESTACIÓN CENTRAL,06-06-2022,0
ESTACIÓN CENTRAL,07-06-2022,0
ESTACIÓN CENTRAL,08-06-2022,0
ESTACIÓN CENTRAL,09-06-2022,0
ESTACIÓN CENTRAL,10-06-2022,0
ESTACIÓN CENTRAL,11-06-2022,0
ESTACIÓN CENTRAL,12-06-2022,0
ESTACIÓN CENTRAL,13-06-2022,0
ESTACIÓN CENTRAL,14-06-2022,0
ESTACIÓN CENTRAL,15-06-2022,0
ESTACIÓN CENTRAL,16-06-2022,0
ESTACIÓN CENTRAL,17-06-2022,0
ESTACIÓN CENTRAL,18-06-2022,0
ESTACIÓN CENTRAL,19-06-2022,0
ESTACIÓN CENTRAL,20-06-2022,0
ESTACIÓN CENTRAL,21-06-2022,0
ESTACIÓN CENTRAL,22-06-2022,0
ESTACIÓN CENTRAL,23-06-2022,0
ESTACIÓN CENTRAL,24-06-2022,0
ESTACIÓN CENTRAL,25-06-2022,0
ESTACIÓN CENTRAL,26-06-2022,0
ESTACIÓN CENTRAL,27-06-2022,0
ESTACIÓN CENTRAL,28-06-2022,0
ESTACIÓN CENTRAL,29-06-2022,0
ESTACIÓN CENTRAL,30-06-2022,0
ESTACIÓN CENTRAL,01-07-2022,0
ESTACIÓN CENTRAL,02-07-2022,0
ESTACIÓN CENTRAL,03-07-2022,0
ESTACIÓN CENTRAL,04-07-2022,0
ESTACIÓN CENTRAL,05-07-2022,0
ESTACIÓN CENTRAL,06-07-2022,0
ESTACIÓN CENTRAL,07-07-2022,0
ESTACIÓN CENTRAL,08-07-2022,0
ESTACIÓN CENTRAL,09-07-2022,0
ESTACIÓN CENTRAL,10-07-2022,0
ESTACIÓN CENTRAL,11-07-2022,0
ESTACIÓN CENTRAL,12-07-2022,0
ESTACIÓN CENTRAL,13-07-2022,0
ESTACIÓN CENTRAL,14-07-2022,0
ESTACIÓN CENTRAL,15-07-2022,0
ESTACIÓN CENTRAL,16-07-2022,0
ESTACIÓN CENTRAL,17-07-2022,0
ESTACIÓN CENTRAL,18-07-2022,0
ESTACIÓN CENTRAL,19-07-2022,0
ESTACIÓN CENTRAL,20-07-2022,0
ESTACIÓN CENTRAL,21-07-2022,0
ESTACIÓN CENTRAL,22-07-2022,0
ESTACIÓN CENTRAL,23-07-2022,0
ESTACIÓN CENTRAL,24-07-2022,0
ESTACIÓN CENTRAL,25-07-2022,0
ESTACIÓN CENTRAL,26-07-2022,0
ESTACIÓN CENTRAL,27-07-2022,0
ESTACIÓN CENTRAL,28-07-2022,0
ESTACIÓN CENTRAL,29-07-2022,0
ESTACIÓN CENTRAL,30-07-2022,0
ESTACIÓN CENTRAL,31-07-2022,0
ESTACIÓN CENTRAL,01-08-2022,0
ESTACIÓN CENTRAL,02-08-2022,0
ESTACIÓN CENTRAL,03-08-2022,0
ESTACIÓN CENTRAL,04-08-2022,0
ESTACIÓN CENTRAL,05-08-2022,0
ESTACIÓN CENTRAL,06-08-2022,0
ESTACIÓN CENTRAL,07-08-2022,0
ESTACIÓN CENTRAL,08-08-2022,0
ESTACIÓN CENTRAL,09-08-2022,0
ESTACIÓN CENTRAL,10-08-2022,0
ESTACIÓN CENTRAL,11-08-2022,0
ESTACIÓN CENTRAL,12-08-2022,0
ESTACIÓN CENTRAL,13-08-2022,0
ESTACIÓN CENTRAL,14-08-2022,0
ESTACIÓN CENTRAL,15-08-2022,0
ESTACIÓN CENTRAL,16-08-2022,0
ESTACIÓN CENTRAL,17-08-2022,0
ESTACIÓN CENTRAL,18-08-2022,0
ESTACIÓN CENTRAL,19-08-2022,0
ESTACIÓN CENTRAL,20-08-2022,0
ESTACIÓN CENTRAL,21-08-2022,0
ESTACIÓN CENTRAL,22-08-2022,0
ESTACIÓN CENTRAL,23-08-2022,0
ESTACIÓN CENTRAL,24-08-2022,0
ESTACIÓN CENTRAL,25-08-2022,0
ESTACIÓN CENTRAL,26-08-2022,0
ESTACIÓN CENTRAL,27-08-2022,0
ESTACIÓN CENTRAL,28-08-2022,0
ESTACIÓN CENTRAL,29-08-2022,0
ESTACIÓN CENTRAL,30-08-2022,0
ESTACIÓN CENTRAL,31-08-2022,0
ESTACIÓN CENTRAL,01-09-2022,0
ESTACIÓN CENTRAL,02-09-2022,0
ESTACIÓN CENTRAL,03-09-2022,0
ESTACIÓN CENTRAL,04-09-2022,0
ESTACIÓN CENTRAL,05-09-2022,0
ESTACIÓN CENTRAL,06-09-2022,0
ESTACIÓN CENTRAL,07-09-2022,0
ESTACIÓN CENTRAL,08-09-2022,0
ESTACIÓN CENTRAL,09-09-2022,0
ESTACIÓN CENTRAL,10-09-2022,0
ESTACIÓN CENTRAL,11-09-2022,0
ESTACIÓN CENTRAL,12-09-2022,0
ESTACIÓN CENTRAL,13-09-2022,0
ESTACIÓN CENTRAL,14-09-2022,0
ESTACIÓN CENTRAL,15-09-2022,0
ESTACIÓN CENTRAL,16-09-2022,0
ESTACIÓN CENTRAL,17-09-2022,0
ESTACIÓN CENTRAL,18-09-2022,0
ESTACIÓN CENTRAL,19-09-2022,0
ESTACIÓN CENTRAL,20-09-2022,0
ESTACIÓN CENTRAL,21-09-2022,0
ESTACIÓN CENTRAL,22-09-2022,0
ESTACIÓN CENTRAL,23-09-2022,0
ESTACIÓN CENTRAL,24-09-2022,0
ESTACIÓN CENTRAL,25-09-2022,0
ESTACIÓN CENTRAL,26-09-2022,0
ESTACIÓN CENTRAL,27-09-2022,0
ESTACIÓN CENTRAL,28-09-2022,0
ESTACIÓN CENTRAL,29-09-2022,0
ESTACIÓN CENTRAL,30-09-2022,0
ESTACIÓN CENTRAL,01-10-2022,0
ESTACIÓN CENTRAL,02-10-2022,0
ESTACIÓN CENTRAL,03-10-2022,0
ESTACIÓN CENTRAL,04-10-2022,0
ESTACIÓN CENTRAL,05-10-2022,0
ESTACIÓN CENTRAL,06-10-2022,0
ESTACIÓN CENTRAL,07-10-2022,0
ESTACIÓN CENTRAL,08-10-2022,0
ESTACIÓN CENTRAL,09-10-2022,0
ESTACIÓN CENTRAL,10-10-2022,0
ESTACIÓN CENTRAL,11-10-2022,0
ESTACIÓN CENTRAL,12-10-2022,0
ESTACIÓN CENTRAL,13-10-2022,0
ESTACIÓN CENTRAL,14-10-2022,0
ESTACIÓN CENTRAL,15-10-2022,0
ESTACIÓN CENTRAL,16-10-2022,0
ESTACIÓN CENTRAL,17-10-2022,0
ESTACIÓN CENTRAL,18-10-2022,0
ESTACIÓN CENTRAL,19-10-2022,0
ESTACIÓN CENTRAL,20-10-2022,0
ESTACIÓN CENTRAL,21-10-2022,0
ESTACIÓN CENTRAL,22-10-2022,0
ESTACIÓN CENTRAL,23-10-2022,0
ESTACIÓN CENTRAL,24-10-2022,0
ESTACIÓN CENTRAL,25-10-2022,0
ESTACIÓN CENTRAL,26-10-2022,0
ESTACIÓN CENTRAL,27-10-2022,0
ESTACIÓN CENTRAL,28-10-2022,0
ESTACIÓN CENTRAL,29-10-2022,0
ESTACIÓN CENTRAL,30-10-2022,0
ESTACIÓN CENTRAL,31-10-2022,0
ESTACIÓN CENTRAL,01-11-2022,0
ESTACIÓN CENTRAL,02-11-2022,0
ESTACIÓN CENTRAL,03-11-2022,0
ESTACIÓN CENTRAL,04-11-2022,0
ESTACIÓN CENTRAL,05-11-2022,0
ESTACIÓN CENTRAL,06-11-2022,0
ESTACIÓN CENTRAL,07-11-2022,0
ESTACIÓN CENTRAL,08-11-2022,0
ESTACIÓN CENTRAL,09-11-2022,0
ESTACIÓN CENTRAL,10-11-2022,0
ESTACIÓN CENTRAL,11-11-2022,0
ESTACIÓN CENTRAL,12-11-2022,0
ESTACIÓN CENTRAL,13-11-2022,0
ESTACIÓN CENTRAL,14-11-2022,0
ESTACIÓN CENTRAL,15-11-2022,0
ESTACIÓN CENTRAL,16-11-2022,0
ESTACIÓN CENTRAL,17-11-2022,0
ESTACIÓN CENTRAL,18-11-2022,0
ESTACIÓN CENTRAL,19-11-2022,0
ESTACIÓN CENTRAL,20-11-2022,0
ESTACIÓN CENTRAL,21-11-2022,0
ESTACIÓN CENTRAL,22-11-2022,0
ESTACIÓN CENTRAL,23-11-2022,0
ESTACIÓN CENTRAL,24-11-2022,0
ESTACIÓN CENTRAL,25-11-2022,0
ESTACIÓN CENTRAL,26-11-2022,0
ESTACIÓN CENTRAL,27-11-2022,0
ESTACIÓN CENTRAL,28-11-2022,0
ESTACIÓN CENTRAL,29-11-2022,0
ESTACIÓN CENTRAL,30-11-2022,0
ESTACIÓN CENTRAL,01-12-2022,0
ESTACIÓN CENTRAL,02-12-2022,0
ESTACIÓN CENTRAL,03-12-2022,0
ESTACIÓN CENTRAL,04-12-2022,0
ESTACIÓN CENTRAL,05-12-2022,0
ESTACIÓN CENTRAL,06-12-2022,0
ESTACIÓN CENTRAL,07-12-2022,0
ESTACIÓN CENTRAL,08-12-2022,0
ESTACIÓN CENTRAL,09-12-2022,0
ESTACIÓN CENTRAL,10-12-2022,0
ESTACIÓN CENTRAL,11-12-2022,0
ESTACIÓN CENTRAL,12-12-2022,0.1
ESTACIÓN CENTRAL,13-12-2022,0
ESTACIÓN CENTRAL,14-12-2022,0
ESTACIÓN CENTRAL,15-12-2022,0
ESTACIÓN CENTRAL,16-12-2022,0.1
ESTACIÓN CENTRAL,17-12-2022,0
ESTACIÓN CENTRAL,18-12-2022,0
ESTACIÓN CENTRAL,19-12-2022,0
ESTACIÓN CENTRAL,20-12-2022,0
ESTACIÓN CENTRAL,21-12-2022,0
ESTACIÓN CENTRAL,22-12-2022,0
ESTACIÓN CENTRAL,23-12-2022,0
ESTACIÓN CENTRAL,24-12-2022,0
ESTACIÓN CENTRAL,25-12-2022,0
ESTACIÓN CENTRAL,26-12-2022,0
ESTACIÓN CENTRAL,27-12-2022,0
ESTACIÓN CENTRAL,28-12-2022,0
ESTACIÓN CENTRAL,29-12-2022,0
ESTACIÓN CENTRAL,30-12-2022,0
ESTACIÓN CENTRAL,31-12-2022,0
ESTACIÓN CENTRAL,01-01-2023,0
ESTACIÓN CENTRAL,02-01-2023,0
ESTACIÓN CENTRAL,03-01-2023,0
ESTACIÓN CENTRAL,04-01-2023,0
ESTACIÓN CENTRAL,05-01-2023,0
ESTACIÓN CENTRAL,06-01-2023,0
ESTACIÓN CENTRAL,07-01-2023,0
ESTACIÓN CENTRAL,08-01-2023,0
ESTACIÓN CENTRAL,09-01-2023,0
ESTACIÓN CENTRAL,10-01-2023,0
ESTACIÓN CENTRAL,11-01-2023,0
ESTACIÓN CENTRAL,12-01-2023,0
ESTACIÓN CENTRAL,13-01-2023,0
ESTACIÓN CENTRAL,14-01-2023,0
ESTACIÓN CENTRAL,15-01-2023,0
ESTACIÓN CENTRAL,16-01-2023,0
ESTACIÓN CENTRAL,17-01-2023,0
ESTACIÓN CENTRAL,18-01-2023,0
ESTACIÓN CENTRAL,19-01-2023,0
ESTACIÓN CENTRAL,20-01-2023,0
ESTACIÓN CENTRAL,21-01-2023,0
ESTACIÓN CENTRAL,22-01-2023,0.2
ESTACIÓN CENTRAL,23-01-2023,0
ESTACIÓN CENTRAL,24-01-2023,0.2
ESTACIÓN CENTRAL,25-01-2023,0
ESTACIÓN CENTRAL,26-01-2023,0
ESTACIÓN CENTRAL,27-01-2023,0
ESTACIÓN CENTRAL,28-01-2023,0
ESTACIÓN CENTRAL,29-01-2023,0
ESTACIÓN CENTRAL,30-01-2023,0
ESTACIÓN CENTRAL,31-01-2023,0
ESTACIÓN CENTRAL,01-02-2023,0
ESTACIÓN CENTRAL,02-02-2023,0
ESTACIÓN CENTRAL,03-02-2023,0
ESTACIÓN CENTRAL,04-02-2023,0
ESTACIÓN CENTRAL,05-02-2023,0
ESTACIÓN CENTRAL,06-02-2023,0
ESTACIÓN CENTRAL,07-02-2023,0
ESTACIÓN CENTRAL,08-02-2023,0
ESTACIÓN CENTRAL,09-02-2023,0
ESTACIÓN CENTRAL,10-02-2023,0
ESTACIÓN CENTRAL,11-02-2023,0.1
ESTACIÓN CENTRAL,12-02-2023,0
ESTACIÓN CENTRAL,13-02-2023,0
ESTACIÓN CENTRAL,14-02-2023,0
ESTACIÓN CENTRAL,15-02-2023,0
ESTACIÓN CENTRAL,16-02-2023,0
ESTACIÓN CENTRAL,17-02-2023,0
ESTACIÓN CENTRAL,18-02-2023,0
ESTACIÓN CENTRAL,19-02-2023,0
ESTACIÓN CENTRAL,20-02-2023,0
ESTACIÓN CENTRAL,21-02-2023,0
ESTACIÓN CENTRAL,22-02-2023,0
ESTACIÓN CENTRAL,23-02-2023,0
ESTACIÓN CENTRAL,24-02-2023,0
ESTACIÓN CENTRAL,25-02-2023,0
ESTACIÓN CENTRAL,26-02-2023,0
ESTACIÓN CENTRAL,27-02-2023,0
ESTACIÓN CENTRAL,28-02-2023,0
ESTACIÓN CENTRAL,01-03-2023,0
ESTACIÓN CENTRAL,02-03-2023,0
ESTACIÓN CENTRAL,03-03-2023,0
ESTACIÓN CENTRAL,04-03-2023,0
ESTACIÓN CENTRAL,05-03-2023,0
ESTACIÓN CENTRAL,06-03-2023,0
ESTACIÓN CENTRAL,07-03-2023,0
ESTACIÓN CENTRAL,08-03-2023,0
ESTACIÓN CENTRAL,09-03-2023,0
ESTACIÓN CENTRAL,10-03-2023,0
ESTACIÓN CENTRAL,11-03-2023,0
ESTACIÓN CENTRAL,12-03-2023,0
ESTACIÓN CENTRAL,13-03-2023,0
ESTACIÓN CENTRAL,14-03-2023,0
ESTACIÓN CENTRAL,15-03-2023,0
ESTACIÓN CENTRAL,16-03-2023,0
ESTACIÓN CENTRAL,17-03-2023,0
ESTACIÓN CENTRAL,18-03-2023,0
ESTACIÓN CENTRAL,19-03-2023,0
ESTACIÓN CENTRAL,20-03-2023,0
ESTACIÓN CENTRAL,21-03-2023,0
ESTACIÓN CENTRAL,22-03-2023,0
ESTACIÓN CENTRAL,23-03-2023,0.2
ESTACIÓN CENTRAL,24-03-2023,0
ESTACIÓN CENTRAL,25-03-2023,0
ESTACIÓN CENTRAL,26-03-2023,0
ESTACIÓN CENTRAL,27-03-2023,0
ESTACIÓN CENTRAL,28-03-2023,0
ESTACIÓN CENTRAL,29-03-2023,0
ESTACIÓN CENTRAL,30-03-2023,0
ESTACIÓN CENTRAL,31-03-2023,0
ESTACIÓN CENTRAL,01-04-2023,0
ESTACIÓN CENTRAL,02-04-2023,0
ESTACIÓN CENTRAL,03-04-2023,0
ESTACIÓN CENTRAL,04-04-2023,0
ESTACIÓN CENTRAL,05-04-2023,0
ESTACIÓN CENTRAL,06-04-2023,0
ESTACIÓN CENTRAL,07-04-2023,0.1
ESTACIÓN CENTRAL,08-04-2023,0
ESTACIÓN CENTRAL,09-04-2023,0
ESTACIÓN CENTRAL,10-04-2023,0
ESTACIÓN CENTRAL,11-04-2023,0
ESTACIÓN CENTRAL,12-04-2023,0
ESTACIÓN CENTRAL,13-04-2023,0
ESTACIÓN CENTRAL,14-04-2023,0
ESTACIÓN CENTRAL,15-04-2023,0
ESTACIÓN CENTRAL,16-04-2023,0
ESTACIÓN CENTRAL,17-04-2023,0
ESTACIÓN CENTRAL,18-04-2023,0
ESTACIÓN CENTRAL,19-04-2023,0
ESTACIÓN CENTRAL,20-04-2023,0
ESTACIÓN CENTRAL,21-04-2023,0
ESTACIÓN CENTRAL,22-04-2023,0
ESTACIÓN CENTRAL,23-04-2023,0
ESTACIÓN CENTRAL,24-04-2023,0
ESTACIÓN CENTRAL,25-04-2023,0
ESTACIÓN CENTRAL,26-04-2023,0
ESTACIÓN CENTRAL,27-04-2023,0
ESTACIÓN CENTRAL,28-04-2023,0
ESTACIÓN CENTRAL,29-04-2023,0
ESTACIÓN CENTRAL,30-04-2023,0
ESTACIÓN CENTRAL,01-05-2023,0
ESTACIÓN CENTRAL,02-05-2023,0
ESTACIÓN CENTRAL,03-05-2023,0
ESTACIÓN CENTRAL,04-05-2023,0
ESTACIÓN CENTRAL,05-05-2023,0
ESTACIÓN CENTRAL,06-05-2023,0
ESTACIÓN CENTRAL,07-05-2023,0
ESTACIÓN CENTRAL,08-05-2023,0
ESTACIÓN CENTRAL,09-05-2023,0
ESTACIÓN CENTRAL,10-05-2023,0
ESTACIÓN CENTRAL,11-05-2023,0
ESTACIÓN CENTRAL,12-05-2023,0
ESTACIÓN CENTRAL,13-05-2023,0
ESTACIÓN CENTRAL,14-05-2023,0
ESTACIÓN CENTRAL,15-05-2023,0
ESTACIÓN CENTRAL,16-05-2023,0
ESTACIÓN CENTRAL,17-05-2023,0
ESTACIÓN CENTRAL,18-05-2023,0
ESTACIÓN CENTRAL,19-05-2023,0
ESTACIÓN CENTRAL,20-05-2023,0
ESTACIÓN CENTRAL,21-05-2023,0
ESTACIÓN CENTRAL,22-05-2023,0
ESTACIÓN CENTRAL,23-05-2023,0
ESTACIÓN CENTRAL,24-05-2023,0
ESTACIÓN CENTRAL,25-05-2023,0
ESTACIÓN CENTRAL,26-05-2023,0
ESTACIÓN CENTRAL,27-05-2023,0
ESTACIÓN CENTRAL,28-05-2023,0
ESTACIÓN CENTRAL,29-05-2023,0
ESTACIÓN CENTRAL,30-05-2023,0
ESTACIÓN CENTRAL,31-05-2023,0
ESTACIÓN CENTRAL,01-06-2023,0
ESTACIÓN CENTRAL,02-06-2023,0
ESTACIÓN CENTRAL,03-06-2023,0
ESTACIÓN CENTRAL,04-06-2023,0
ESTACIÓN CENTRAL,05-06-2023,0
ESTACIÓN CENTRAL,06-06-2023,0
ESTACIÓN CENTRAL,07-06-2023,0
ESTACIÓN CENTRAL,08-06-2023,0
ESTACIÓN CENTRAL,09-06-2023,0
ESTACIÓN CENTRAL,10-06-2023,0
ESTACIÓN CENTRAL,11-06-2023,0
ESTACIÓN CENTRAL,12-06-2023,0
ESTACIÓN CENTRAL,13-06-2023,0
ESTACIÓN CENTRAL,14-06-2023,0
ESTACIÓN CENTRAL,15-06-2023,0
ESTACIÓN CENTRAL,16-06-2023,0
ESTACIÓN CENTRAL,17-06-2023,0
ESTACIÓN CENTRAL,18-06-2023,0
ESTACIÓN CENTRAL,19-06-2023,0
ESTACIÓN CENTRAL,20-06-2023,0
ESTACIÓN CENTRAL,21-06-2023,0
ESTACIÓN CENTRAL,22-06-2023,0
ESTACIÓN CENTRAL,23-06-2023,0
ESTACIÓN CENTRAL,24-06-2023,0
ESTACIÓN CENTRAL,25-06-2023,0
ESTACIÓN CENTRAL,26-06-2023,0
ESTACIÓN CENTRAL,27-06-2023,0
ESTACIÓN CENTRAL,28-06-2023,0
ESTACIÓN CENTRAL,29-06-2023,0
ESTACIÓN CENTRAL,30-06-2023,0
ESTACIÓN CENTRAL,01-07-2023,0
ESTACIÓN CENTRAL,02-07-2023,0
ESTACIÓN CENTRAL,03-07-2023,0
ESTACIÓN CENTRAL,04-07-2023,0
ESTACIÓN CENTRAL,05-07-2023,0
ESTACIÓN CENTRAL,06-07-2023,0
ESTACIÓN CENTRAL,07-07-2023,0
ESTACIÓN CENTRAL,08-07-2023,0
ESTACIÓN CENTRAL,09-07-2023,0
ESTACIÓN CENTRAL,10-07-2023,0
ESTACIÓN CENTRAL,11-07-2023,0
ESTACIÓN CENTRAL,12-07-2023,0
ESTACIÓN CENTRAL,13-07-2023,0
ESTACIÓN CENTRAL,14-07-2023,0
ESTACIÓN CENTRAL,15-07-2023,0
ESTACIÓN CENTRAL,16-07-2023,0
ESTACIÓN CENTRAL,17-07-2023,0
ESTACIÓN CENTRAL,18-07-2023,0
ESTACIÓN CENTRAL,19-07-2023,0
ESTACIÓN CENTRAL,20-07-2023,0
ESTACIÓN CENTRAL,21-07-2023,0
ESTACIÓN CENTRAL,22-07-2023,0
ESTACIÓN CENTRAL,23-07-2023,0
ESTACIÓN CENTRAL,24-07-2023,0
ESTACIÓN CENTRAL,25-07-2023,0
ESTACIÓN CENTRAL,26-07-2023,0
ESTACIÓN CENTRAL,27-07-2023,0
ESTACIÓN CENTRAL,28-07-2023,0
ESTACIÓN CENTRAL,29-07-2023,0
ESTACIÓN CENTRAL,30-07-2023,0
ESTACIÓN CENTRAL,31-07-2023,0
ESTACIÓN CENTRAL,01-08-2023,0
ESTACIÓN CENTRAL,02-08-2023,0
ESTACIÓN CENTRAL,03-08-2023,0
ESTACIÓN CENTRAL,04-08-2023,0
ESTACIÓN CENTRAL,05-08-2023,0
ESTACIÓN CENTRAL,06-08-2023,0
ESTACIÓN CENTRAL,07-08-2023,0
ESTACIÓN CENTRAL,08-08-2023,0
ESTACIÓN CENTRAL,09-08-2023,0
ESTACIÓN CENTRAL,10-08-2023,0
ESTACIÓN CENTRAL,11-08-2023,0
ESTACIÓN CENTRAL,12-08-2023,0
ESTACIÓN CENTRAL,13-08-2023,0
ESTACIÓN CENTRAL,14-08-2023,0
ESTACIÓN CENTRAL,15-08-2023,0
ESTACIÓN CENTRAL,16-08-2023,0
ESTACIÓN CENTRAL,17-08-2023,0
ESTACIÓN CENTRAL,18-08-2023,0
ESTACIÓN CENTRAL,19-08-2023,0
ESTACIÓN CENTRAL,20-08-2023,0
ESTACIÓN CENTRAL,21-08-2023,0
ESTACIÓN CENTRAL,22-08-2023,0
ESTACIÓN CENTRAL,23-08-2023,0
ESTACIÓN CENTRAL,24-08-2023,0
ESTACIÓN CENTRAL,25-08-2023,0
ESTACIÓN CENTRAL,26-08-2023,0
ESTACIÓN CENTRAL,27-08-2023,0
ESTACIÓN CENTRAL,28-08-2023,0
ESTACIÓN CENTRAL,29-08-2023,0
ESTACIÓN CENTRAL,30-08-2023,0
ESTACIÓN CENTRAL,31-08-2023,0
ESTACIÓN CENTRAL,01-09-2023,0
ESTACIÓN CENTRAL,02-09-2023,0
ESTACIÓN CENTRAL,03-09-2023,0
ESTACIÓN CENTRAL,04-09-2023,0
ESTACIÓN CENTRAL,05-09-2023,0
ESTACIÓN CENTRAL,06-09-2023,0
ESTACIÓN CENTRAL,07-09-2023,0
ESTACIÓN CENTRAL,08-09-2023,0
ESTACIÓN CENTRAL,09-09-2023,0
ESTACIÓN CENTRAL,10-09-2023,0
ESTACIÓN CENTRAL,11-09-2023,0
ESTACIÓN CENTRAL,12-09-2023,0
ESTACIÓN CENTRAL,13-09-2023,0
ESTACIÓN CENTRAL,14-09-2023,0
ESTACIÓN CENTRAL,15-09-2023,0
ESTACIÓN CENTRAL,16-09-2023,0
ESTACIÓN CENTRAL,17-09-2023,0
ESTACIÓN CENTRAL,18-09-2023,0
ESTACIÓN CENTRAL,19-09-2023,0
ESTACIÓN CENTRAL,20-09-2023,0
ESTACIÓN CENTRAL,21-09-2023,0
ESTACIÓN CENTRAL,22-09-2023,0
ESTACIÓN CENTRAL,23-09-2023,0
ESTACIÓN CENTRAL,24-09-2023,0
ESTACIÓN CENTRAL,25-09-2023,0
ESTACIÓN CENTRAL,26-09-2023,0
ESTACIÓN CENTRAL,27-09-2023,0.1
ESTACIÓN CENTRAL,28-09-2023,0
ESTACIÓN CENTRAL,29-09-2023,0.1
ESTACIÓN CENTRAL,30-09-2023,0
ESTACIÓN CENTRAL,01-10-2023,0
ESTACIÓN CENTRAL,02-10-2023,0
ESTACIÓN CENTRAL,03-10-2023,0
ESTACIÓN CENTRAL,04-10-2023,0
ESTACIÓN CENTRAL,05-10-2023,0
ESTACIÓN CENTRAL,06-10-2023,0
ESTACIÓN CENTRAL,07-10-2023,0
ESTACIÓN CENTRAL,08-10-2023,0
ESTACIÓN CENTRAL,09-10-2023,0
ESTACIÓN CENTRAL,10-10-2023,0
ESTACIÓN CENTRAL,11-10-2023,0
ESTACIÓN CENTRAL,12-10-2023,0
ESTACIÓN CENTRAL,13-10-2023,0
ESTACIÓN CENTRAL,14-10-2023,0
ESTACIÓN CENTRAL,15-10-2023,0
ESTACIÓN CENTRAL,16-10-2023,0
ESTACIÓN CENTRAL,17-10-2023,0
ESTACIÓN CENTRAL,18-10-2023,0
ESTACIÓN CENTRAL,19-10-2023,0
ESTACIÓN CENTRAL,20-10-2023,0
ESTACIÓN CENTRAL,21-10-2023,0
ESTACIÓN CENTRAL,22-10-2023,0
ESTACIÓN CENTRAL,23-10-2023,0
ESTACIÓN CENTRAL,24-10-2023,0
ESTACIÓN CENTRAL,25-10-2023,0
ESTACIÓN CENTRAL,26-10-2023,0
ESTACIÓN CENTRAL,27-10-2023,0
ESTACIÓN CENTRAL,28-10-2023,0
ESTACIÓN CENTRAL,29-10-2023,0
ESTACIÓN CENTRAL,30-10-2023,0
ESTACIÓN CENTRAL,31-10-2023,0
ESTACIÓN CENTRAL,01-11-2023,0
ESTACIÓN CENTRAL,02-11-2023,0
ESTACIÓN CENTRAL,03-11-2023,0
ESTACIÓN CENTRAL,04-11-2023,0
ESTACIÓN CENTRAL,05-11-2023,0
ESTACIÓN CENTRAL,06-11-2023,0
ESTACIÓN CENTRAL,07-11-2023,0
ESTACIÓN CENTRAL,08-11-2023,0
ESTACIÓN CENTRAL,09-11-2023,0.2
ESTACIÓN CENTRAL,10-11-2023,0.2
ESTACIÓN CENTRAL,11-11-2023,0
ESTACIÓN CENTRAL,12-11-2023,0
ESTACIÓN CENTRAL,13-11-2023,0
ESTACIÓN CENTRAL,14-11-2023,0
ESTACIÓN CENTRAL,15-11-2023,0
ESTACIÓN CENTRAL,16-11-2023,0
ESTACIÓN CENTRAL,17-11-2023,0
ESTACIÓN CENTRAL,18-11-2023,0
ESTACIÓN CENTRAL,19-11-2023,0
ESTACIÓN CENTRAL,20-11-2023,0
ESTACIÓN CENTRAL,21-11-2023,0
ESTACIÓN CENTRAL,22-11-2023,0
ESTACIÓN CENTRAL,23-11-2023,0
ESTACIÓN CENTRAL,24-11-2023,0
ESTACIÓN CENTRAL,25-11-2023,0
ESTACIÓN CENTRAL,26-11-2023,0
ESTACIÓN CENTRAL,27-11-2023,0
ESTACIÓN CENTRAL,28-11-2023,0
ESTACIÓN CENTRAL,29-11-2023,0
ESTACIÓN CENTRAL,30-11-2023,0
ESTACIÓN CENTRAL,01-12-2023,0
ESTACIÓN CENTRAL,02-12-2023,0
ESTACIÓN CENTRAL,03-12-2023,0
ESTACIÓN CENTRAL,04-12-2023,0
ESTACIÓN CENTRAL,05-12-2023,0
ESTACIÓN CENTRAL,06-12-2023,0
ESTACIÓN CENTRAL,07-12-2023,0
ESTACIÓN CENTRAL,08-12-2023,0
ESTACIÓN CENTRAL,09-12-2023,0
ESTACIÓN CENTRAL,10-12-2023,0
ESTACIÓN CENTRAL,11-12-2023,0
ESTACIÓN CENTRAL,12-12-2023,0
ESTACIÓN CENTRAL,13-12-2023,0.1
ESTACIÓN CENTRAL,14-12-2023,0.3
ESTACIÓN CENTRAL,15-12-2023,0
ESTACIÓN CENTRAL,16-12-2023,0
ESTACIÓN CENTRAL,17-12-2023,0
ESTACIÓN CENTRAL,18-12-2023,0
ESTACIÓN CENTRAL,19-12-2023,0
ESTACIÓN CENTRAL,20-12-2023,0
ESTACIÓN CENTRAL,21-12-2023,0
ESTACIÓN CENTRAL,22-12-2023,0
ESTACIÓN CENTRAL,23-12-2023,0
ESTACIÓN CENTRAL,24-12-2023,0
ESTACIÓN CENTRAL,25-12-2023,0
ESTACIÓN CENTRAL,26-12-2023,0
ESTACIÓN CENTRAL,27-12-2023,0.2
ESTACIÓN CENTRAL,28-12-2023,0
ESTACIÓN CENTRAL,29-12-2023,0
ESTACIÓN CENTRAL,30-12-2023,0
ESTACIÓN CENTRAL,31-12-2023,0
ESTACIÓN CENTRAL,01-01-2024,0
ESTACIÓN CENTRAL,02-01-2024,0
ESTACIÓN CENTRAL,03-01-2024,0
ESTACIÓN CENTRAL,04-01-2024,0
ESTACIÓN CENTRAL,05-01-2024,0
ESTACIÓN CENTRAL,06-01-2024,0
ESTACIÓN CENTRAL,07-01-2024,0
ESTACIÓN CENTRAL,08-01-2024,0
ESTACIÓN CENTRAL,09-01-2024,0
ESTACIÓN CENTRAL,10-01-2024,0
ESTACIÓN CENTRAL,11-01-2024,0
ESTACIÓN CENTRAL,12-01-2024,0
ESTACIÓN CENTRAL,13-01-2024,0
ESTACIÓN CENTRAL,14-01-2024,0
ESTACIÓN CENTRAL,15-01-2024,0
ESTACIÓN CENTRAL,16-01-2024,0
ESTACIÓN CENTRAL,17-01-2024,0
ESTACIÓN CENTRAL,18-01-2024,0
ESTACIÓN CENTRAL,19-01-2024,0
ESTACIÓN CENTRAL,20-01-2024,0
ESTACIÓN CENTRAL,21-01-2024,0
ESTACIÓN CENTRAL,22-01-2024,0
ESTACIÓN CENTRAL,23-01-2024,0
ESTACIÓN CENTRAL,24-01-2024,0
ESTACIÓN CENTRAL,25-01-2024,0
ESTACIÓN CENTRAL,26-01-2024,0
ESTACIÓN CENTRAL,27-01-2024,0
ESTACIÓN CENTRAL,28-01-2024,0
ESTACIÓN CENTRAL,29-01-2024,0
ESTACIÓN CENTRAL,30-01-2024,0
ESTACIÓN CENTRAL,31-01-2024,0
ESTACIÓN CENTRAL,01-02-2024,0
ESTACIÓN CENTRAL,02-02-2024,0
ESTACIÓN CENTRAL,03-02-2024,0
ESTACIÓN CENTRAL,04-02-2024,0
ESTACIÓN CENTRAL,05-02-2024,0
ESTACIÓN CENTRAL,06-02-2024,0
ESTACIÓN CENTRAL,07-02-2024,0
ESTACIÓN CENTRAL,08-02-2024,0
ESTACIÓN CENTRAL,09-02-2024,0
ESTACIÓN CENTRAL,10-02-2024,0
ESTACIÓN CENTRAL,11-02-2024,0
ESTACIÓN CENTRAL,12-02-2024,0
ESTACIÓN CENTRAL,13-02-2024,0
ESTACIÓN CENTRAL,14-02-2024,0
ESTACIÓN CENTRAL,15-02-2024,0
ESTACIÓN CENTRAL,16-02-2024,0
ESTACIÓN CENTRAL,17-02-2024,0
ESTACIÓN CENTRAL,18-02-2024,0.2
ESTACIÓN CENTRAL,19-02-2024,0
ESTACIÓN CENTRAL,20-02-2024,0
ESTACIÓN CENTRAL,21-02-2024,0
ESTACIÓN CENTRAL,22-02-2024,0
ESTACIÓN CENTRAL,23-02-2024,0
ESTACIÓN CENTRAL,24-02-2024,1
ESTACIÓN CENTRAL,25-02-2024,0.1
ESTACIÓN CENTRAL,26-02-2024,0
ESTACIÓN CENTRAL,27-02-2024,0
ESTACIÓN CENTRAL,28-02-2024,0
ESTACIÓN CENTRAL,29-02-2024,0
ESTACIÓN CENTRAL,01-03-2024,0
ESTACIÓN CENTRAL,02-03-2024,0
ESTACIÓN CENTRAL,03-03-2024,0
ESTACIÓN CENTRAL,04-03-2024,0
ESTACIÓN CENTRAL,05-03-2024,0
ESTACIÓN CENTRAL,06-03-2024,0
ESTACIÓN CENTRAL,07-03-2024,0
ESTACIÓN CENTRAL,08-03-2024,0
ESTACIÓN CENTRAL,09-03-2024,0
ESTACIÓN CENTRAL,10-03-2024,0
ESTACIÓN CENTRAL,11-03-2024,0
ESTACIÓN CENTRAL,12-03-2024,0
ESTACIÓN CENTRAL,13-03-2024,0
ESTACIÓN CENTRAL,14-03-2024,0
ESTACIÓN CENTRAL,15-03-2024,0
ESTACIÓN CENTRAL,16-03-2024,0
ESTACIÓN CENTRAL,17-03-2024,0
ESTACIÓN CENTRAL,18-03-2024,0
ESTACIÓN CENTRAL,19-03-2024,0
ESTACIÓN CENTRAL,20-03-2024,0
ESTACIÓN CENTRAL,21-03-2024,0
ESTACIÓN CENTRAL,22-03-2024,0
ESTACIÓN CENTRAL,23-03-2024,0
ESTACIÓN CENTRAL,24-03-2024,0
ESTACIÓN CENTRAL,25-03-2024,0
ESTACIÓN CENTRAL,26-03-2024,0
ESTACIÓN CENTRAL,27-03-2024,0
ESTACIÓN CENTRAL,28-03-2024,0
ESTACIÓN CENTRAL,29-03-2024,0
ESTACIÓN CENTRAL,30-03-2024,0
ESTACIÓN CENTRAL,31-03-2024,0
ESTACIÓN CENTRAL,01-04-2024,0
ESTACIÓN CENTRAL,02-04-2024,0
ESTACIÓN CENTRAL,03-04-2024,0
ESTACIÓN CENTRAL,04-04-2024,0
ESTACIÓN CENTRAL,05-04-2024,0
ESTACIÓN CENTRAL,06-04-2024,0
ESTACIÓN CENTRAL,07-04-2024,0
ESTACIÓN CENTRAL,08-04-2024,0
ESTACIÓN CENTRAL,09-04-2024,0
ESTACIÓN CENTRAL,10-04-2024,0
ESTACIÓN CENTRAL,11-04-2024,0
ESTACIÓN CENTRAL,12-04-2024,0
ESTACIÓN CENTRAL,13-04-2024,0
ESTACIÓN CENTRAL,14-04-2024,0.1
ESTACIÓN CENTRAL,15-04-2024,0
ESTACIÓN CENTRAL,16-04-2024,0
ESTACIÓN CENTRAL,17-04-2024,0
ESTACIÓN CENTRAL,18-04-2024,0
ESTACIÓN CENTRAL,19-04-2024,0
ESTACIÓN CENTRAL,20-04-2024,0
ESTACIÓN CENTRAL,21-04-2024,0
ESTACIÓN CENTRAL,22-04-2024,0
ESTACIÓN CENTRAL,23-04-2024,0
ESTACIÓN CENTRAL,24-04-2024,0
ESTACIÓN CENTRAL,25-04-2024,0
ESTACIÓN CENTRAL,26-04-2024,0
ESTACIÓN CENTRAL,27-04-2024,0
ESTACIÓN CENTRAL,28-04-2024,0
ESTACIÓN CENTRAL,29-04-2024,0
ESTACIÓN CENTRAL,30-04-2024,0
ESTACIÓN CENTRAL,01-05-2024,0
ESTACIÓN CENTRAL,02-05-2024,0
ESTACIÓN CENTRAL,03-05-2024,0
ESTACIÓN CENTRAL,04-05-2024,0
ESTACIÓN CENTRAL,05-05-2024,0
ESTACIÓN CENTRAL,06-05-2024,0
ESTACIÓN CENTRAL,07-05-2024,0
ESTACIÓN CENTRAL,08-05-2024,0
ESTACIÓN CENTRAL,09-05-2024,0
ESTACIÓN CENTRAL,10-05-2024,0
ESTACIÓN CENTRAL,11-05-2024,0
ESTACIÓN CENTRAL,12-05-2024,0
ESTACIÓN CENTRAL,13-05-2024,0
ESTACIÓN CENTRAL,14-05-2024,0
ESTACIÓN CENTRAL,15-05-2024,0
ESTACIÓN CENTRAL,16-05-2024,0
ESTACIÓN CENTRAL,17-05-2024,0
ESTACIÓN CENTRAL,18-05-2024,0
ESTACIÓN CENTRAL,19-05-2024,0
ESTACIÓN CENTRAL,20-05-2024,0
ESTACIÓN CENTRAL,21-05-2024,0
ESTACIÓN CENTRAL,22-05-2024,0
ESTACIÓN CENTRAL,23-05-2024,0
ESTACIÓN CENTRAL,24-05-2024,0
ESTACIÓN CENTRAL,25-05-2024,0
ESTACIÓN CENTRAL,26-05-2024,0
ESTACIÓN CENTRAL,27-05-2024,0
ESTACIÓN CENTRAL,28-05-2024,0
ESTACIÓN CENTRAL,29-05-2024,0
ESTACIÓN CENTRAL,30-05-2024,0
ESTACIÓN CENTRAL,31-05-2024,0
ESTACIÓN CENTRAL,01-06-2024,0
ESTACIÓN CENTRAL,02-06-2024,0
ESTACIÓN CENTRAL,03-06-2024,0
ESTACIÓN CENTRAL,04-06-2024,0
ESTACIÓN CENTRAL,05-06-2024,0
ESTACIÓN CENTRAL,06-06-2024,0
ESTACIÓN CENTRAL,07-06-2024,0
ESTACIÓN CENTRAL,08-06-2024,0
ESTACIÓN CENTRAL,09-06-2024,0
ESTACIÓN CENTRAL,10-06-2024,0
ESTACIÓN CENTRAL,11-06-2024,0
ESTACIÓN CENTRAL,12-06-2024,0
ESTACIÓN CENTRAL,13-06-2024,0
ESTACIÓN CENTRAL,14-06-2024,0
ESTACIÓN CENTRAL,15-06-2024,0
ESTACIÓN CENTRAL,16-06-2024,0
ESTACIÓN CENTRAL,17-06-2024,0
ESTACIÓN CENTRAL,18-06-2024,0
ESTACIÓN CENTRAL,19-06-2024,0
ESTACIÓN CENTRAL,20-06-2024,0
ESTACIÓN CENTRAL,21-06-2024,0
ESTACIÓN CENTRAL,22-06-2024,0
ESTACIÓN CENTRAL,23-06-2024,0
ESTACIÓN CENTRAL,24-06-2024,0
ESTACIÓN CENTRAL,25-06-2024,0
ESTACIÓN CENTRAL,26-06-2024,0
ESTACIÓN CENTRAL,27-06-2024,0
ESTACIÓN CENTRAL,28-06-2024,0
ESTACIÓN CENTRAL,29-06-2024,0
ESTACIÓN CENTRAL,30-06-2024,0
ESTACIÓN CENTRAL,01-07-2024,0
ESTACIÓN CENTRAL,02-07-2024,0
ESTACIÓN CENTRAL,03-07-2024,0
ESTACIÓN CENTRAL,04-07-2024,0
ESTACIÓN CENTRAL,05-07-2024,0
ESTACIÓN CENTRAL,06-07-2024,0
ESTACIÓN CENTRAL,07-07-2024,0
ESTACIÓN CENTRAL,08-07-2024,0
ESTACIÓN CENTRAL,09-07-2024,0
ESTACIÓN CENTRAL,10-07-2024,0
ESTACIÓN CENTRAL,11-07-2024,0
ESTACIÓN CENTRAL,12-07-2024,0
ESTACIÓN CENTRAL,13-07-2024,0
ESTACIÓN CENTRAL,14-07-2024,0
ESTACIÓN CENTRAL,15-07-2024,0
ESTACIÓN CENTRAL,16-07-2024,0
ESTACIÓN CENTRAL,17-07-2024,0
ESTACIÓN CENTRAL,18-07-2024,0
ESTACIÓN CENTRAL,19-07-2024,0
ESTACIÓN CENTRAL,20-07-2024,0
ESTACIÓN CENTRAL,21-07-2024,0
ESTACIÓN CENTRAL,22-07-2024,0
ESTACIÓN CENTRAL,23-07-2024,0
ESTACIÓN CENTRAL,24-07-2024,0
ESTACIÓN CENTRAL,25-07-2024,0
ESTACIÓN CENTRAL,26-07-2024,0
ESTACIÓN CENTRAL,27-07-2024,0
ESTACIÓN CENTRAL,28-07-2024,0
ESTACIÓN CENTRAL,29-07-2024,0
ESTACIÓN CENTRAL,30-07-2024,0
ESTACIÓN CENTRAL,31-07-2024,0
ESTACIÓN CENTRAL,01-08-2024,0
ESTACIÓN CENTRAL,02-08-2024,0
ESTACIÓN CENTRAL,03-08-2024,0
ESTACIÓN CENTRAL,04-08-2024,0
ESTACIÓN CENTRAL,05-08-2024,0
ESTACIÓN CENTRAL,06-08-2024,0
ESTACIÓN CENTRAL,07-08-2024,0
ESTACIÓN CENTRAL,08-08-2024,0
ESTACIÓN CENTRAL,09-08-2024,0
ESTACIÓN CENTRAL,10-08-2024,0
ESTACIÓN CENTRAL,11-08-2024,0
ESTACIÓN CENTRAL,12-08-2024,0
ESTACIÓN CENTRAL,13-08-2024,0
ESTACIÓN CENTRAL,14-08-2024,0
ESTACIÓN CENTRAL,15-08-2024,0
ESTACIÓN CENTRAL,16-08-2024,0
ESTACIÓN CENTRAL,17-08-2024,0
ESTACIÓN CENTRAL,18-08-2024,0
ESTACIÓN CENTRAL,19-08-2024,0
ESTACIÓN CENTRAL,20-08-2024,0
ESTACIÓN CENTRAL,21-08-2024,0
ESTACIÓN CENTRAL,22-08-2024,0
ESTACIÓN CENTRAL,23-08-2024,0
ESTACIÓN CENTRAL,24-08-2024,0
ESTACIÓN CENTRAL,25-08-2024,0
ESTACIÓN CENTRAL,26-08-2024,0
ESTACIÓN CENTRAL,27-08-2024,0
ESTACIÓN CENTRAL,28-08-2024,0
ESTACIÓN CENTRAL,29-08-2024,0
ESTACIÓN CENTRAL,30-08-2024,0
ESTACIÓN CENTRAL,31-08-2024,0
ESTACIÓN CENTRAL,01-09-2024,0
ESTACIÓN CENTRAL,02-09-2024,0
ESTACIÓN CENTRAL,03-09-2024,0
ESTACIÓN CENTRAL,04-09-2024,0
ESTACIÓN CENTRAL,05-09-2024,0
ESTACIÓN CENTRAL,06-09-2024,0
ESTACIÓN CENTRAL,07-09-2024,0
ESTACIÓN CENTRAL,08-09-2024,0
ESTACIÓN CENTRAL,09-09-2024,0
ESTACIÓN CENTRAL,10-09-2024,0
ESTACIÓN CENTRAL,11-09-2024,0
ESTACIÓN CENTRAL,12-09-2024,0
ESTACIÓN CENTRAL,13-09-2024,0
ESTACIÓN CENTRAL,14-09-2024,0
ESTACIÓN CENTRAL,15-09-2024,0
ESTACIÓN CENTRAL,16-09-2024,0
ESTACIÓN CENTRAL,17-09-2024,0
ESTACIÓN CENTRAL,18-09-2024,0
ESTACIÓN CENTRAL,19-09-2024,0
ESTACIÓN CENTRAL,20-09-2024,0
ESTACIÓN CENTRAL,21-09-2024,0
ESTACIÓN CENTRAL,22-09-2024,0
ESTACIÓN CENTRAL,23-09-2024,0
ESTACIÓN CENTRAL,24-09-2024,0
ESTACIÓN CENTRAL,25-09-2024,0
ESTACIÓN CENTRAL,26-09-2024,0
ESTACIÓN CENTRAL,27-09-2024,0
ESTACIÓN CENTRAL,28-09-2024,0
ESTACIÓN CENTRAL,29-09-2024,0
ESTACIÓN CENTRAL,30-09-2024,0
ESTACIÓN CENTRAL,01-10-2024,0
ESTACIÓN CENTRAL,02-10-2024,0
ESTACIÓN CENTRAL,03-10-2024,0
ESTACIÓN CENTRAL,04-10-2024,0
ESTACIÓN CENTRAL,05-10-2024,0
ESTACIÓN CENTRAL,06-10-2024,0
ESTACIÓN CENTRAL,07-10-2024,0
ESTACIÓN CENTRAL,08-10-2024,0
ESTACIÓN CENTRAL,09-10-2024,0
ESTACIÓN CENTRAL,10-10-2024,0
ESTACIÓN CENTRAL,11-10-2024,0
ESTACIÓN CENTRAL,12-10-2024,0
ESTACIÓN CENTRAL,13-10-2024,0
ESTACIÓN CENTRAL,14-10-2024,0
ESTACIÓN CENTRAL,15-10-2024,0
ESTACIÓN CENTRAL,16-10-2024,0
ESTACIÓN CENTRAL,17-10-2024,0
ESTACIÓN CENTRAL,18-10-2024,0
ESTACIÓN CENTRAL,19-10-2024,0
ESTACIÓN CENTRAL,20-10-2024,0
ESTACIÓN CENTRAL,21-10-2024,0
ESTACIÓN CENTRAL,22-10-2024,0
ESTACIÓN CENTRAL,23-10-2024,0
ESTACIÓN CENTRAL,24-10-2024,0
ESTACIÓN CENTRAL,25-10-2024,0
ESTACIÓN CENTRAL,26-10-2024,0
ESTACIÓN CENTRAL,27-10-2024,0
ESTACIÓN CENTRAL,28-10-2024,0
ESTACIÓN CENTRAL,29-10-2024,0
ESTACIÓN CENTRAL,30-10-2024,0
ESTACIÓN CENTRAL,31-10-2024,0
ESTACIÓN CENTRAL,01-11-2024,0
ESTACIÓN CENTRAL,02-11-2024,0
ESTACIÓN CENTRAL,03-11-2024,0
ESTACIÓN CENTRAL,04-11-2024,0
ESTACIÓN CENTRAL,05-11-2024,0
ESTACIÓN CENTRAL,06-11-2024,0
ESTACIÓN CENTRAL,07-11-2024,0
ESTACIÓN CENTRAL,08-11-2024,0
ESTACIÓN CENTRAL,09-11-2024,0
ESTACIÓN CENTRAL,10-11-2024,0
ESTACIÓN CENTRAL,11-11-2024,0
ESTACIÓN CENTRAL,12-11-2024,0
ESTACIÓN CENTRAL,13-11-2024,0
ESTACIÓN CENTRAL,14-11-2024,0
ESTACIÓN CENTRAL,15-11-2024,0
ESTACIÓN CENTRAL,16-11-2024,0
ESTACIÓN CENTRAL,17-11-2024,0
ESTACIÓN CENTRAL,18-11-2024,0
ESTACIÓN CENTRAL,19-11-2024,0
ESTACIÓN CENTRAL,20-11-2024,0
ESTACIÓN CENTRAL,21-11-2024,0
ESTACIÓN CENTRAL,22-11-2024,0
ESTACIÓN CENTRAL,23-11-2024,0
ESTACIÓN CENTRAL,24-11-2024,0
ESTACIÓN CENTRAL,25-11-2024,0
ESTACIÓN CENTRAL,26-11-2024,0
ESTACIÓN CENTRAL,27-11-2024,0
ESTACIÓN CENTRAL,28-11-2024,0
ESTACIÓN CENTRAL,29-11-2024,0
ESTACIÓN CENTRAL,30-11-2024,0
ESTACIÓN CENTRAL,01-12-2024,0
ESTACIÓN CENTRAL,02-12-2024,0
ESTACIÓN CENTRAL,03-12-2024,0
ESTACIÓN CENTRAL,04-12-2024,0
ESTACIÓN CENTRAL,05-12-2024,0
ESTACIÓN CENTRAL,06-12-2024,0
ESTACIÓN CENTRAL,07-12-2024,0
ESTACIÓN CENTRAL,08-12-2024,0
ESTACIÓN CENTRAL,09-12-2024,0
ESTACIÓN CENTRAL,10-12-2024,0
ESTACIÓN CENTRAL,11-12-2024,0
ESTACIÓN CENTRAL,12-12-2024,0
ESTACIÓN CENTRAL,13-12-2024,0
ESTACIÓN CENTRAL,14-12-2024,0
ESTACIÓN CENTRAL,15-12-2024,0
ESTACIÓN CENTRAL,16-12-2024,0
ESTACIÓN CENTRAL,17-12-2024,0
ESTACIÓN CENTRAL,18-12-2024,0
ESTACIÓN CENTRAL,19-12-2024,0
ESTACIÓN CENTRAL,20-12-2024,0
ESTACIÓN CENTRAL,21-12-2024,0
ESTACIÓN CENTRAL,22-12-2024,0
ESTACIÓN CENTRAL,23-12-2024,0
ESTACIÓN CENTRAL,24-12-2024,0
ESTACIÓN CENTRAL,25-12-2024,0
ESTACIÓN CENTRAL,26-12-2024,0
ESTACIÓN CENTRAL,27-12-2024,0
ESTACIÓN CENTRAL,28-12-2024,0
ESTACIÓN CENTRAL,29-12-2024,0
ESTACIÓN CENTRAL,30-12-2024,0
ESTACIÓN CENTRAL,31-12-2024,0
ESTACIÓN CENTRAL,01-01-2025,0
ESTACIÓN CENTRAL,02-01-2025,0
ESTACIÓN CENTRAL,03-01-2025,0
ESTACIÓN CENTRAL,04-01-2025,0
ESTACIÓN CENTRAL,05-01-2025,0
ESTACIÓN CENTRAL,06-01-2025,0
ESTACIÓN CENTRAL,07-01-2025,0
ESTACIÓN CENTRAL,08-01-2025,0
ESTACIÓN CENTRAL,09-01-2025,0
ESTACIÓN CENTRAL,10-01-2025,0
ESTACIÓN CENTRAL,11-01-2025,0
ESTACIÓN CENTRAL,12-01-2025,0
ESTACIÓN CENTRAL,13-01-2025,0
ESTACIÓN CENTRAL,14-01-2025,0
ESTACIÓN CENTRAL,15-01-2025,0
ESTACIÓN CENTRAL,16-01-2025,0
ESTACIÓN CENTRAL,17-01-2025,0
ESTACIÓN CENTRAL,18-01-2025,0
ESTACIÓN CENTRAL,19-01-2025,0
ESTACIÓN CENTRAL,20-01-2025,0.4
ESTACIÓN CENTRAL,21-01-2025,0
ESTACIÓN CENTRAL,22-01-2025,0
ESTACIÓN CENTRAL,23-01-2025,0.3
ESTACIÓN CENTRAL,24-01-2025,0
ESTACIÓN CENTRAL,25-01-2025,0
ESTACIÓN CENTRAL,26-01-2025,0
ESTACIÓN CENTRAL,27-01-2025,0
ESTACIÓN CENTRAL,28-01-2025,0
ESTACIÓN CENTRAL,29-01-2025,0
ESTACIÓN CENTRAL,30-01-2025,0
ESTACIÓN CENTRAL,31-01-2025,0
ESTACIÓN CENTRAL,01-02-2025,0
ESTACIÓN CENTRAL,02-02-2025,0
ESTACIÓN CENTRAL,03-02-2025,0
ESTACIÓN CENTRAL,04-02-2025,0
ESTACIÓN CENTRAL,05-02-2025,0
ESTACIÓN CENTRAL,06-02-2025,0
ESTACIÓN CENTRAL,07-02-2025,0
ESTACIÓN CENTRAL,08-02-2025,0
ESTACIÓN CENTRAL,09-02-2025,0
ESTACIÓN CENTRAL,10-02-2025,0.6
ESTACIÓN CENTRAL,11-02-2025,0.6
ESTACIÓN CENTRAL,12-02-2025,1
ESTACIÓN CENTRAL,13-02-2025,0.3
ESTACIÓN CENTRAL,14-02-2025,0
ESTACIÓN CENTRAL,15-02-2025,0.7
ESTACIÓN CENTRAL,16-02-2025,0
ESTACIÓN CENTRAL,17-02-2025,0
ESTACIÓN CENTRAL,18-02-2025,0.8
ESTACIÓN CENTRAL,19-02-2025,0
ESTACIÓN CENTRAL,20-02-2025,0
ESTACIÓN CENTRAL,21-02-2025,0
ESTACIÓN CENTRAL,22-02-2025,0
ESTACIÓN CENTRAL,23-02-2025,0
ESTACIÓN CENTRAL,24-02-2025,0
ESTACIÓN CENTRAL,25-02-2025,0
ESTACIÓN CENTRAL,26-02-2025,0
ESTACIÓN CENTRAL,27-02-2025,0
ESTACIÓN CENTRAL,28-02-2025,0
ESTACIÓN CENTRAL,01-03-2025,0
ESTACIÓN CENTRAL,02-03-2025,0
ESTACIÓN CENTRAL,03-03-2025,0
ESTACIÓN CENTRAL,04-03-2025,0
ESTACIÓN CENTRAL,05-03-2025,0
ESTACIÓN CENTRAL,06-03-2025,0
ESTACIÓN CENTRAL,07-03-2025,0
ESTACIÓN CENTRAL,08-03-2025,0
ESTACIÓN CENTRAL,09-03-2025,0
ESTACIÓN CENTRAL,10-03-2025,0
ESTACIÓN CENTRAL,11-03-2025,0
ESTACIÓN CENTRAL,12-03-2025,0
ESTACIÓN CENTRAL,13-03-2025,0
ESTACIÓN CENTRAL,14-03-2025,0
ESTACIÓN CENTRAL,15-03-2025,0
ESTACIÓN CENTRAL,16-03-2025,0
ESTACIÓN CENTRAL,17-03-2025,0
ESTACIÓN CENTRAL,18-03-2025,0
ESTACIÓN CENTRAL,19-03-2025,0
ESTACIÓN CENTRAL,20-03-2025,0
ESTACIÓN CENTRAL,21-03-2025,0
ESTACIÓN CENTRAL,22-03-2025,0
ESTACIÓN CENTRAL,23-03-2025,0
ESTACIÓN CENTRAL,24-03-2025,0
ESTACIÓN CENTRAL,25-03-2025,0
ESTACIÓN CENTRAL,26-03-2025,0
ESTACIÓN CENTRAL,27-03-2025,0
ESTACIÓN CENTRAL,28-03-2025,0
ESTACIÓN CENTRAL,29-03-2025,0
ESTACIÓN CENTRAL,30-03-2025,0
ESTACIÓN CENTRAL,31-03-2025,0
ESTACIÓN CENTRAL,01-04-2025,0
ESTACIÓN CENTRAL,02-04-2025,0
ESTACIÓN CENTRAL,03-04-2025,0
ESTACIÓN CENTRAL,04-04-2025,0
ESTACIÓN CENTRAL,05-04-2025,0
ESTACIÓN CENTRAL,06-04-2025,0
ESTACIÓN CENTRAL,07-04-2025,0
ESTACIÓN CENTRAL,08-04-2025,0
ESTACIÓN CENTRAL,09-04-2025,0
ESTACIÓN CENTRAL,10-04-2025,0
ESTACIÓN CENTRAL,11-04-2025,0
ESTACIÓN CENTRAL,12-04-2025,0
ESTACIÓN CENTRAL,13-04-2025,0
ESTACIÓN CENTRAL,14-04-2025,0
ESTACIÓN CENTRAL,15-04-2025,0
ESTACIÓN CENTRAL,16-04-2025,0
ESTACIÓN CENTRAL,17-04-2025,0
ESTACIÓN CENTRAL,18-04-2025,0
ESTACIÓN CENTRAL,19-04-2025,0
ESTACIÓN CENTRAL,20-04-2025,0
ESTACIÓN CENTRAL,21-04-2025,0.2
ESTACIÓN CENTRAL,22-04-2025,0
ESTACIÓN CENTRAL,23-04-2025,0
ESTACIÓN CENTRAL,24-04-2025,0
ESTACIÓN CENTRAL,25-04-2025,0
ESTACIÓN CENTRAL,26-04-2025,0
ESTACIÓN CENTRAL,27-04-2025,0
ESTACIÓN CENTRAL,28-04-2025,0
ESTACIÓN CENTRAL,29-04-2025,0
ESTACIÓN CENTRAL,30-04-2025,0
ESTACIÓN CENTRAL,01-05-2025,0
ESTACIÓN CENTRAL,02-05-2025,0
ESTACIÓN CENTRAL,03-05-2025,0
ESTACIÓN CENTRAL,04-05-2025,0
ESTACIÓN CENTRAL,05-05-2025,0
ESTACIÓN CENTRAL,06-05-2025,0
ESTACIÓN CENTRAL,07-05-2025,0
ESTACIÓN CENTRAL,08-05-2025,0
ESTACIÓN CENTRAL,09-05-2025,0
ESTACIÓN CENTRAL,10-05-2025,0
ESTACIÓN CENTRAL,11-05-2025,0
ESTACIÓN CENTRAL,12-05-2025,0
ESTACIÓN CENTRAL,13-05-2025,0
ESTACIÓN CENTRAL,14-05-2025,0
ESTACIÓN CENTRAL,15-05-2025,0
ESTACIÓN CENTRAL,16-05-2025,0
ESTACIÓN CENTRAL,17-05-2025,0
ESTACIÓN CENTRAL,18-05-2025,0
ESTACIÓN CENTRAL,19-05-2025,0
ESTACIÓN CENTRAL,20-05-2025,0
ESTACIÓN CENTRAL,21-05-2025,0
ESTACIÓN CENTRAL,22-05-2025,0
ESTACIÓN CENTRAL,23-05-2025,0
ESTACIÓN CENTRAL,24-05-2025,0
ESTACIÓN CENTRAL,25-05-2025,0
ESTACIÓN CENTRAL,26-05-2025,0
ESTACIÓN CENTRAL,27-05-2025,0
ESTACIÓN CENTRAL,28-05-2025,0
ESTACIÓN CENTRAL,29-05-2025,0
ESTACIÓN CENTRAL,30-05-2025,0
ESTACIÓN CENTRAL,31-05-2025,0
ESTACIÓN CENTRAL,01-06-2025,0
ESTACIÓN CENTRAL,02-06-2025,0
ESTACIÓN CENTRAL,03-06-2025,0
ESTACIÓN CENTRAL,04-06-2025,0
ESTACIÓN CENTRAL,05-06-2025,0
ESTACIÓN CENTRAL,06-06-2025,0
ESTACIÓN CENTRAL,07-06-2025,0
ESTACIÓN CENTRAL,08-06-2025,0
ESTACIÓN CENTRAL,09-06-2025,0
ESTACIÓN CENTRAL,10-06-2025,0
ESTACIÓN CENTRAL,11-06-2025,0
ESTACIÓN CENTRAL,12-06-2025,0
ESTACIÓN CENTRAL,13-06-2025,0
ESTACIÓN CENTRAL,14-06-2025,0
ESTACIÓN CENTRAL,15-06-2025,0
ESTACIÓN CENTRAL,16-06-2025,0
ESTACIÓN CENTRAL,17-06-2025,0
ESTACIÓN CENTRAL,18-06-2025,0
ESTACIÓN CENTRAL,19-06-2025,0
ESTACIÓN CENTRAL,20-06-2025,0
ESTACIÓN CENTRAL,21-06-2025,0
ESTACIÓN CENTRAL,22-06-2025,0
ESTACIÓN CENTRAL,23-06-2025,0
ESTACIÓN CENTRAL,24-06-2025,0
ESTACIÓN CENTRAL,25-06-2025,0
ESTACIÓN CENTRAL,26-06-2025,0
ESTACIÓN CENTRAL,27-06-2025,0
ESTACIÓN CENTRAL,28-06-2025,0
ESTACIÓN CENTRAL,29-06-2025,0
ESTACIÓN CENTRAL,30-06-2025,0
ESTACIÓN CENTRAL,01-07-2025,0
ESTACIÓN CENTRAL,02-07-2025,0
ESTACIÓN CENTRAL,03-07-2025,0
ESTACIÓN CENTRAL,04-07-2025,0
ESTACIÓN CENTRAL,05-07-2025,0
ESTACIÓN CENTRAL,06-07-2025,0
ESTACIÓN CENTRAL,07-07-2025,0
ESTACIÓN CENTRAL,08-07-2025,0
ESTACIÓN CENTRAL,09-07-2025,0
ESTACIÓN CENTRAL,10-07-2025,0
ESTACIÓN CENTRAL,11-07-2025,0
ESTACIÓN CENTRAL,12-07-2025,0
ESTACIÓN CENTRAL,13-07-2025,0
ESTACIÓN CENTRAL,14-07-2025,0
ESTACIÓN CENTRAL,15-07-2025,0
ESTACIÓN CENTRAL,16-07-2025,0
ESTACIÓN CENTRAL,17-07-2025,0
ESTACIÓN CENTRAL,18-07-2025,0
ESTACIÓN CENTRAL,19-07-2025,0
ESTACIÓN CENTRAL,20-07-2025,0
ESTACIÓN CENTRAL,21-07-2025,0
ESTACIÓN CENTRAL,22-07-2025,0
ESTACIÓN CENTRAL,23-07-2025,0
ESTACIÓN CENTRAL,24-07-2025,0
ESTACIÓN CENTRAL,25-07-2025,0
ESTACIÓN CENTRAL,26-07-2025,0
ESTACIÓN CENTRAL,27-07-2025,0
ESTACIÓN CENTRAL,28-07-2025,0
ESTACIÓN CENTRAL,29-07-2025,0
ESTACIÓN CENTRAL,30-07-2025,0
ESTACIÓN CENTRAL,31-07-2025,0
ESTACIÓN CENTRAL,01-08-2025,0
ESTACIÓN CENTRAL,02-08-2025,0
ESTACIÓN CENTRAL,03-08-2025,0
ESTACIÓN CENTRAL,04-08-2025,0
ESTACIÓN CENTRAL,05-08-2025,0
ESTACIÓN CENTRAL,06-08-2025,0
ESTACIÓN CENTRAL,07-08-2025,0
ESTACIÓN CENTRAL,08-08-2025,0
ESTACIÓN CENTRAL,09-08-2025,0
ESTACIÓN CENTRAL,10-08-2025,0
ESTACIÓN CENTRAL,11-08-2025,0
ESTACIÓN CENTRAL,12-08-2025,0
ESTACIÓN CENTRAL,13-08-2025,0
ESTACIÓN CENTRAL,14-08-2025,0
ESTACIÓN CENTRAL,15-08-2025,0
ESTACIÓN CENTRAL,16-08-2025,0
ESTACIÓN CENTRAL,17-08-2025,0
ESTACIÓN CENTRAL,18-08-2025,0
ESTACIÓN CENTRAL,19-08-2025,0
ESTACIÓN CENTRAL,20-08-2025,0
ESTACIÓN CENTRAL,21-08-2025,0
ESTACIÓN CENTRAL,22-08-2025,0.9
ESTACIÓN CENTRAL,23-08-2025,0
ESTACIÓN CENTRAL,24-08-2025,0
ESTACIÓN CENTRAL,25-08-2025,0
ESTACIÓN CENTRAL,26-08-2025,0
ESTACIÓN CENTRAL,27-08-2025,0
ESTACIÓN CENTRAL,28-08-2025,0
ESTACIÓN CENTRAL,29-08-2025,0.1
ESTACIÓN CENTRAL,30-08-2025,0
ESTACIÓN CENTRAL,31-08-2025,0
ESTACIÓN CENTRAL,01-09-2025,0
ESTACIÓN CENTRAL,02-09-2025,0
ESTACIÓN CENTRAL,03-09-2025,0
ESTACIÓN CENTRAL,04-09-2025,0
ESTACIÓN CENTRAL,05-09-2025,0
ESTACIÓN CENTRAL,06-09-2025,0
ESTACIÓN CENTRAL,07-09-2025,0
ESTACIÓN CENTRAL,08-09-2025,0
ESTACIÓN CENTRAL,09-09-2025,0
ESTACIÓN CENTRAL,10-09-2025,0
ESTACIÓN CENTRAL,11-09-2025,0
ESTACIÓN CENTRAL,12-09-2025,0
ESTACIÓN CENTRAL,13-09-2025,0
ESTACIÓN CENTRAL,14-09-2025,0
ESTACIÓN CENTRAL,15-09-2025,0
ESTACIÓN CENTRAL,16-09-2025,0
ESTACIÓN CENTRAL,17-09-2025,0
ESTACIÓN CENTRAL,18-09-2025,0
ESTACIÓN CENTRAL,19-09-2025,0
ESTACIÓN CENTRAL,20-09-2025,0
ESTACIÓN CENTRAL,21-09-2025,0
ESTACIÓN CENTRAL,22-09-2025,0
ESTACIÓN CENTRAL,23-09-2025,0
ESTACIÓN CENTRAL,24-09-2025,0
ESTACIÓN CENTRAL,25-09-2025,0
ESTACIÓN CENTRAL,26-09-2025,0
ESTACIÓN CENTRAL,27-09-2025,0
ESTACIÓN CENTRAL,28-09-2025,0
ESTACIÓN CENTRAL,29-09-2025,0
ESTACIÓN CENTRAL,30-09-2025,0
ESTACIÓN CENTRAL,01-10-2025,0
ESTACIÓN CENTRAL,02-10-2025,0
ESTACIÓN CENTRAL,03-10-2025,0
ESTACIÓN CENTRAL,04-10-2025,0
ESTACIÓN CENTRAL,05-10-2025,0
ESTACIÓN CENTRAL,06-10-2025,0
ESTACIÓN CENTRAL,07-10-2025,0
ESTACIÓN CENTRAL,08-10-2025,0
ESTACIÓN CENTRAL,09-10-2025,0
ESTACIÓN CENTRAL,10-10-2025,0
ESTACIÓN CENTRAL,11-10-2025,0
ESTACIÓN CENTRAL,12-10-2025,0
ESTACIÓN CENTRAL,13-10-2025,0
ESTACIÓN CENTRAL,14-10-2025,0
ESTACIÓN CENTRAL,15-10-2025,0
ESTACIÓN CENTRAL,16-10-2025,0
ESTACIÓN CENTRAL,17-10-2025,0
ESTACIÓN CENTRAL,18-10-2025,0
ESTACIÓN CENTRAL,19-10-2025,0
ESTACIÓN CENTRAL,20-10-2025,0
ESTACIÓN CENTRAL,21-10-2025,0
ESTACIÓN CENTRAL,22-10-2025,0
ESTACIÓN CENTRAL,23-10-2025,0
ESTACIÓN CENTRAL,24-10-2025,0
ESTACIÓN CENTRAL,25-10-2025,0
ESTACIÓN CENTRAL,26-10-2025,0
ESTACIÓN CENTRAL,27-10-2025,0
ESTACIÓN CENTRAL,28-10-2025,0
ESTACIÓN CENTRAL,29-10-2025,0
ESTACIÓN CENTRAL,30-10-2025,0
ESTACIÓN CENTRAL,31-10-2025,0
ESTACIÓN CENTRAL,01-11-2025,0
ESTACIÓN CENTRAL,02-11-2025,0
ESTACIÓN CENTRAL,03-11-2025,0
ESTACIÓN CENTRAL,04-11-2025,0
ESTACIÓN CENTRAL,05-11-2025,0
ESTACIÓN CENTRAL,06-11-2025,0
ESTACIÓN CENTRAL,07-11-2025,0
ESTACIÓN CENTRAL,08-11-2025,0
ESTACIÓN CENTRAL,09-11-2025,0
ESTACIÓN CENTRAL,10-11-2025,0
ESTACIÓN CENTRAL,11-11-2025,0
ESTACIÓN CENTRAL,12-11-2025,0
ESTACIÓN CENTRAL,13-11-2025,0
ESTACIÓN CENTRAL,14-11-2025,0
ESTACIÓN CENTRAL,15-11-2025,0
ESTACIÓN CENTRAL,16-11-2025,0
ESTACIÓN CENTRAL,17-11-2025,0
ESTACIÓN CENTRAL,18-11-2025,0
ESTACIÓN CENTRAL,19-11-2025,0
ESTACIÓN CENTRAL,20-11-2025,0
ESTACIÓN CENTRAL,21-11-2025,0
ESTACIÓN CENTRAL,22-11-2025,0
ESTACIÓN CENTRAL,23-11-2025,0
ESTACIÓN CENTRAL,24-11-2025,0
ESTACIÓN CENTRAL,25-11-2025,0
ESTACIÓN CENTRAL,26-11-2025,0
ESTACIÓN CENTRAL,27-11-2025,0
ESTACIÓN CENTRAL,28-11-2025,0
ESTACIÓN CENTRAL,29-11-2025,0
ESTACIÓN CENTRAL,30-11-2025,0
ESTACIÓN CENTRAL,01-12-2025,0
ESTACIÓN CENTRAL,02-12-2025,0
ESTACIÓN CENTRAL,03-12-2025,0
ESTACIÓN CENTRAL,04-12-2025,0
ESTACIÓN CENTRAL,05-12-2025,0
ESTACIÓN CENTRAL,06-12-2025,0
ESTACIÓN CENTRAL,07-12-2025,0
ESTACIÓN CENTRAL,08-12-2025,0
ESTACIÓN CENTRAL,09-12-2025,0
ESTACIÓN CENTRAL,10-12-2025,0
ESTACIÓN CENTRAL,11-12-2025,0
ESTACIÓN CENTRAL,12-12-2025,0
ESTACIÓN CENTRAL,13-12-2025,0
ESTACIÓN CENTRAL,14-12-2025,0
ESTACIÓN CENTRAL,15-12-2025,0
ESTACIÓN CENTRAL,16-12-2025,0
ESTACIÓN CENTRAL,17-12-2025,0
ESTACIÓN CENTRAL,18-12-2025,0
ESTACIÓN CENTRAL,19-12-2025,0
ESTACIÓN CENTRAL,20-12-2025,0
ESTACIÓN CENTRAL,21-12-2025,0
ESTACIÓN CENTRAL,22-12-2025,0
ESTACIÓN CENTRAL,23-12-2025,0
ESTACIÓN CENTRAL,24-12-2025,0
ESTACIÓN CENTRAL,25-12-2025,0
ESTACIÓN CENTRAL,26-12-2025,0
ESTACIÓN CENTRAL,27-12-2025,0
ESTACIÓN CENTRAL,28-12-2025,0
ESTACIÓN CENTRAL,29-12-2025,0
ESTACIÓN CENTRAL,30-12-2025,0
ESTACIÓN CENTRAL,31-12-2025,0
ESTACIÓN CENTRAL,01-01-2026,0
ESTACIÓN CENTRAL,02-01-2026,0
ESTACIÓN CENTRAL,03-01-2026,0
ESTACIÓN CENTRAL,04-01-2026,0
ESTACIÓN CENTRAL,05-01-2026,0
ESTACIÓN CENTRAL,06-01-2026,0
ESTACIÓN CENTRAL,07-01-2026,0
ESTACIÓN CENTRAL,08-01-2026,0
ESTACIÓN CENTRAL,09-01-2026,0
ESTACIÓN CENTRAL,10-01-2026,0
ESTACIÓN CENTRAL,11-01-2026,0
ESTACIÓN CENTRAL,12-01-2026,0
ESTACIÓN CENTRAL,13-01-2026,0
ESTACIÓN CENTRAL,14-01-2026,0
ESTACIÓN CENTRAL,15-01-2026,0.2
ESTACIÓN CENTRAL,16-01-2026,0
ESTACIÓN CENTRAL,17-01-2026,0
ESTACIÓN CENTRAL,18-01-2026,0
ESTACIÓN CENTRAL,19-01-2026,0
ESTACIÓN CENTRAL,20-01-2026,0.7
ESTACIÓN CENTRAL,21-01-2026,0.5
ESTACIÓN CENTRAL,22-01-2026,0
ESTACIÓN CENTRAL,23-01-2026,0
ESTACIÓN CENTRAL,24-01-2026,0
ESTACIÓN CENTRAL,25-01-2026,0
ESTACIÓN CENTRAL,26-01-2026,0
ESTACIÓN CENTRAL,27-01-2026,0
ESTACIÓN CENTRAL,28-01-2026,0
ESTACIÓN CENTRAL,29-01-2026,0
ESTACIÓN CENTRAL,30-01-2026,0
ESTACIÓN CENTRAL,31-01-2026,0
ESTACIÓN CENTRAL,01-02-2026,0
ESTACIÓN CENTRAL,02-02-2026,0
ESTACIÓN CENTRAL,03-02-2026,0
ESTACIÓN CENTRAL,04-02-2026,0
ESTACIÓN CENTRAL,05-02-2026,0
ESTACIÓN CENTRAL,06-02-2026,0
ESTACIÓN CENTRAL,07-02-2026,0
ESTACIÓN CENTRAL,08-02-2026,0
ESTACIÓN CENTRAL,09-02-2026,0
ESTACIÓN CENTRAL,10-02-2026,0
ESTACIÓN CENTRAL,11-02-2026,0.7
ESTACIÓN CENTRAL,12-02-2026,0
ESTACIÓN CENTRAL,13-02-2026,0
ESTACIÓN CENTRAL,14-02-2026,0
ESTACIÓN CENTRAL,15-02-2026,0
ESTACIÓN CENTRAL,16-02-2026,0.2
ESTACIÓN CENTRAL,17-02-2026,0.2
ESTACIÓN CENTRAL,18-02-2026,0
ESTACIÓN CENTRAL,19-02-2026,0
ESTACIÓN CENTRAL,20-02-2026,0
ESTACIÓN CENTRAL,21-02-2026,0
ESTACIÓN CENTRAL,22-02-2026,0
ESTACIÓN CENTRAL,23-02-2026,0
ESTACIÓN CENTRAL,24-02-2026,0
ESTACIÓN CENTRAL,25-02-2026,0
ESTACIÓN CENTRAL,26-02-2026,0
ESTACIÓN CENTRAL,27-02-2026,0
ESTACIÓN CENTRAL,28-02-2026,0
ESTACIÓN CENTRAL,01-03-2026,0
ESTACIÓN CENTRAL,02-03-2026,0
ESTACIÓN CENTRAL,03-03-2026,0
ESTACIÓN CENTRAL,04-03-2026,0
ESTACIÓN CENTRAL,05-03-2026,0
ESTACIÓN CENTRAL,06-03-2026,0
ESTACIÓN CENTRAL,07-03-2026,0
ESTACIÓN CENTRAL,08-03-2026,0
ESTACIÓN CENTRAL,09-03-2026,0
ESTACIÓN CENTRAL,10-03-2026,0
ESTACIÓN CENTRAL,11-03-2026,0
ESTACIÓN CENTRAL,12-03-2026,0
ESTACIÓN CENTRAL,13-03-2026,0
ESTACIÓN CENTRAL,14-03-2026,0
ESTACIÓN CENTRAL,15-03-2026,0
ESTACIÓN CENTRAL,16-03-2026,0
ESTACIÓN CENTRAL,17-03-2026,0.1
ESTACIÓN CENTRAL,18-03-2026,0
ESTACIÓN CENTRAL,19-03-2026,0
ESTACIÓN CENTRAL,20-03-2026,0
ESTACIÓN CENTRAL,21-03-2026,0
ESTACIÓN CENTRAL,22-03-2026,0
ESTACIÓN CENTRAL,23-03-2026,0
ESTACIÓN CENTRAL,24-03-2026,0
ESTACIÓN CENTRAL,25-03-2026,0
ESTACIÓN CENTRAL,26-03-2026,0
ESTACIÓN CENTRAL,27-03-2026,0
ESTACIÓN CENTRAL,28-03-2026,0
ESTACIÓN CENTRAL,29-03-2026,0
ESTACIÓN CENTRAL,30-03-2026,0
ESTACIÓN CENTRAL,31-03-2026,0
ESTACIÓN CENTRAL,01-04-2026,0
ESTACIÓN CENTRAL,02-04-2026,0
ESTACIÓN CENTRAL,03-04-2026,0
ESTACIÓN CENTRAL,04-04-2026,0
ESTACIÓN CENTRAL,05-04-2026,0
ESTACIÓN CENTRAL,06-04-2026,0
ESTACIÓN CENTRAL,07-04-2026,0
ESTACIÓN CENTRAL,08-04-2026,0
ESTACIÓN CENTRAL,09-04-2026,0
ESTACIÓN CENTRAL,10-04-2026,0
ESTACIÓN CENTRAL,11-04-2026,0
ESTACIÓN CENTRAL,12-04-2026,0
ESTACIÓN CENTRAL,13-04-2026,0
ESTACIÓN CENTRAL,14-04-2026,0
ESTACIÓN CENTRAL,15-04-2026,0
ESTACIÓN CENTRAL,16-04-2026,0
ESTACIÓN CENTRAL,17-04-2026,0
ESTACIÓN CENTRAL,18-04-2026,0
ESTACIÓN CENTRAL,19-04-2026,0
ESTACIÓN CENTRAL,20-04-2026,0
ESTACIÓN CENTRAL,21-04-2026,0
ESTACIÓN CENTRAL,22-04-2026,0
ESTACIÓN CENTRAL,23-04-2026,0
ESTACIÓN CENTRAL,24-04-2026,0
ESTACIÓN CENTRAL,25-04-2026,0
ESTACIÓN CENTRAL,26-04-2026,0
ESTACIÓN CENTRAL,27-04-2026,0
ESTACIÓN CENTRAL,28-04-2026,0
ESTACIÓN CENTRAL,29-04-2026,0
ESTACIÓN CENTRAL,30-04-2026,0
ESTACIÓN CENTRAL,01-05-2026,0
ESTACIÓN CENTRAL,02-05-2026,0
ESTACIÓN CENTRAL,03-05-2026,0
ESTACIÓN CENTRAL,04-05-2026,0
ESTACIÓN CENTRAL,05-05-2026,0
ESTACIÓN CENTRAL,06-05-2026,0
ESTACIÓN CENTRAL,07-05-2026,0.1
ESTACIÓN CENTRAL,08-05-2026,0
ESTACIÓN CENTRAL,09-05-2026,0
ESTACIÓN CENTRAL,10-05-2026,0
ESTACIÓN CENTRAL,11-05-2026,0
ESTACIÓN CENTRAL,12-05-2026,0
ESTACIÓN CENTRAL,13-05-2026,0
ESTACIÓN CENTRAL,14-05-2026,0
ESTACIÓN CENTRAL,15-05-2026,0
ESTACIÓN CENTRAL,16-05-2026,0
ESTACIÓN CENTRAL,17-05-2026,0
ESTACIÓN CENTRAL,18-05-2026,0
ESTACIÓN CENTRAL,19-05-2026,0
ESTACIÓN CENTRAL,20-05-2026,0
ESTACIÓN CENTRAL,21-05-2026,0
ESTACIÓN CENTRAL,22-05-2026,0
ESTACIÓN CENTRAL,23-05-2026,0
ESTACIÓN CENTRAL,24-05-2026,0
ESTACIÓN CENTRAL,25-05-2026,0
ESTACIÓN CENTRAL,26-05-2026,0
ESTACIÓN CENTRAL,27-05-2026,0
ESTACIÓN CENTRAL,28-05-2026,0
ESTACIÓN CENTRAL,29-05-2026,0
ESTACIÓN CENTRAL,30-05-2026,0
ESTACIÓN CENTRAL,31-05-2026,0
ESTACIÓN CENTRAL,01-06-2026,0
ESTACIÓN CENTRAL,02-06-2026,0
ESTACIÓN CENTRAL,03-06-2026,0
ESTACIÓN CENTRAL,04-06-2026,0
ESTACIÓN CENTRAL,05-06-2026,0
ESTACIÓN CENTRAL,06-06-2026,0
ESTACIÓN CENTRAL,07-06-2026,0
ESTACIÓN CENTRAL,08-06-2026,0
ESTACIÓN CENTRAL,09-06-2026,0
ESTACIÓN CENTRAL,10-06-2026,0
ESTACIÓN CENTRAL,11-06-2026,0
ESTACIÓN CENTRAL,12-06-2026,0
ESTACIÓN CENTRAL,13-06-2026,0
ESTACIÓN CENTRAL,14-06-2026,0
ESTACIÓN CENTRAL,15-06-2026,0
ESTACIÓN CENTRAL,16-06-2026,0
ESTACIÓN CENTRAL,17-06-2026,0
ESTACIÓN CENTRAL,18-06-2026,0
ESTACIÓN CENTRAL,19-06-2026,0
ESTACIÓN CENTRAL,20-06-2026,0
ESTACIÓN CENTRAL,21-06-2026,0
ESTACIÓN CENTRAL,22-06-2026,0
ESTACIÓN CENTRAL,23-06-2026,0
ESTACIÓN CENTRAL,24-06-2026,0
ESTACIÓN CENTRAL,25-06-2026,0
ESTACIÓN CENTRAL,26-06-2026,0
ESTACIÓN CENTRAL,27-06-2026,0
ESTACIÓN CENTRAL,28-06-2026,0
ESTACIÓN CENTRAL,29-06-2026,0
ESTACIÓN CENTRAL,30-06-2026,0
ESTACIÓN CENTRAL,01-07-2026,0
ESTACIÓN CENTRAL,02-07-2026,0
ESTACIÓN CENTRAL,03-07-2026,0
ESTACIÓN CENTRAL,04-07-2026,0
ESTACIÓN CENTRAL,05-07-2026,0
ESTACIÓN CENTRAL,06-07-2026,0
ESTACIÓN CENTRAL,07-07-2026,0
ESTACIÓN CENTRAL,08-07-2026,0
ESTACIÓN CENTRAL,09-07-2026,0
ESTACIÓN CENTRAL,10-07-2026,0
ESTACIÓN CENTRAL,11-07-2026,0
ESTACIÓN CENTRAL,12-07-2026,0
ESTACIÓN CENTRAL,13-07-2026,0
ESTACIÓN CENTRAL,14-07-2026,0
ESTACIÓN CENTRAL,15-07-2026,0
ESTACIÓN CENTRAL,16-07-2026,0
ESTACIÓN CENTRAL,17-07-2026,0
ESTACIÓN CENTRAL,18-07-2026,0
ESTACIÓN CENTRAL,19-07-2026,0
ESTACIÓN CENTRAL,20-07-2026,0
ESTACIÓN CENTRAL,21-07-2026,0
ESTACIÓN CENTRAL,22-07-2026,0
ESTACIÓN CENTRAL,23-07-2026,0
ESTACIÓN CENTRAL,24-07-2026,0
ESTACIÓN CENTRAL,25-07-2026,0
ESTACIÓN CENTRAL,26-07-2026,0
ESTACIÓN CENTRAL,27-07-2026,0
ESTACIÓN CENTRAL,28-07-2026,0
ESTACIÓN CENTRAL,29-07-2026,0
ESTACIÓN CENTRAL,30-07-2026,0
ESTACIÓN CENTRAL,31-07-2026,0
POZO POCONCHILE,01-10-2024,0
POZO POCONCHILE,02-10-2024,0
POZO POCONCHILE,03-10-2024,0
POZO POCONCHILE,04-10-2024,0
POZO POCONCHILE,05-10-2024,0
POZO POCONCHILE,06-10-2024,0
POZO POCONCHILE,07-10-2024,0
POZO POCONCHILE,08-10-2024,0
POZO POCONCHILE,09-10-2024,0
POZO POCONCHILE,10-10-2024,0
POZO POCONCHILE,11-10-2024,0
POZO POCONCHILE,12-10-2024,0
POZO POCONCHILE,13-10-2024,0
POZO POCONCHILE,14-10-2024,0
POZO POCONCHILE,15-10-2024,0
POZO POCONCHILE,16-10-2024,0
POZO POCONCHILE,17-10-2024,0
POZO POCONCHILE,18-10-2024,0
POZO POCONCHILE,19-10-2024,0
POZO POCONCHILE,20-10-2024,0
POZO POCONCHILE,21-10-2024,0
POZO POCONCHILE,22-10-2024,0
POZO POCONCHILE,23-10-2024,0
POZO POCONCHILE,24-10-2024,0
POZO POCONCHILE,25-10-2024,0
POZO POCONCHILE,26-10-2024,0
POZO POCONCHILE,27-10-2024,0
POZO POCONCHILE,28-10-2024,0
POZO POCONCHILE,29-10-2024,0
POZO POCONCHILE,30-10-2024,0
POZO POCONCHILE,31-10-2024,0
POZO POCONCHILE,01-11-2024,0
POZO POCONCHILE,02-11-2024,0
POZO POCONCHILE,03-11-2024,0
POZO POCONCHILE,04-11-2024,0
POZO POCONCHILE,05-11-2024,0
POZO POCONCHILE,06-11-2024,0
POZO POCONCHILE,07-11-2024,0
POZO POCONCHILE,08-11-2024,0
POZO POCONCHILE,09-11-2024,0
POZO POCONCHILE,10-11-2024,0
POZO POCONCHILE,11-11-2024,0
POZO POCONCHILE,12-11-2024,0
POZO POCONCHILE,13-11-2024,0
POZO POCONCHILE,14-11-2024,0
POZO POCONCHILE,15-11-2024,0
POZO POCONCHILE,16-11-2024,0
POZO POCONCHILE,17-11-2024,0
POZO POCONCHILE,18-11-2024,0
POZO POCONCHILE,19-11-2024,0
POZO POCONCHILE,20-11-2024,0
POZO POCONCHILE,21-11-2024,0
POZO POCONCHILE,22-11-2024,0
POZO POCONCHILE,23-11-2024,0
POZO POCONCHILE,24-11-2024,0
POZO POCONCHILE,25-11-2024,0
POZO POCONCHILE,26-11-2024,0
POZO POCONCHILE,27-11-2024,0
POZO POCONCHILE,28-11-2024,0
POZO POCONCHILE,29-11-2024,0
POZO POCONCHILE,30-11-2024,0
POZO POCONCHILE,01-12-2024,0
POZO POCONCHILE,02-12-2024,0
POZO POCONCHILE,03-12-2024,0
POZO POCONCHILE,04-12-2024,0
POZO POCONCHILE,05-12-2024,0
POZO POCONCHILE,06-12-2024,0
POZO POCONCHILE,07-12-2024,0
POZO POCONCHILE,08-12-2024,0
POZO POCONCHILE,09-12-2024,0
POZO POCONCHILE,10-12-2024,0
POZO POCONCHILE,11-12-2024,0
POZO POCONCHILE,12-12-2024,0
POZO POCONCHILE,13-12-2024,0
POZO POCONCHILE,14-12-2024,0
POZO POCONCHILE,15-12-2024,0
POZO POCONCHILE,16-12-2024,0
POZO POCONCHILE,17-12-2024,0
POZO POCONCHILE,18-12-2024,0
POZO POCONCHILE,19-12-2024,0
POZO POCONCHILE,20-12-2024,0
POZO POCONCHILE,21-12-2024,0
POZO POCONCHILE,22-12-2024,0
POZO POCONCHILE,23-12-2024,0
POZO POCONCHILE,24-12-2024,0
POZO POCONCHILE,25-12-2024,0
POZO POCONCHILE,26-12-2024,0
POZO POCONCHILE,27-12-2024,0
POZO POCONCHILE,28-12-2024,0
POZO POCONCHILE,29-12-2024,0
POZO POCONCHILE,30-12-2024,0
POZO POCONCHILE,31-12-2024,0
POZO POCONCHILE,01-01-2025,0
POZO POCONCHILE,02-01-2025,0
POZO POCONCHILE,03-01-2025,0
POZO POCONCHILE,04-01-2025,0
POZO POCONCHILE,05-01-2025,0
POZO POCONCHILE,06-01-2025,0
POZO POCONCHILE,07-01-2025,0
POZO POCONCHILE,08-01-2025,0
POZO POCONCHILE,09-01-2025,0
POZO POCONCHILE,10-01-2025,0
POZO POCONCHILE,11-01-2025,0
POZO POCONCHILE,12-01-2025,0
POZO POCONCHILE,13-01-2025,0
POZO POCONCHILE,14-01-2025,0
POZO POCONCHILE,15-01-2025,0
POZO POCONCHILE,16-01-2025,0
POZO POCONCHILE,17-01-2025,0
POZO POCONCHILE,18-01-2025,0
POZO POCONCHILE,19-01-2025,0
POZO POCONCHILE,20-01-2025,0.2
POZO POCONCHILE,21-01-2025,0
POZO POCONCHILE,22-01-2025,0
POZO POCONCHILE,23-01-2025,0
POZO POCONCHILE,24-01-2025,0
POZO POCONCHILE,25-01-2025,0
POZO POCONCHILE,26-01-2025,0
POZO POCONCHILE,27-01-2025,0
POZO POCONCHILE,28-01-2025,0
POZO POCONCHILE,29-01-2025,0
POZO POCONCHILE,30-01-2025,0
POZO POCONCHILE,31-01-2025,0
POZO POCONCHILE,01-02-2025,0
POZO POCONCHILE,02-02-2025,0
POZO POCONCHILE,03-02-2025,0
POZO POCONCHILE,04-02-2025,0
POZO POCONCHILE,05-02-2025,0
POZO POCONCHILE,06-02-2025,0
POZO POCONCHILE,07-02-2025,0
POZO POCONCHILE,08-02-2025,0
POZO POCONCHILE,09-02-2025,0.1
POZO POCONCHILE,10-02-2025,0
POZO POCONCHILE,11-02-2025,0
POZO POCONCHILE,12-02-2025,0.6
POZO POCONCHILE,13-02-2025,0
POZO POCONCHILE,14-02-2025,0
POZO POCONCHILE,15-02-2025,0
POZO POCONCHILE,16-02-2025,0
POZO POCONCHILE,17-02-2025,0
POZO POCONCHILE,18-02-2025,1.5
POZO POCONCHILE,19-02-2025,0
POZO POCONCHILE,20-02-2025,0
POZO POCONCHILE,21-02-2025,0
POZO POCONCHILE,22-02-2025,0
POZO POCONCHILE,23-02-2025,0
POZO POCONCHILE,24-02-2025,0
POZO POCONCHILE,25-02-2025,0
POZO POCONCHILE,26-02-2025,0
POZO POCONCHILE,27-02-2025,0
POZO POCONCHILE,28-02-2025,0
POZO POCONCHILE,01-03-2025,0
POZO POCONCHILE,02-03-2025,0
POZO POCONCHILE,03-03-2025,0
POZO POCONCHILE,04-03-2025,0
POZO POCONCHILE,05-03-2025,0
POZO POCONCHILE,06-03-2025,0
POZO POCONCHILE,07-03-2025,0
POZO POCONCHILE,08-03-2025,0
POZO POCONCHILE,09-03-2025,0
POZO POCONCHILE,10-03-2025,0
POZO POCONCHILE,11-03-2025,0
POZO POCONCHILE,12-03-2025,0
POZO POCONCHILE,13-03-2025,0
POZO POCONCHILE,14-03-2025,0
POZO POCONCHILE,15-03-2025,0
POZO POCONCHILE,16-03-2025,0
POZO POCONCHILE,17-03-2025,0
POZO POCONCHILE,18-03-2025,0
POZO POCONCHILE,19-03-2025,0
POZO POCONCHILE,20-03-2025,0
POZO POCONCHILE,21-03-2025,0
POZO POCONCHILE,22-03-2025,0
POZO POCONCHILE,23-03-2025,0
POZO POCONCHILE,24-03-2025,0
POZO POCONCHILE,25-03-2025,0
POZO POCONCHILE,26-03-2025,0
POZO POCONCHILE,27-03-2025,0
POZO POCONCHILE,28-03-2025,0
POZO POCONCHILE,29-03-2025,0
POZO POCONCHILE,30-03-2025,0
POZO POCONCHILE,31-03-2025,0
POZO POCONCHILE,01-04-2025,0
POZO POCONCHILE,02-04-2025,0
POZO POCONCHILE,03-04-2025,0
POZO POCONCHILE,04-04-2025,0
POZO POCONCHILE,05-04-2025,0
POZO POCONCHILE,06-04-2025,0
POZO POCONCHILE,07-04-2025,0
POZO POCONCHILE,08-04-2025,0
POZO POCONCHILE,09-04-2025,0
POZO POCONCHILE,10-04-2025,0
POZO POCONCHILE,11-04-2025,0
POZO POCONCHILE,12-04-2025,0
POZO POCONCHILE,13-04-2025,0
POZO POCONCHILE,14-04-2025,0
POZO POCONCHILE,15-04-2025,0
POZO POCONCHILE,16-04-2025,0
POZO POCONCHILE,17-04-2025,0
POZO POCONCHILE,18-04-2025,0
POZO POCONCHILE,19-04-2025,0
POZO POCONCHILE,20-04-2025,0
POZO POCONCHILE,21-04-2025,0.7
POZO POCONCHILE,22-04-2025,0
POZO POCONCHILE,23-04-2025,0
POZO POCONCHILE,24-04-2025,0
POZO POCONCHILE,25-04-2025,0
POZO POCONCHILE,26-04-2025,0
POZO POCONCHILE,27-04-2025,0
POZO POCONCHILE,28-04-2025,0
POZO POCONCHILE,29-04-2025,0
POZO POCONCHILE,30-04-2025,0
POZO POCONCHILE,01-05-2025,0
POZO POCONCHILE,02-05-2025,0
POZO POCONCHILE,03-05-2025,0
POZO POCONCHILE,04-05-2025,0
POZO POCONCHILE,05-05-2025,0
POZO POCONCHILE,06-05-2025,0
POZO POCONCHILE,07-05-2025,0
POZO POCONCHILE,08-05-2025,0
POZO POCONCHILE,09-05-2025,0
POZO POCONCHILE,10-05-2025,0
POZO POCONCHILE,11-05-2025,0
POZO POCONCHILE,12-05-2025,0
POZO POCONCHILE,13-05-2025,0
POZO POCONCHILE,14-05-2025,0
POZO POCONCHILE,15-05-2025,0
POZO POCONCHILE,16-05-2025,0
POZO POCONCHILE,17-05-2025,0
POZO POCONCHILE,18-05-2025,0
POZO POCONCHILE,19-05-2025,0
POZO POCONCHILE,20-05-2025,0
POZO POCONCHILE,21-05-2025,0
POZO POCONCHILE,22-05-2025,0
POZO POCONCHILE,23-05-2025,0
POZO POCONCHILE,24-05-2025,0
POZO POCONCHILE,25-05-2025,0
POZO POCONCHILE,26-05-2025,0
POZO POCONCHILE,27-05-2025,0
POZO POCONCHILE,28-05-2025,0
POZO POCONCHILE,29-05-2025,0
POZO POCONCHILE,30-05-2025,0
POZO POCONCHILE,31-05-2025,0
POZO POCONCHILE,01-06-2025,0
POZO POCONCHILE,02-06-2025,0
POZO POCONCHILE,03-06-2025,0.2
POZO POCONCHILE,04-06-2025,0
POZO POCONCHILE,05-06-2025,0
POZO POCONCHILE,06-06-2025,0
POZO POCONCHILE,07-06-2025,0
POZO POCONCHILE,08-06-2025,0
POZO POCONCHILE,09-06-2025,0
POZO POCONCHILE,10-06-2025,0
POZO POCONCHILE,11-06-2025,0
POZO POCONCHILE,12-06-2025,0
POZO POCONCHILE,13-06-2025,0
POZO POCONCHILE,14-06-2025,0
POZO POCONCHILE,15-06-2025,0
POZO POCONCHILE,16-06-2025,0
POZO POCONCHILE,17-06-2025,0
POZO POCONCHILE,18-06-2025,0
POZO POCONCHILE,19-06-2025,0
POZO POCONCHILE,20-06-2025,0
POZO POCONCHILE,21-06-2025,0
POZO POCONCHILE,22-06-2025,0
POZO POCONCHILE,23-06-2025,0
POZO POCONCHILE,24-06-2025,0
POZO POCONCHILE,25-06-2025,0
POZO POCONCHILE,26-06-2025,0
POZO POCONCHILE,27-06-2025,0
POZO POCONCHILE,28-06-2025,0.1
POZO POCONCHILE,29-06-2025,0
POZO POCONCHILE,30-06-2025,0
POZO POCONCHILE,01-07-2025,0
POZO POCONCHILE,02-07-2025,0
POZO POCONCHILE,03-07-2025,0
POZO POCONCHILE,04-07-2025,0
POZO POCONCHILE,05-07-2025,0
POZO POCONCHILE,06-07-2025,0
POZO POCONCHILE,07-07-2025,0
POZO POCONCHILE,08-07-2025,0
POZO POCONCHILE,09-07-2025,0
POZO POCONCHILE,10-07-2025,0
POZO POCONCHILE,11-07-2025,0
POZO POCONCHILE,12-07-2025,0
POZO POCONCHILE,13-07-2025,0
POZO POCONCHILE,14-07-2025,0
POZO POCONCHILE,15-07-2025,0
POZO POCONCHILE,16-07-2025,0
POZO POCONCHILE,17-07-2025,0
POZO POCONCHILE,18-07-2025,0
POZO POCONCHILE,19-07-2025,0
POZO POCONCHILE,20-07-2025,0
POZO POCONCHILE,21-07-2025,0
POZO POCONCHILE,22-07-2025,0
POZO POCONCHILE,23-07-2025,0
POZO POCONCHILE,24-07-2025,0
POZO POCONCHILE,25-07-2025,0
POZO POCONCHILE,26-07-2025,0
POZO POCONCHILE,27-07-2025,0
POZO POCONCHILE,28-07-2025,0
POZO POCONCHILE,29-07-2025,0
POZO POCONCHILE,30-07-2025,0
POZO POCONCHILE,31-07-2025,0
POZO POCONCHILE,01-08-2025,0
POZO POCONCHILE,02-08-2025,0
POZO POCONCHILE,03-08-2025,0
POZO POCONCHILE,04-08-2025,0
POZO POCONCHILE,05-08-2025,0
POZO POCONCHILE,06-08-2025,0
POZO POCONCHILE,07-08-2025,0
POZO POCONCHILE,08-08-2025,0
POZO POCONCHILE,09-08-2025,0
POZO POCONCHILE,10-08-2025,0
POZO POCONCHILE,11-08-2025,0
POZO POCONCHILE,12-08-2025,0
POZO POCONCHILE,13-08-2025,0
POZO POCONCHILE,14-08-2025,0
POZO POCONCHILE,15-08-2025,0
POZO POCONCHILE,16-08-2025,0
POZO POCONCHILE,17-08-2025,0
POZO POCONCHILE,18-08-2025,0
POZO POCONCHILE,19-08-2025,0
POZO POCONCHILE,20-08-2025,0
POZO POCONCHILE,21-08-2025,0
POZO POCONCHILE,22-08-2025,0
POZO POCONCHILE,23-08-2025,0
POZO POCONCHILE,24-08-2025,0
POZO POCONCHILE,25-08-2025,0
POZO POCONCHILE,26-08-2025,0.1
POZO POCONCHILE,27-08-2025,0
POZO POCONCHILE,28-08-2025,0
POZO POCONCHILE,29-08-2025,0
POZO POCONCHILE,30-08-2025,0
POZO POCONCHILE,31-08-2025,0
POZO POCONCHILE,01-09-2025,0
POZO POCONCHILE,02-09-2025,0
POZO POCONCHILE,03-09-2025,0
POZO POCONCHILE,04-09-2025,0
POZO POCONCHILE,05-09-2025,0
POZO POCONCHILE,06-09-2025,0
POZO POCONCHILE,07-09-2025,0
POZO POCONCHILE,08-09-2025,0
POZO POCONCHILE,09-09-2025,0
POZO POCONCHILE,10-09-2025,0
POZO POCONCHILE,11-09-2025,0
POZO POCONCHILE,12-09-2025,0
POZO POCONCHILE,13-09-2025,0
POZO POCONCHILE,14-09-2025,0
POZO POCONCHILE,15-09-2025,0
POZO POCONCHILE,16-09-2025,0
POZO POCONCHILE,17-09-2025,0
POZO POCONCHILE,18-09-2025,0
POZO POCONCHILE,19-09-2025,0
POZO POCONCHILE,20-09-2025,0
POZO POCONCHILE,21-09-2025,0
POZO POCONCHILE,22-09-2025,0
POZO POCONCHILE,23-09-2025,0
POZO POCONCHILE,24-09-2025,0
POZO POCONCHILE,25-09-2025,0
POZO POCONCHILE,26-09-2025,0
POZO POCONCHILE,27-09-2025,0
POZO POCONCHILE,28-09-2025,0
POZO POCONCHILE,29-09-2025,0
POZO POCONCHILE,30-09-2025,0
POZO POCONCHILE,01-10-2025,0
POZO POCONCHILE,02-10-2025,0
POZO POCONCHILE,03-10-2025,0
POZO POCONCHILE,04-10-2025,0
POZO POCONCHILE,05-10-2025,0
POZO POCONCHILE,06-10-2025,0
POZO POCONCHILE,07-10-2025,0
POZO POCONCHILE,08-10-2025,0
POZO POCONCHILE,09-10-2025,0
POZO POCONCHILE,10-10-2025,0
POZO POCONCHILE,11-10-2025,0
POZO POCONCHILE,12-10-2025,0
POZO POCONCHILE,13-10-2025,0
POZO POCONCHILE,14-10-2025,0
POZO POCONCHILE,15-10-2025,0
POZO POCONCHILE,16-10-2025,0
POZO POCONCHILE,17-10-2025,0
POZO POCONCHILE,18-10-2025,0
POZO POCONCHILE,19-10-2025,0
POZO POCONCHILE,20-10-2025,0
POZO POCONCHILE,21-10-2025,0
POZO POCONCHILE,22-10-2025,0
POZO POCONCHILE,23-10-2025,0
POZO POCONCHILE,24-10-2025,0
POZO POCONCHILE,25-10-2025,0
POZO POCONCHILE,26-10-2025,0
POZO POCONCHILE,27-10-2025,0
POZO POCONCHILE,28-10-2025,0
POZO POCONCHILE,29-10-2025,0
POZO POCONCHILE,30-10-2025,0
POZO POCONCHILE,31-10-2025,0
POZO POCONCHILE,01-11-2025,0
POZO POCONCHILE,02-11-2025,0
POZO POCONCHILE,03-11-2025,0
POZO POCONCHILE,04-11-2025,0
POZO POCONCHILE,05-11-2025,0
POZO POCONCHILE,06-11-2025,0
POZO POCONCHILE,07-11-2025,0
POZO POCONCHILE,08-11-2025,0
POZO POCONCHILE,09-11-2025,0
POZO POCONCHILE,10-11-2025,0
POZO POCONCHILE,11-11-2025,0
POZO POCONCHILE,12-11-2025,0
POZO POCONCHILE,13-11-2025,0
POZO POCONCHILE,14-11-2025,0
POZO POCONCHILE,15-11-2025,0
POZO POCONCHILE,16-11-2025,0
POZO POCONCHILE,17-11-2025,0
POZO POCONCHILE,18-11-2025,0
POZO POCONCHILE,19-11-2025,0
POZO POCONCHILE,20-11-2025,0
POZO POCONCHILE,21-11-2025,0
POZO POCONCHILE,22-11-2025,0
POZO POCONCHILE,23-11-2025,0
POZO POCONCHILE,24-11-2025,0
POZO POCONCHILE,25-11-2025,0
POZO POCONCHILE,26-11-2025,0
POZO POCONCHILE,27-11-2025,0
POZO POCONCHILE,28-11-2025,0
POZO POCONCHILE,29-11-2025,0
POZO POCONCHILE,30-11-2025,0
POZO POCONCHILE,01-12-2025,0
POZO POCONCHILE,02-12-2025,0
POZO POCONCHILE,03-12-2025,0
POZO POCONCHILE,04-12-2025,0
POZO POCONCHILE,05-12-2025,0
POZO POCONCHILE,06-12-2025,0
POZO POCONCHILE,07-12-2025,0
POZO POCONCHILE,08-12-2025,0
POZO POCONCHILE,09-12-2025,0
POZO POCONCHILE,10-12-2025,0
POZO POCONCHILE,11-12-2025,0
POZO POCONCHILE,12-12-2025,0
POZO POCONCHILE,13-12-2025,0
POZO POCONCHILE,14-12-2025,0
POZO POCONCHILE,15-12-2025,0
POZO POCONCHILE,16-12-2025,0
POZO POCONCHILE,17-12-2025,0
POZO POCONCHILE,18-12-2025,0
POZO POCONCHILE,19-12-2025,0
POZO POCONCHILE,20-12-2025,0
POZO POCONCHILE,21-12-2025,0
POZO POCONCHILE,22-12-2025,0
POZO POCONCHILE,23-12-2025,0
POZO POCONCHILE,24-12-2025,0
POZO POCONCHILE,25-12-2025,0
POZO POCONCHILE,26-12-2025,0
POZO POCONCHILE,27-12-2025,0
POZO POCONCHILE,28-12-2025,0
POZO POCONCHILE,29-12-2025,0
POZO POCONCHILE,30-12-2025,0
POZO POCONCHILE,31-12-2025,0
POZO POCONCHILE,01-01-2026,0
POZO POCONCHILE,02-01-2026,0
POZO POCONCHILE,03-01-2026,0
POZO POCONCHILE,04-01-2026,0
POZO POCONCHILE,05-01-2026,0
POZO POCONCHILE,06-01-2026,0
POZO POCONCHILE,07-01-2026,0
POZO POCONCHILE,08-01-2026,0
POZO POCONCHILE,09-01-2026,0
POZO POCONCHILE,10-01-2026,0
POZO POCONCHILE,11-01-2026,0
POZO POCONCHILE,12-01-2026,0
POZO POCONCHILE,13-01-2026,0
POZO POCONCHILE,14-01-2026,0
POZO POCONCHILE,15-01-2026,0
POZO POCONCHILE,16-01-2026,0
POZO POCONCHILE,17-01-2026,0
POZO POCONCHILE,18-01-2026,0.4
POZO POCONCHILE,19-01-2026,0
POZO POCONCHILE,20-01-2026,0.7
POZO POCONCHILE,21-01-2026,0.9
POZO POCONCHILE,22-01-2026,0.4
POZO POCONCHILE,23-01-2026,0
POZO POCONCHILE,24-01-2026,0
POZO POCONCHILE,25-01-2026,0
POZO POCONCHILE,26-01-2026,0
POZO POCONCHILE,27-01-2026,0
POZO POCONCHILE,28-01-2026,0
POZO POCONCHILE,29-01-2026,0
POZO POCONCHILE,30-01-2026,0
POZO POCONCHILE,31-01-2026,0
POZO POCONCHILE,01-02-2026,0
POZO POCONCHILE,02-02-2026,0
POZO POCONCHILE,03-02-2026,0
POZO POCONCHILE,04-02-2026,0
POZO POCONCHILE,05-02-2026,0
POZO POCONCHILE,06-02-2026,0
POZO POCONCHILE,07-02-2026,0
POZO POCONCHILE,08-02-2026,0
POZO POCONCHILE,09-02-2026,0
POZO POCONCHILE,10-02-2026,0
POZO POCONCHILE,11-02-2026,0
POZO POCONCHILE,12-02-2026,0
POZO POCONCHILE,13-02-2026,0
POZO POCONCHILE,14-02-2026,0
POZO POCONCHILE,15-02-2026,0
POZO POCONCHILE,16-02-2026,0
POZO POCONCHILE,17-02-2026,0
POZO POCONCHILE,18-02-2026,0
POZO POCONCHILE,19-02-2026,0
POZO POCONCHILE,20-02-2026,0
POZO POCONCHILE,21-02-2026,0
POZO POCONCHILE,22-02-2026,0
POZO POCONCHILE,23-02-2026,0
POZO POCONCHILE,24-02-2026,0
POZO POCONCHILE,25-02-2026,0
POZO POCONCHILE,26-02-2026,0
POZO POCONCHILE,27-02-2026,0
POZO POCONCHILE,28-02-2026,0
POZO POCONCHILE,01-03-2026,0
POZO POCONCHILE,02-03-2026,0
POZO POCONCHILE,03-03-2026,0
POZO POCONCHILE,04-03-2026,0
POZO POCONCHILE,05-03-2026,0
POZO POCONCHILE,06-03-2026,0
POZO POCONCHILE,07-03-2026,0
POZO POCONCHILE,08-03-2026,0
POZO POCONCHILE,09-03-2026,0
POZO POCONCHILE,10-03-2026,0
POZO POCONCHILE,11-03-2026,0
POZO POCONCHILE,12-03-2026,0
POZO POCONCHILE,13-03-2026,0
POZO POCONCHILE,14-03-2026,0
POZO POCONCHILE,15-03-2026,0
POZO POCONCHILE,16-03-2026,0
POZO POCONCHILE,17-03-2026,0
POZO POCONCHILE,18-03-2026,0
POZO POCONCHILE,19-03-2026,0
POZO POCONCHILE,20-03-2026,0
POZO POCONCHILE,21-03-2026,0
POZO POCONCHILE,22-03-2026,0
POZO POCONCHILE,23-03-2026,0
POZO POCONCHILE,24-03-2026,0
POZO POCONCHILE,25-03-2026,0
POZO POCONCHILE,26-03-2026,0
POZO POCONCHILE,27-03-2026,0
POZO POCONCHILE,28-03-2026,0
POZO POCONCHILE,29-03-2026,0
POZO POCONCHILE,30-03-2026,0
POZO POCONCHILE,31-03-2026,0
POZO POCONCHILE,01-04-2026,0
POZO POCONCHILE,02-04-2026,0
POZO POCONCHILE,03-04-2026,0
POZO POCONCHILE,04-04-2026,0
POZO POCONCHILE,05-04-2026,0
POZO POCONCHILE,06-04-2026,0
POZO POCONCHILE,07-04-2026,0
POZO POCONCHILE,08-04-2026,0
POZO POCONCHILE,09-04-2026,0
POZO POCONCHILE,10-04-2026,0
POZO POCONCHILE,11-04-2026,0
POZO POCONCHILE,12-04-2026,0
POZO POCONCHILE,13-04-2026,0
POZO POCONCHILE,14-04-2026,0
POZO POCONCHILE,15-04-2026,0
POZO POCONCHILE,16-04-2026,0
POZO POCONCHILE,17-04-2026,0
POZO POCONCHILE,18-04-2026,0
POZO POCONCHILE,19-04-2026,0
POZO POCONCHILE,20-04-2026,0
POZO POCONCHILE,21-04-2026,0
POZO POCONCHILE,22-04-2026,0
POZO POCONCHILE,23-04-2026,0
POZO POCONCHILE,24-04-2026,0
POZO POCONCHILE,25-04-2026,0
POZO POCONCHILE,26-04-2026,0
POZO POCONCHILE,27-04-2026,0
POZO POCONCHILE,28-04-2026,0
POZO POCONCHILE,29-04-2026,0
POZO POCONCHILE,30-04-2026,0
POZO POCONCHILE,01-05-2026,0
POZO POCONCHILE,02-05-2026,0
POZO POCONCHILE,03-05-2026,0
POZO POCONCHILE,04-05-2026,0
POZO POCONCHILE,05-05-2026,0
POZO POCONCHILE,06-05-2026,0
POZO POCONCHILE,07-05-2026,0
POZO POCONCHILE,08-05-2026,0
POZO POCONCHILE,09-05-2026,0
POZO POCONCHILE,10-05-2026,0
POZO POCONCHILE,11-05-2026,0
POZO POCONCHILE,12-05-2026,0
POZO POCONCHILE,13-05-2026,0
POZO POCONCHILE,14-05-2026,0
POZO POCONCHILE,15-05-2026,0
POZO POCONCHILE,16-05-2026,0
POZO POCONCHILE,17-05-2026,0
POZO POCONCHILE,18-05-2026,0
POZO POCONCHILE,19-05-2026,0
POZO POCONCHILE,20-05-2026,0
POZO POCONCHILE,21-05-2026,0
POZO POCONCHILE,22-05-2026,0
POZO POCONCHILE,23-05-2026,0
POZO POCONCHILE,24-05-2026,0
POZO POCONCHILE,25-05-2026,0
POZO POCONCHILE,26-05-2026,0
POZO POCONCHILE,27-05-2026,0
POZO POCONCHILE,28-05-2026,0
POZO POCONCHILE,29-05-2026,0
POZO POCONCHILE,30-05-2026,0
POZO POCONCHILE,31-05-2026,0
POZO POCONCHILE,01-06-2026,0
POZO POCONCHILE,02-06-2026,0
POZO POCONCHILE,03-06-2026,0
POZO POCONCHILE,04-06-2026,0
POZO POCONCHILE,05-06-2026,0
POZO POCONCHILE,06-06-2026,0
POZO POCONCHILE,07-06-2026,0
POZO POCONCHILE,08-06-2026,0
POZO POCONCHILE,09-06-2026,0
POZO POCONCHILE,10-06-2026,0
POZO POCONCHILE,11-06-2026,0
POZO POCONCHILE,12-06-2026,0
POZO POCONCHILE,13-06-2026,0
POZO POCONCHILE,14-06-2026,0
POZO POCONCHILE,15-06-2026,0
POZO POCONCHILE,16-06-2026,0
POZO POCONCHILE,17-06-2026,0
POZO POCONCHILE,18-06-2026,0
POZO POCONCHILE,19-06-2026,0
POZO POCONCHILE,20-06-2026,0
POZO POCONCHILE,21-06-2026,0
POZO POCONCHILE,22-06-2026,0
POZO POCONCHILE,23-06-2026,0
POZO POCONCHILE,24-06-2026,0
POZO POCONCHILE,25-06-2026,0
POZO POCONCHILE,26-06-2026,0
POZO POCONCHILE,27-06-2026,0
POZO POCONCHILE,28-06-2026,0
POZO POCONCHILE,29-06-2026,0
POZO POCONCHILE,30-06-2026,0
POZO POCONCHILE,01-07-2026,0
POZO POCONCHILE,02-07-2026,0
POZO POCONCHILE,03-07-2026,0
POZO POCONCHILE,04-07-2026,0
POZO POCONCHILE,05-07-2026,0
POZO POCONCHILE,06-07-2026,0
POZO POCONCHILE,07-07-2026,0
POZO POCONCHILE,08-07-2026,0
POZO POCONCHILE,09-07-2026,0
POZO POCONCHILE,10-07-2026,0
POZO POCONCHILE,11-07-2026,0
POZO POCONCHILE,12-07-2026,0
POZO POCONCHILE,13-07-2026,0
POZO POCONCHILE,14-07-2026,0
POZO POCONCHILE,15-07-2026,0
POZO POCONCHILE,16-07-2026,0
POZO POCONCHILE,17-07-2026,0
POZO POCONCHILE,18-07-2026,0
POZO POCONCHILE,19-07-2026,0
POZO POCONCHILE,20-07-2026,0
POZO POCONCHILE,21-07-2026,0
POZO POCONCHILE,22-07-2026,0
POZO POCONCHILE,23-07-2026,0
POZO POCONCHILE,24-07-2026,0
POZO POCONCHILE,25-07-2026,0
POZO POCONCHILE,26-07-2026,0
POZO POCONCHILE,27-07-2026,0
POZO POCONCHILE,28-07-2026,0
POZO POCONCHILE,29-07-2026,0
POZO POCONCHILE,30-07-2026,0
POZO POCONCHILE,31-07-2026,0
TIMAR,01-12-2023,0
TIMAR,02-12-2023,0
TIMAR,03-12-2023,0
TIMAR,04-12-2023,0
TIMAR,05-12-2023,0
TIMAR,06-12-2023,0
TIMAR,07-12-2023,0
TIMAR,08-12-2023,0
TIMAR,09-12-2023,0
TIMAR,10-12-2023,0
TIMAR,11-12-2023,0
TIMAR,12-12-2023,0
TIMAR,13-12-2023,0
TIMAR,14-12-2023,0.6
TIMAR,15-12-2023,0
TIMAR,16-12-2023,0
TIMAR,17-12-2023,0
TIMAR,18-12-2023,0
TIMAR,19-12-2023,0
TIMAR,20-12-2023,0
TIMAR,21-12-2023,0
TIMAR,22-12-2023,0
TIMAR,23-12-2023,0
TIMAR,24-12-2023,0
TIMAR,25-12-2023,0
TIMAR,26-12-2023,0
TIMAR,27-12-2023,0
TIMAR,28-12-2023,0
TIMAR,29-12-2023,0
TIMAR,30-12-2023,0
TIMAR,31-12-2023,0
TIMAR,01-01-2024,0
TIMAR,02-01-2024,0
TIMAR,03-01-2024,0
TIMAR,04-01-2024,0
TIMAR,05-01-2024,0
TIMAR,06-01-2024,0
TIMAR,07-01-2024,0
TIMAR,08-01-2024,0
TIMAR,09-01-2024,0
TIMAR,10-01-2024,0
TIMAR,11-01-2024,0
TIMAR,12-01-2024,0
TIMAR,13-01-2024,0
TIMAR,14-01-2024,0
TIMAR,15-01-2024,0.4
TIMAR,16-01-2024,0
TIMAR,17-01-2024,0
TIMAR,18-01-2024,0
TIMAR,19-01-2024,0
TIMAR,20-01-2024,0
TIMAR,21-01-2024,0
TIMAR,22-01-2024,0
TIMAR,23-01-2024,0
TIMAR,24-01-2024,0
TIMAR,25-01-2024,0
TIMAR,26-01-2024,0
TIMAR,27-01-2024,0
TIMAR,28-01-2024,0
TIMAR,29-01-2024,0
TIMAR,30-01-2024,0
TIMAR,31-01-2024,0
TIMAR,01-02-2024,0
TIMAR,02-02-2024,0
TIMAR,03-02-2024,0
TIMAR,04-02-2024,0
TIMAR,05-02-2024,0
TIMAR,06-02-2024,0
TIMAR,07-02-2024,0
TIMAR,08-02-2024,0
TIMAR,09-02-2024,0
TIMAR,10-02-2024,0
TIMAR,11-02-2024,0
TIMAR,12-02-2024,0
TIMAR,13-02-2024,0
TIMAR,14-02-2024,0
TIMAR,15-02-2024,0
TIMAR,16-02-2024,0
TIMAR,17-02-2024,0
TIMAR,18-02-2024,0
TIMAR,19-02-2024,0
TIMAR,20-02-2024,0
TIMAR,21-02-2024,0
TIMAR,22-02-2024,0
TIMAR,23-02-2024,0
TIMAR,24-02-2024,4.4
TIMAR,25-02-2024,2.3
TIMAR,26-02-2024,3.1
TIMAR,27-02-2024,0.1
TIMAR,28-02-2024,0.1
TIMAR,29-02-2024,0.5
TIMAR,01-03-2024,1.1
TIMAR,02-03-2024,0
TIMAR,03-03-2024,0
TIMAR,04-03-2024,0
TIMAR,05-03-2024,0
TIMAR,06-03-2024,0
TIMAR,07-03-2024,0
TIMAR,08-03-2024,0
TIMAR,09-03-2024,0
TIMAR,10-03-2024,0
TIMAR,11-03-2024,0
TIMAR,12-03-2024,0
TIMAR,13-03-2024,0
TIMAR,14-03-2024,0.2
TIMAR,15-03-2024,0
TIMAR,16-03-2024,0
TIMAR,17-03-2024,0
TIMAR,18-03-2024,0
TIMAR,19-03-2024,0
TIMAR,20-03-2024,0
TIMAR,21-03-2024,0
TIMAR,22-03-2024,0
TIMAR,23-03-2024,0
TIMAR,24-03-2024,0
TIMAR,25-03-2024,0
TIMAR,26-03-2024,0
TIMAR,27-03-2024,0
TIMAR,28-03-2024,0
TIMAR,29-03-2024,0
TIMAR,30-03-2024,0
TIMAR,31-03-2024,0
TIMAR,01-04-2024,0
TIMAR,02-04-2024,0
TIMAR,03-04-2024,0
TIMAR,04-04-2024,0
TIMAR,05-04-2024,0
TIMAR,06-04-2024,0
TIMAR,07-04-2024,0
TIMAR,08-04-2024,0
TIMAR,09-04-2024,0
TIMAR,10-04-2024,0
TIMAR,11-04-2024,0
TIMAR,12-04-2024,0
TIMAR,13-04-2024,0
TIMAR,14-04-2024,0
TIMAR,15-04-2024,0
TIMAR,16-04-2024,0
TIMAR,17-04-2024,0
TIMAR,18-04-2024,0
TIMAR,19-04-2024,0
TIMAR,20-04-2024,0
TIMAR,21-04-2024,0
TIMAR,22-04-2024,0
TIMAR,23-04-2024,0
TIMAR,24-04-2024,0
TIMAR,25-04-2024,0
TIMAR,26-04-2024,0
TIMAR,27-04-2024,0
TIMAR,28-04-2024,0
TIMAR,29-04-2024,0
TIMAR,30-04-2024,0
TIMAR,01-05-2024,0
TIMAR,02-05-2024,0
TIMAR,03-05-2024,0
TIMAR,04-05-2024,0
TIMAR,05-05-2024,0
TIMAR,06-05-2024,0
TIMAR,07-05-2024,0
TIMAR,08-05-2024,0
TIMAR,09-05-2024,0
TIMAR,10-05-2024,0
TIMAR,11-05-2024,0
TIMAR,12-05-2024,0
TIMAR,13-05-2024,0
TIMAR,14-05-2024,0
TIMAR,15-05-2024,0
TIMAR,16-05-2024,0
TIMAR,17-05-2024,0
TIMAR,18-05-2024,0
TIMAR,19-05-2024,0
TIMAR,20-05-2024,0
TIMAR,21-05-2024,0
TIMAR,22-05-2024,0
TIMAR,23-05-2024,0
TIMAR,24-05-2024,0
TIMAR,25-05-2024,0
TIMAR,26-05-2024,0
TIMAR,27-05-2024,0
TIMAR,28-05-2024,0
TIMAR,29-05-2024,0
TIMAR,30-05-2024,0
TIMAR,31-05-2024,0
TIMAR,01-06-2024,0
TIMAR,02-06-2024,0
TIMAR,03-06-2024,0
TIMAR,04-06-2024,0
TIMAR,05-06-2024,0
TIMAR,06-06-2024,0
TIMAR,07-06-2024,0
TIMAR,08-06-2024,0
TIMAR,09-06-2024,0
TIMAR,10-06-2024,0
TIMAR,11-06-2024,0
TIMAR,12-06-2024,0
TIMAR,13-06-2024,0
TIMAR,14-06-2024,0
TIMAR,15-06-2024,0
TIMAR,16-06-2024,0
TIMAR,17-06-2024,0
TIMAR,18-06-2024,0
TIMAR,19-06-2024,0
TIMAR,20-06-2024,0
TIMAR,21-06-2024,0
TIMAR,22-06-2024,0
TIMAR,23-06-2024,0
TIMAR,24-06-2024,0
TIMAR,25-06-2024,0
TIMAR,26-06-2024,0
TIMAR,27-06-2024,0
TIMAR,28-06-2024,0
TIMAR,29-06-2024,0
TIMAR,30-06-2024,0
TIMAR,01-07-2024,0
TIMAR,02-07-2024,0
TIMAR,03-07-2024,0
TIMAR,04-07-2024,0
TIMAR,05-07-2024,0
TIMAR,06-07-2024,0
TIMAR,07-07-2024,0
TIMAR,08-07-2024,0
TIMAR,09-07-2024,0
TIMAR,10-07-2024,0
TIMAR,11-07-2024,0
TIMAR,12-07-2024,0
TIMAR,13-07-2024,0
TIMAR,14-07-2024,0
TIMAR,15-07-2024,0
TIMAR,16-07-2024,0
TIMAR,17-07-2024,0
TIMAR,18-07-2024,0
TIMAR,19-07-2024,0
TIMAR,20-07-2024,0
TIMAR,21-07-2024,0
TIMAR,22-07-2024,0
TIMAR,23-07-2024,0
TIMAR,24-07-2024,0
TIMAR,25-07-2024,0
TIMAR,26-07-2024,0
TIMAR,27-07-2024,0
TIMAR,28-07-2024,0
TIMAR,29-07-2024,0
TIMAR,30-07-2024,0
TIMAR,31-07-2024,0
TIMAR,01-08-2024,0
TIMAR,02-08-2024,0
TIMAR,03-08-2024,0
TIMAR,04-08-2024,0
TIMAR,05-08-2024,0
TIMAR,06-08-2024,0
TIMAR,07-08-2024,0
TIMAR,08-08-2024,0
TIMAR,09-08-2024,0
TIMAR,10-08-2024,0
TIMAR,11-08-2024,0
TIMAR,12-08-2024,0
TIMAR,13-08-2024,0
TIMAR,14-08-2024,0
TIMAR,15-08-2024,0
TIMAR,16-08-2024,0
TIMAR,17-08-2024,0
TIMAR,18-08-2024,0
TIMAR,19-08-2024,0
TIMAR,20-08-2024,0
TIMAR,21-08-2024,0
TIMAR,22-08-2024,0
TIMAR,23-08-2024,0
TIMAR,24-08-2024,0
TIMAR,25-08-2024,0
TIMAR,26-08-2024,0
TIMAR,27-08-2024,0
TIMAR,28-08-2024,0
TIMAR,29-08-2024,0
TIMAR,30-08-2024,0
TIMAR,31-08-2024,0
TIMAR,01-09-2024,0
TIMAR,02-09-2024,0
TIMAR,03-09-2024,0
TIMAR,04-09-2024,0
TIMAR,05-09-2024,0
TIMAR,06-09-2024,0
TIMAR,07-09-2024,0
TIMAR,08-09-2024,0
TIMAR,09-09-2024,0
TIMAR,10-09-2024,0
TIMAR,11-09-2024,0
TIMAR,12-09-2024,0
TIMAR,13-09-2024,0
TIMAR,14-09-2024,0
TIMAR,15-09-2024,0
TIMAR,16-09-2024,0
TIMAR,17-09-2024,0
TIMAR,18-09-2024,0
TIMAR,19-09-2024,0
TIMAR,20-09-2024,0
TIMAR,21-09-2024,0
TIMAR,22-09-2024,0
TIMAR,23-09-2024,0
TIMAR,24-09-2024,0
TIMAR,25-09-2024,0
TIMAR,26-09-2024,0
TIMAR,27-09-2024,0
TIMAR,28-09-2024,0
TIMAR,29-09-2024,0
TIMAR,30-09-2024,0
TIMAR,01-10-2024,0
TIMAR,02-10-2024,0
TIMAR,03-10-2024,0
TIMAR,04-10-2024,0
TIMAR,05-10-2024,0
TIMAR,06-10-2024,0
TIMAR,07-10-2024,0
TIMAR,08-10-2024,0
TIMAR,09-10-2024,0
TIMAR,10-10-2024,0
TIMAR,11-10-2024,0
TIMAR,12-10-2024,0
TIMAR,13-10-2024,0
TIMAR,14-10-2024,0
TIMAR,15-10-2024,0
TIMAR,16-10-2024,0
TIMAR,17-10-2024,0
TIMAR,18-10-2024,0
TIMAR,19-10-2024,0
TIMAR,20-10-2024,0
TIMAR,21-10-2024,0
TIMAR,22-10-2024,0
TIMAR,23-10-2024,0
TIMAR,24-10-2024,0
TIMAR,25-10-2024,0
TIMAR,26-10-2024,0
TIMAR,27-10-2024,0
TIMAR,28-10-2024,0
TIMAR,29-10-2024,0
TIMAR,30-10-2024,0
TIMAR,31-10-2024,0
TIMAR,01-11-2024,0
TIMAR,02-11-2024,0
TIMAR,03-11-2024,0
TIMAR,04-11-2024,0
TIMAR,05-11-2024,0
TIMAR,06-11-2024,0
TIMAR,07-11-2024,0
TIMAR,08-11-2024,0
TIMAR,09-11-2024,0
TIMAR,10-11-2024,0
TIMAR,11-11-2024,0
TIMAR,12-11-2024,0
TIMAR,13-11-2024,0
TIMAR,14-11-2024,0
TIMAR,15-11-2024,0
TIMAR,16-11-2024,0
TIMAR,17-11-2024,0
TIMAR,18-11-2024,0
TIMAR,19-11-2024,0
TIMAR,20-11-2024,0
TIMAR,21-11-2024,0
TIMAR,22-11-2024,0
TIMAR,23-11-2024,0
TIMAR,24-11-2024,0.2
TIMAR,25-11-2024,0
TIMAR,26-11-2024,0
TIMAR,27-11-2024,0
TIMAR,28-11-2024,0
TIMAR,29-11-2024,0
TIMAR,30-11-2024,0
TIMAR,01-12-2024,0
TIMAR,02-12-2024,0
TIMAR,03-12-2024,0
TIMAR,04-12-2024,0
TIMAR,05-12-2024,0
TIMAR,06-12-2024,0
TIMAR,07-12-2024,0
TIMAR,08-12-2024,0
TIMAR,09-12-2024,0
TIMAR,10-12-2024,0
TIMAR,11-12-2024,0
TIMAR,12-12-2024,0
TIMAR,13-12-2024,0
TIMAR,14-12-2024,0
TIMAR,15-12-2024,0
TIMAR,16-12-2024,0
TIMAR,17-12-2024,0
TIMAR,18-12-2024,0
TIMAR,19-12-2024,0
TIMAR,20-12-2024,0
TIMAR,21-12-2024,0
TIMAR,22-12-2024,0
TIMAR,23-12-2024,0
TIMAR,24-12-2024,0
TIMAR,25-12-2024,0
TIMAR,26-12-2024,0
TIMAR,27-12-2024,0
TIMAR,28-12-2024,0
TIMAR,29-12-2024,0
TIMAR,30-12-2024,0
TIMAR,31-12-2024,0
TIMAR,01-01-2025,0
TIMAR,02-01-2025,0
TIMAR,03-01-2025,0
TIMAR,04-01-2025,0
TIMAR,05-01-2025,0.2
TIMAR,06-01-2025,0
TIMAR,07-01-2025,0
TIMAR,08-01-2025,0
TIMAR,09-01-2025,0
TIMAR,10-01-2025,0
TIMAR,11-01-2025,0
TIMAR,12-01-2025,0
TIMAR,13-01-2025,0
TIMAR,14-01-2025,0
TIMAR,15-01-2025,0
TIMAR,16-01-2025,0
TIMAR,17-01-2025,0
TIMAR,18-01-2025,0
TIMAR,19-01-2025,0
TIMAR,20-01-2025,0.2
TIMAR,21-01-2025,0
TIMAR,22-01-2025,0
TIMAR,23-01-2025,0.2
TIMAR,24-01-2025,0.1
TIMAR,25-01-2025,0
TIMAR,26-01-2025,0
TIMAR,27-01-2025,0
TIMAR,28-01-2025,0
TIMAR,29-01-2025,0
TIMAR,30-01-2025,0
TIMAR,31-01-2025,0
TIMAR,01-02-2025,0
TIMAR,02-02-2025,0
TIMAR,03-02-2025,0
TIMAR,04-02-2025,0
TIMAR,05-02-2025,0
TIMAR,06-02-2025,0
TIMAR,07-02-2025,0
TIMAR,08-02-2025,0
TIMAR,09-02-2025,0.2
TIMAR,10-02-2025,4.1
TIMAR,11-02-2025,6
TIMAR,12-02-2025,4.3
TIMAR,13-02-2025,2.9
TIMAR,14-02-2025,5.2
TIMAR,15-02-2025,12.1
TIMAR,16-02-2025,8
TIMAR,17-02-2025,4
TIMAR,18-02-2025,1.5
TIMAR,19-02-2025,0.1
TIMAR,20-02-2025,0
TIMAR,21-02-2025,0
TIMAR,22-02-2025,0
TIMAR,23-02-2025,0
TIMAR,24-02-2025,0
TIMAR,25-02-2025,0
TIMAR,26-02-2025,0
TIMAR,27-02-2025,0.2
TIMAR,28-02-2025,0
TIMAR,01-03-2025,5.9
TIMAR,02-03-2025,0.8
TIMAR,03-03-2025,4
TIMAR,04-03-2025,0.4
TIMAR,05-03-2025,0
TIMAR,06-03-2025,0
TIMAR,07-03-2025,0
TIMAR,08-03-2025,0
TIMAR,09-03-2025,0
TIMAR,10-03-2025,0
TIMAR,11-03-2025,0
TIMAR,12-03-2025,0
TIMAR,13-03-2025,0
TIMAR,14-03-2025,0
TIMAR,15-03-2025,0
TIMAR,16-03-2025,0
TIMAR,17-03-2025,0
TIMAR,18-03-2025,0
TIMAR,19-03-2025,0
TIMAR,20-03-2025,0
TIMAR,21-03-2025,0
TIMAR,22-03-2025,0
TIMAR,23-03-2025,0
TIMAR,24-03-2025,0
TIMAR,25-03-2025,0
TIMAR,26-03-2025,0
TIMAR,27-03-2025,0
TIMAR,28-03-2025,0
TIMAR,29-03-2025,0
TIMAR,30-03-2025,0
TIMAR,31-03-2025,0
TIMAR,01-04-2025,0
TIMAR,02-04-2025,0
TIMAR,03-04-2025,0
TIMAR,04-04-2025,0
TIMAR,05-04-2025,0
TIMAR,06-04-2025,0
TIMAR,07-04-2025,0
TIMAR,08-04-2025,0
TIMAR,09-04-2025,0
TIMAR,10-04-2025,0
TIMAR,11-04-2025,0
TIMAR,12-04-2025,0
TIMAR,13-04-2025,0
TIMAR,14-04-2025,0
TIMAR,15-04-2025,0
TIMAR,16-04-2025,0
TIMAR,17-04-2025,0
TIMAR,18-04-2025,0
TIMAR,19-04-2025,0
TIMAR,20-04-2025,0
TIMAR,21-04-2025,0.7
TIMAR,22-04-2025,0
TIMAR,23-04-2025,0
TIMAR,24-04-2025,0
TIMAR,25-04-2025,0
TIMAR,26-04-2025,0
TIMAR,27-04-2025,0
TIMAR,28-04-2025,0
TIMAR,29-04-2025,0
TIMAR,30-04-2025,0
TIMAR,01-05-2025,0
TIMAR,02-05-2025,0
TIMAR,03-05-2025,0
TIMAR,04-05-2025,0
TIMAR,05-05-2025,0
TIMAR,06-05-2025,0
TIMAR,07-05-2025,0
TIMAR,08-05-2025,0
TIMAR,09-05-2025,0
TIMAR,10-05-2025,0
TIMAR,11-05-2025,0
TIMAR,12-05-2025,0
TIMAR,13-05-2025,0
TIMAR,14-05-2025,0
TIMAR,15-05-2025,0
TIMAR,16-05-2025,0
TIMAR,17-05-2025,0
TIMAR,18-05-2025,0
TIMAR,19-05-2025,0
TIMAR,20-05-2025,0
TIMAR,21-05-2025,0
TIMAR,22-05-2025,0
TIMAR,23-05-2025,0
TIMAR,24-05-2025,0
TIMAR,25-05-2025,0
TIMAR,26-05-2025,0
TIMAR,27-05-2025,0
TIMAR,28-05-2025,0
TIMAR,29-05-2025,0
TIMAR,30-05-2025,0
TIMAR,31-05-2025,0
TIMAR,01-06-2025,0
TIMAR,02-06-2025,0
TIMAR,03-06-2025,0
TIMAR,04-06-2025,0
TIMAR,05-06-2025,0
TIMAR,06-06-2025,0
TIMAR,07-06-2025,0
TIMAR,08-06-2025,0
TIMAR,09-06-2025,0
TIMAR,10-06-2025,0
TIMAR,11-06-2025,0
TIMAR,12-06-2025,0
TIMAR,13-06-2025,0
TIMAR,14-06-2025,0
TIMAR,15-06-2025,0
TIMAR,16-06-2025,0
TIMAR,17-06-2025,0
TIMAR,18-06-2025,0
TIMAR,19-06-2025,0
TIMAR,20-06-2025,0
TIMAR,21-06-2025,0
TIMAR,22-06-2025,0
TIMAR,23-06-2025,0
TIMAR,24-06-2025,0
TIMAR,25-06-2025,0
TIMAR,26-06-2025,0
TIMAR,27-06-2025,0
TIMAR,28-06-2025,0
TIMAR,29-06-2025,0
TIMAR,30-06-2025,0
TIMAR,01-07-2025,0
TIMAR,02-07-2025,0
TIMAR,03-07-2025,0
TIMAR,04-07-2025,0
TIMAR,05-07-2025,0
TIMAR,06-07-2025,0
TIMAR,07-07-2025,0
TIMAR,08-07-2025,0
TIMAR,09-07-2025,0
TIMAR,10-07-2025,0
TIMAR,11-07-2025,0
TIMAR,12-07-2025,0
TIMAR,13-07-2025,0
TIMAR,14-07-2025,0
TIMAR,15-07-2025,0
TIMAR,16-07-2025,0
TIMAR,17-07-2025,0
TIMAR,18-07-2025,0
TIMAR,19-07-2025,0
TIMAR,20-07-2025,0
TIMAR,21-07-2025,0
TIMAR,22-07-2025,0
TIMAR,23-07-2025,0
TIMAR,24-07-2025,0
TIMAR,25-07-2025,0
TIMAR,26-07-2025,0
TIMAR,27-07-2025,0
TIMAR,28-07-2025,0
TIMAR,29-07-2025,0
TIMAR,30-07-2025,0
TIMAR,31-07-2025,0
TIMAR,01-08-2025,0
TIMAR,02-08-2025,0
TIMAR,03-08-2025,0
TIMAR,04-08-2025,0
TIMAR,05-08-2025,0
TIMAR,06-08-2025,0
TIMAR,07-08-2025,0
TIMAR,08-08-2025,0
TIMAR,09-08-2025,0
TIMAR,10-08-2025,0
TIMAR,11-08-2025,0
TIMAR,12-08-2025,0
TIMAR,13-08-2025,0
TIMAR,14-08-2025,0
TIMAR,15-08-2025,0
TIMAR,16-08-2025,0
TIMAR,17-08-2025,0
TIMAR,18-08-2025,0
TIMAR,19-08-2025,0
TIMAR,20-08-2025,0
TIMAR,21-08-2025,0
TIMAR,22-08-2025,0
TIMAR,23-08-2025,0
TIMAR,24-08-2025,0
TIMAR,25-08-2025,0
TIMAR,26-08-2025,0
TIMAR,27-08-2025,0
TIMAR,28-08-2025,0
TIMAR,29-08-2025,0
TIMAR,30-08-2025,0
TIMAR,31-08-2025,0
TIMAR,01-09-2025,0
TIMAR,02-09-2025,0
TIMAR,03-09-2025,0
TIMAR,04-09-2025,0
TIMAR,05-09-2025,0
TIMAR,06-09-2025,0
TIMAR,07-09-2025,0
TIMAR,08-09-2025,0
TIMAR,09-09-2025,0
TIMAR,10-09-2025,0
TIMAR,11-09-2025,0
TIMAR,12-09-2025,0
TIMAR,13-09-2025,0
TIMAR,14-09-2025,0
TIMAR,15-09-2025,0
TIMAR,16-09-2025,0
TIMAR,17-09-2025,0
TIMAR,18-09-2025,0
TIMAR,19-09-2025,0
TIMAR,20-09-2025,0
TIMAR,21-09-2025,0
TIMAR,22-09-2025,0
TIMAR,23-09-2025,0
TIMAR,24-09-2025,0
TIMAR,25-09-2025,0
TIMAR,26-09-2025,0
TIMAR,27-09-2025,0
TIMAR,28-09-2025,0
TIMAR,29-09-2025,0
TIMAR,30-09-2025,0
TIMAR,01-10-2025,0
TIMAR,02-10-2025,0
TIMAR,03-10-2025,0
TIMAR,04-10-2025,0
TIMAR,05-10-2025,0
TIMAR,06-10-2025,0
TIMAR,07-10-2025,0
TIMAR,08-10-2025,0
TIMAR,09-10-2025,0
TIMAR,10-10-2025,0
TIMAR,11-10-2025,0
TIMAR,12-10-2025,0
TIMAR,13-10-2025,0
TIMAR,14-10-2025,0
TIMAR,15-10-2025,0
TIMAR,16-10-2025,0
TIMAR,17-10-2025,0
TIMAR,18-10-2025,0
TIMAR,19-10-2025,0
TIMAR,20-10-2025,0
TIMAR,21-10-2025,0
TIMAR,22-10-2025,0
TIMAR,23-10-2025,0
TIMAR,24-10-2025,0
TIMAR,25-10-2025,0
TIMAR,26-10-2025,0
TIMAR,27-10-2025,0
TIMAR,28-10-2025,0
TIMAR,29-10-2025,0
TIMAR,30-10-2025,0
TIMAR,31-10-2025,0
TIMAR,01-11-2025,0
TIMAR,02-11-2025,0
TIMAR,03-11-2025,0
TIMAR,04-11-2025,0
TIMAR,05-11-2025,0
TIMAR,06-11-2025,0
TIMAR,07-11-2025,0
TIMAR,08-11-2025,0
TIMAR,09-11-2025,0
TIMAR,10-11-2025,0
TIMAR,11-11-2025,0
TIMAR,12-11-2025,0
TIMAR,13-11-2025,0
TIMAR,14-11-2025,0
TIMAR,15-11-2025,0
TIMAR,16-11-2025,0
TIMAR,17-11-2025,0
TIMAR,18-11-2025,0
TIMAR,19-11-2025,0
TIMAR,20-11-2025,0
TIMAR,21-11-2025,0
TIMAR,22-11-2025,0
TIMAR,23-11-2025,0
TIMAR,24-11-2025,0
TIMAR,25-11-2025,0
TIMAR,26-11-2025,0
TIMAR,27-11-2025,0
TIMAR,28-11-2025,0
TIMAR,29-11-2025,0
TIMAR,30-11-2025,0
TIMAR,01-12-2025,0
TIMAR,02-12-2025,0
TIMAR,03-12-2025,0
TIMAR,04-12-2025,0
TIMAR,05-12-2025,0
TIMAR,06-12-2025,0
TIMAR,07-12-2025,0
TIMAR,08-12-2025,0
TIMAR,09-12-2025,0
TIMAR,10-12-2025,0
TIMAR,11-12-2025,0
TIMAR,12-12-2025,0
TIMAR,13-12-2025,0
TIMAR,14-12-2025,0
TIMAR,15-12-2025,0
TIMAR,16-12-2025,0
TIMAR,17-12-2025,0
TIMAR,18-12-2025,0
TIMAR,19-12-2025,0
TIMAR,20-12-2025,0
TIMAR,21-12-2025,0
TIMAR,22-12-2025,0
TIMAR,23-12-2025,0
TIMAR,24-12-2025,0
TIMAR,25-12-2025,0
TIMAR,26-12-2025,1.5
TIMAR,27-12-2025,0
TIMAR,28-12-2025,0
TIMAR,29-12-2025,0
TIMAR,30-12-2025,0
TIMAR,31-12-2025,0
TIMAR,01-01-2026,0
TIMAR,02-01-2026,0
TIMAR,03-01-2026,0
TIMAR,04-01-2026,0
TIMAR,05-01-2026,0
TIMAR,06-01-2026,0
TIMAR,07-01-2026,0
TIMAR,08-01-2026,0
TIMAR,09-01-2026,0
TIMAR,10-01-2026,0
TIMAR,11-01-2026,0
TIMAR,12-01-2026,0
TIMAR,13-01-2026,0
TIMAR,14-01-2026,0
TIMAR,15-01-2026,0
TIMAR,16-01-2026,0
TIMAR,17-01-2026,0
TIMAR,18-01-2026,0.1
TIMAR,19-01-2026,0.8
TIMAR,20-01-2026,6.6
TIMAR,21-01-2026,6
TIMAR,22-01-2026,4.4
TIMAR,23-01-2026,1.7
TIMAR,24-01-2026,0
TIMAR,25-01-2026,0
TIMAR,26-01-2026,0
TIMAR,27-01-2026,0
TIMAR,28-01-2026,2
TIMAR,29-01-2026,0.4
TIMAR,30-01-2026,0
TIMAR,31-01-2026,0
TIMAR,01-02-2026,0
TIMAR,02-02-2026,0
TIMAR,03-02-2026,0
TIMAR,04-02-2026,0.1
TIMAR,05-02-2026,0.2
TIMAR,06-02-2026,0
TIMAR,07-02-2026,0.8
TIMAR,08-02-2026,1.6
TIMAR,09-02-2026,0.2
TIMAR,10-02-2026,0
TIMAR,11-02-2026,0
TIMAR,12-02-2026,2
TIMAR,13-02-2026,0
TIMAR,14-02-2026,1.8
TIMAR,15-02-2026,1.9
TIMAR,16-02-2026,2.6
TIMAR,17-02-2026,0.3
TIMAR,18-02-2026,0.6
TIMAR,19-02-2026,0
TIMAR,20-02-2026,3.5
TIMAR,21-02-2026,0.6
TIMAR,22-02-2026,0.1
TIMAR,23-02-2026,0
TIMAR,24-02-2026,0
TIMAR,25-02-2026,0
TIMAR,26-02-2026,0
TIMAR,27-02-2026,0
TIMAR,28-02-2026,0
TIMAR,01-03-2026,0
TIMAR,02-03-2026,0
TIMAR,03-03-2026,0
TIMAR,04-03-2026,0
TIMAR,05-03-2026,0
TIMAR,06-03-2026,0
TIMAR,07-03-2026,0
TIMAR,08-03-2026,0
TIMAR,09-03-2026,0
TIMAR,10-03-2026,0
TIMAR,11-03-2026,0
TIMAR,12-03-2026,0
TIMAR,13-03-2026,0
TIMAR,14-03-2026,0
TIMAR,15-03-2026,0
TIMAR,16-03-2026,0
TIMAR,17-03-2026,0
TIMAR,18-03-2026,0
TIMAR,19-03-2026,0
TIMAR,20-03-2026,0
TIMAR,21-03-2026,0
TIMAR,22-03-2026,0
TIMAR,23-03-2026,0
TIMAR,24-03-2026,0
TIMAR,25-03-2026,0
TIMAR,26-03-2026,0
TIMAR,27-03-2026,0
TIMAR,28-03-2026,0
TIMAR,29-03-2026,0
TIMAR,30-03-2026,0
TIMAR,31-03-2026,0
TIMAR,01-04-2026,0
TIMAR,02-04-2026,0
TIMAR,03-04-2026,0
TIMAR,04-04-2026,0
TIMAR,05-04-2026,0
TIMAR,06-04-2026,0
TIMAR,07-04-2026,0
TIMAR,08-04-2026,0
TIMAR,09-04-2026,0
TIMAR,10-04-2026,0
TIMAR,11-04-2026,0
TIMAR,12-04-2026,0
TIMAR,13-04-2026,0
TIMAR,14-04-2026,0
TIMAR,15-04-2026,0
TIMAR,16-04-2026,0
TIMAR,17-04-2026,0
TIMAR,18-04-2026,0
TIMAR,19-04-2026,0
TIMAR,20-04-2026,0
TIMAR,21-04-2026,0
TIMAR,22-04-2026,0
TIMAR,23-04-2026,0
TIMAR,24-04-2026,0
TIMAR,25-04-2026,0
TIMAR,26-04-2026,0
TIMAR,27-04-2026,0
TIMAR,28-04-2026,0
TIMAR,29-04-2026,0
TIMAR,30-04-2026,0
TIMAR,01-05-2026,0
TIMAR,02-05-2026,0
TIMAR,03-05-2026,0
TIMAR,04-05-2026,0
TIMAR,05-05-2026,0
TIMAR,06-05-2026,0
TIMAR,07-05-2026,0
TIMAR,08-05-2026,0
TIMAR,09-05-2026,0
TIMAR,10-05-2026,0
TIMAR,11-05-2026,0
TIMAR,12-05-2026,0
TIMAR,13-05-2026,0
TIMAR,14-05-2026,0
TIMAR,15-05-2026,0
TIMAR,16-05-2026,0
TIMAR,17-05-2026,0
TIMAR,18-05-2026,0
TIMAR,19-05-2026,0
TIMAR,20-05-2026,0
TIMAR,21-05-2026,0
TIMAR,22-05-2026,0
TIMAR,23-05-2026,0
TIMAR,24-05-2026,0
TIMAR,25-05-2026,0
TIMAR,26-05-2026,0
TIMAR,27-05-2026,0
TIMAR,28-05-2026,0
TIMAR,29-05-2026,0
TIMAR,30-05-2026,0
TIMAR,31-05-2026,0
TIMAR,01-06-2026,0
TIMAR,02-06-2026,0
TIMAR,03-06-2026,0
TIMAR,04-06-2026,0
TIMAR,05-06-2026,0
TIMAR,06-06-2026,0
TIMAR,07-06-2026,0
TIMAR,08-06-2026,0
TIMAR,09-06-2026,0
TIMAR,10-06-2026,0
TIMAR,11-06-2026,0
TIMAR,12-06-2026,0
TIMAR,13-06-2026,0
TIMAR,14-06-2026,0
TIMAR,15-06-2026,0
TIMAR,16-06-2026,0
TIMAR,17-06-2026,0
TIMAR,18-06-2026,0
TIMAR,19-06-2026,0
TIMAR,20-06-2026,0
TIMAR,21-06-2026,0
TIMAR,22-06-2026,0
TIMAR,23-06-2026,0
TIMAR,24-06-2026,0
TIMAR,25-06-2026,0
TIMAR,26-06-2026,0
TIMAR,27-06-2026,0
TIMAR,28-06-2026,0
TIMAR,29-06-2026,0
TIMAR,30-06-2026,0
TIMAR,01-07-2026,0
TIMAR,02-07-2026,0
TIMAR,03-07-2026,0
TIMAR,04-07-2026,0
TIMAR,05-07-2026,0
TIMAR,06-07-2026,0
TIMAR,07-07-2026,0
TIMAR,08-07-2026,0
TIMAR,09-07-2026,0
TIMAR,10-07-2026,0
TIMAR,11-07-2026,0
TIMAR,12-07-2026,0
TIMAR,13-07-2026,0
TIMAR,14-07-2026,0
TIMAR,15-07-2026,0
TIMAR,16-07-2026,0
TIMAR,17-07-2026,0
TIMAR,18-07-2026,0
TIMAR,19-07-2026,0
TIMAR,20-07-2026,0
TIMAR,21-07-2026,0
TIMAR,22-07-2026,0
TIMAR,23-07-2026,0
TIMAR,24-07-2026,0
TIMAR,25-07-2026,0
TIMAR,26-07-2026,0
TIMAR,27-07-2026,0
TIMAR,28-07-2026,0
TIMAR,29-07-2026,0
TIMAR,30-07-2026,0
TIMAR,31-07-2026,0
POZO AZAPA KM.35,01-10-2024,0
POZO AZAPA KM.35,02-10-2024,0
POZO AZAPA KM.35,03-10-2024,0
POZO AZAPA KM.35,04-10-2024,0
POZO AZAPA KM.35,05-10-2024,0
POZO AZAPA KM.35,06-10-2024,0
POZO AZAPA KM.35,07-10-2024,0
POZO AZAPA KM.35,08-10-2024,0
POZO AZAPA KM.35,09-10-2024,0
POZO AZAPA KM.35,10-10-2024,0
POZO AZAPA KM.35,11-10-2024,0
POZO AZAPA KM.35,12-10-2024,0
POZO AZAPA KM.35,13-10-2024,0
POZO AZAPA KM.35,14-10-2024,0
POZO AZAPA KM.35,15-10-2024,0
POZO AZAPA KM.35,16-10-2024,0
POZO AZAPA KM.35,17-10-2024,0
POZO AZAPA KM.35,18-10-2024,0
POZO AZAPA KM.35,19-10-2024,0
POZO AZAPA KM.35,20-10-2024,0
POZO AZAPA KM.35,21-10-2024,0
POZO AZAPA KM.35,22-10-2024,0
POZO AZAPA KM.35,23-10-2024,0
POZO AZAPA KM.35,24-10-2024,0
POZO AZAPA KM.35,25-10-2024,0
POZO AZAPA KM.35,26-10-2024,0
POZO AZAPA KM.35,27-10-2024,0
POZO AZAPA KM.35,28-10-2024,0
POZO AZAPA KM.35,29-10-2024,0
POZO AZAPA KM.35,30-10-2024,0
POZO AZAPA KM.35,31-10-2024,0
POZO AZAPA KM.35,01-11-2024,0
POZO AZAPA KM.35,02-11-2024,0
POZO AZAPA KM.35,03-11-2024,0
POZO AZAPA KM.35,04-11-2024,0
POZO AZAPA KM.35,05-11-2024,0
POZO AZAPA KM.35,06-11-2024,0
POZO AZAPA KM.35,07-11-2024,0
POZO AZAPA KM.35,08-11-2024,0
POZO AZAPA KM.35,09-11-2024,0
POZO AZAPA KM.35,10-11-2024,0
POZO AZAPA KM.35,11-11-2024,0
POZO AZAPA KM.35,12-11-2024,0
POZO AZAPA KM.35,13-11-2024,0
POZO AZAPA KM.35,14-11-2024,0
POZO AZAPA KM.35,15-11-2024,0
POZO AZAPA KM.35,16-11-2024,0
POZO AZAPA KM.35,17-11-2024,0
POZO AZAPA KM.35,18-11-2024,0
POZO AZAPA KM.35,19-11-2024,0
POZO AZAPA KM.35,20-11-2024,0
POZO AZAPA KM.35,21-11-2024,0
POZO AZAPA KM.35,22-11-2024,0
POZO AZAPA KM.35,23-11-2024,0
POZO AZAPA KM.35,24-11-2024,0
POZO AZAPA KM.35,25-11-2024,0
POZO AZAPA KM.35,26-11-2024,0
POZO AZAPA KM.35,27-11-2024,0
POZO AZAPA KM.35,28-11-2024,0
POZO AZAPA KM.35,29-11-2024,0
POZO AZAPA KM.35,30-11-2024,0
POZO AZAPA KM.35,01-12-2024,0
POZO AZAPA KM.35,02-12-2024,0
POZO AZAPA KM.35,03-12-2024,0
POZO AZAPA KM.35,04-12-2024,0
POZO AZAPA KM.35,05-12-2024,0
POZO AZAPA KM.35,06-12-2024,0
POZO AZAPA KM.35,07-12-2024,0
POZO AZAPA KM.35,08-12-2024,0
POZO AZAPA KM.35,09-12-2024,0
POZO AZAPA KM.35,10-12-2024,0
POZO AZAPA KM.35,11-12-2024,0
POZO AZAPA KM.35,12-12-2024,0
POZO AZAPA KM.35,13-12-2024,0
POZO AZAPA KM.35,14-12-2024,0
POZO AZAPA KM.35,15-12-2024,0
POZO AZAPA KM.35,16-12-2024,0
POZO AZAPA KM.35,17-12-2024,0
POZO AZAPA KM.35,18-12-2024,0
POZO AZAPA KM.35,19-12-2024,0
POZO AZAPA KM.35,20-12-2024,0
POZO AZAPA KM.35,21-12-2024,0
POZO AZAPA KM.35,22-12-2024,0
POZO AZAPA KM.35,23-12-2024,0
POZO AZAPA KM.35,24-12-2024,0
POZO AZAPA KM.35,25-12-2024,0
POZO AZAPA KM.35,26-12-2024,0
POZO AZAPA KM.35,27-12-2024,0
POZO AZAPA KM.35,28-12-2024,0
POZO AZAPA KM.35,29-12-2024,0
POZO AZAPA KM.35,30-12-2024,0
POZO AZAPA KM.35,31-12-2024,0
POZO AZAPA KM.35,01-01-2025,0
POZO AZAPA KM.35,02-01-2025,0
POZO AZAPA KM.35,03-01-2025,0
POZO AZAPA KM.35,04-01-2025,0
POZO AZAPA KM.35,05-01-2025,0
POZO AZAPA KM.35,06-01-2025,0
POZO AZAPA KM.35,07-01-2025,0
POZO AZAPA KM.35,08-01-2025,18.8
POZO AZAPA KM.35,09-01-2025,0
POZO AZAPA KM.35,10-01-2025,0
POZO AZAPA KM.35,11-01-2025,0
POZO AZAPA KM.35,12-01-2025,0
POZO AZAPA KM.35,13-01-2025,0
POZO AZAPA KM.35,14-01-2025,0
POZO AZAPA KM.35,15-01-2025,0
POZO AZAPA KM.35,16-01-2025,0
POZO AZAPA KM.35,17-01-2025,0
POZO AZAPA KM.35,18-01-2025,0
POZO AZAPA KM.35,19-01-2025,0
POZO AZAPA KM.35,20-01-2025,0
POZO AZAPA KM.35,21-01-2025,0
POZO AZAPA KM.35,22-01-2025,0
POZO AZAPA KM.35,23-01-2025,0
POZO AZAPA KM.35,24-01-2025,0
POZO AZAPA KM.35,25-01-2025,0
POZO AZAPA KM.35,26-01-2025,0
POZO AZAPA KM.35,27-01-2025,0
POZO AZAPA KM.35,28-01-2025,0
POZO AZAPA KM.35,29-01-2025,0
POZO AZAPA KM.35,30-01-2025,0
POZO AZAPA KM.35,31-01-2025,0
POZO AZAPA KM.35,01-02-2025,0
POZO AZAPA KM.35,02-02-2025,0
POZO AZAPA KM.35,03-02-2025,0
POZO AZAPA KM.35,04-02-2025,0
POZO AZAPA KM.35,05-02-2025,0
POZO AZAPA KM.35,06-02-2025,0
POZO AZAPA KM.35,07-02-2025,0
POZO AZAPA KM.35,08-02-2025,0
POZO AZAPA KM.35,09-02-2025,0
POZO AZAPA KM.35,10-02-2025,0
POZO AZAPA KM.35,11-02-2025,0
POZO AZAPA KM.35,12-02-2025,0
POZO AZAPA KM.35,13-02-2025,0
POZO AZAPA KM.35,14-02-2025,0
POZO AZAPA KM.35,15-02-2025,0
POZO AZAPA KM.35,16-02-2025,0
POZO AZAPA KM.35,17-02-2025,0
POZO AZAPA KM.35,18-02-2025,0
POZO AZAPA KM.35,19-02-2025,0
POZO AZAPA KM.35,20-02-2025,0
POZO AZAPA KM.35,21-02-2025,0
POZO AZAPA KM.35,22-02-2025,0
POZO AZAPA KM.35,23-02-2025,0
POZO AZAPA KM.35,24-02-2025,0
POZO AZAPA KM.35,25-02-2025,0
POZO AZAPA KM.35,26-02-2025,0
POZO AZAPA KM.35,27-02-2025,0
POZO AZAPA KM.35,28-02-2025,0
POZO AZAPA KM.35,01-03-2025,0
POZO AZAPA KM.35,02-03-2025,0
POZO AZAPA KM.35,03-03-2025,0
POZO AZAPA KM.35,04-03-2025,0
POZO AZAPA KM.35,05-03-2025,0
POZO AZAPA KM.35,06-03-2025,0
POZO AZAPA KM.35,07-03-2025,0
POZO AZAPA KM.35,08-03-2025,0
POZO AZAPA KM.35,09-03-2025,0
POZO AZAPA KM.35,10-03-2025,0
POZO AZAPA KM.35,11-03-2025,0
POZO AZAPA KM.35,12-03-2025,0
POZO AZAPA KM.35,13-03-2025,0
POZO AZAPA KM.35,14-03-2025,0
POZO AZAPA KM.35,15-03-2025,0
POZO AZAPA KM.35,16-03-2025,0
POZO AZAPA KM.35,17-03-2025,0
POZO AZAPA KM.35,18-03-2025,0
POZO AZAPA KM.35,19-03-2025,0
POZO AZAPA KM.35,20-03-2025,0
POZO AZAPA KM.35,21-03-2025,0
POZO AZAPA KM.35,22-03-2025,0
POZO AZAPA KM.35,23-03-2025,0
POZO AZAPA KM.35,24-03-2025,0
POZO AZAPA KM.35,25-03-2025,0
POZO AZAPA KM.35,26-03-2025,0
POZO AZAPA KM.35,27-03-2025,0
POZO AZAPA KM.35,28-03-2025,0
POZO AZAPA KM.35,29-03-2025,0
POZO AZAPA KM.35,30-03-2025,0
POZO AZAPA KM.35,31-03-2025,0
POZO AZAPA KM.35,01-04-2025,0
POZO AZAPA KM.35,02-04-2025,0
POZO AZAPA KM.35,03-04-2025,0
POZO AZAPA KM.35,04-04-2025,0
POZO AZAPA KM.35,05-04-2025,0
POZO AZAPA KM.35,06-04-2025,0
POZO AZAPA KM.35,07-04-2025,0
POZO AZAPA KM.35,08-04-2025,0
POZO AZAPA KM.35,09-04-2025,0
POZO AZAPA KM.35,10-04-2025,0
POZO AZAPA KM.35,11-04-2025,0
POZO AZAPA KM.35,12-04-2025,0
POZO AZAPA KM.35,13-04-2025,0
POZO AZAPA KM.35,14-04-2025,0
POZO AZAPA KM.35,15-04-2025,0
POZO AZAPA KM.35,16-04-2025,0
POZO AZAPA KM.35,17-04-2025,0
POZO AZAPA KM.35,18-04-2025,0
POZO AZAPA KM.35,19-04-2025,0
POZO AZAPA KM.35,20-04-2025,0
POZO AZAPA KM.35,21-04-2025,0
POZO AZAPA KM.35,22-04-2025,0
POZO AZAPA KM.35,23-04-2025,0
POZO AZAPA KM.35,24-04-2025,0
POZO AZAPA KM.35,25-04-2025,0
POZO AZAPA KM.35,26-04-2025,0
POZO AZAPA KM.35,27-04-2025,0
POZO AZAPA KM.35,28-04-2025,0
POZO AZAPA KM.35,29-04-2025,0
POZO AZAPA KM.35,30-04-2025,0
POZO AZAPA KM.35,01-05-2025,0
POZO AZAPA KM.35,02-05-2025,0
POZO AZAPA KM.35,03-05-2025,0
POZO AZAPA KM.35,04-05-2025,0
POZO AZAPA KM.35,05-05-2025,0
POZO AZAPA KM.35,06-05-2025,0
POZO AZAPA KM.35,07-05-2025,0
POZO AZAPA KM.35,08-05-2025,0
POZO AZAPA KM.35,09-05-2025,0
POZO AZAPA KM.35,10-05-2025,0
POZO AZAPA KM.35,11-05-2025,0
POZO AZAPA KM.35,12-05-2025,0
POZO AZAPA KM.35,13-05-2025,0
POZO AZAPA KM.35,14-05-2025,0
POZO AZAPA KM.35,15-05-2025,0
POZO AZAPA KM.35,16-05-2025,0
POZO AZAPA KM.35,17-05-2025,0
POZO AZAPA KM.35,18-05-2025,0
POZO AZAPA KM.35,19-05-2025,0
POZO AZAPA KM.35,20-05-2025,0
POZO AZAPA KM.35,21-05-2025,0
POZO AZAPA KM.35,22-05-2025,0
POZO AZAPA KM.35,23-05-2025,0
POZO AZAPA KM.35,24-05-2025,0
POZO AZAPA KM.35,25-05-2025,0
POZO AZAPA KM.35,26-05-2025,0
POZO AZAPA KM.35,27-05-2025,0
POZO AZAPA KM.35,28-05-2025,0
POZO AZAPA KM.35,29-05-2025,0
POZO AZAPA KM.35,30-05-2025,0
POZO AZAPA KM.35,31-05-2025,0
POZO AZAPA KM.35,01-06-2025,0
POZO AZAPA KM.35,02-06-2025,0
POZO AZAPA KM.35,03-06-2025,0
POZO AZAPA KM.35,04-06-2025,0
POZO AZAPA KM.35,05-06-2025,0
POZO AZAPA KM.35,06-06-2025,0
POZO AZAPA KM.35,07-06-2025,0
POZO AZAPA KM.35,08-06-2025,0
POZO AZAPA KM.35,09-06-2025,0
POZO AZAPA KM.35,10-06-2025,0
POZO AZAPA KM.35,11-06-2025,0
POZO AZAPA KM.35,12-06-2025,0
POZO AZAPA KM.35,13-06-2025,0
POZO AZAPA KM.35,14-06-2025,0
POZO AZAPA KM.35,15-06-2025,0
POZO AZAPA KM.35,16-06-2025,0
POZO AZAPA KM.35,17-06-2025,0
POZO AZAPA KM.35,18-06-2025,0
POZO AZAPA KM.35,19-06-2025,0
POZO AZAPA KM.35,20-06-2025,0
POZO AZAPA KM.35,21-06-2025,0
POZO AZAPA KM.35,22-06-2025,0
POZO AZAPA KM.35,23-06-2025,0
POZO AZAPA KM.35,24-06-2025,0
POZO AZAPA KM.35,25-06-2025,0
POZO AZAPA KM.35,26-06-2025,0
POZO AZAPA KM.35,27-06-2025,0
POZO AZAPA KM.35,28-06-2025,0
POZO AZAPA KM.35,29-06-2025,0
POZO AZAPA KM.35,30-06-2025,0
POZO AZAPA KM.35,01-07-2025,0
POZO AZAPA KM.35,02-07-2025,0
POZO AZAPA KM.35,03-07-2025,0
POZO AZAPA KM.35,04-07-2025,0
POZO AZAPA KM.35,05-07-2025,0
POZO AZAPA KM.35,06-07-2025,0
POZO AZAPA KM.35,07-07-2025,0
POZO AZAPA KM.35,08-07-2025,0
POZO AZAPA KM.35,09-07-2025,0
POZO AZAPA KM.35,10-07-2025,0
POZO AZAPA KM.35,11-07-2025,0
POZO AZAPA KM.35,12-07-2025,0
POZO AZAPA KM.35,13-07-2025,0
POZO AZAPA KM.35,14-07-2025,0
POZO AZAPA KM.35,15-07-2025,0
POZO AZAPA KM.35,16-07-2025,0
POZO AZAPA KM.35,17-07-2025,0
POZO AZAPA KM.35,18-07-2025,0
POZO AZAPA KM.35,19-07-2025,0
POZO AZAPA KM.35,20-07-2025,0
POZO AZAPA KM.35,21-07-2025,0
POZO AZAPA KM.35,22-07-2025,0
POZO AZAPA KM.35,23-07-2025,0
POZO AZAPA KM.35,24-07-2025,0
POZO AZAPA KM.35,25-07-2025,0
POZO AZAPA KM.35,26-07-2025,0
POZO AZAPA KM.35,27-07-2025,0
POZO AZAPA KM.35,28-07-2025,0
POZO AZAPA KM.35,29-07-2025,0
POZO AZAPA KM.35,30-07-2025,0
POZO AZAPA KM.35,31-07-2025,0
POZO AZAPA KM.35,01-08-2025,0
POZO AZAPA KM.35,02-08-2025,0
POZO AZAPA KM.35,03-08-2025,0
POZO AZAPA KM.35,04-08-2025,0
POZO AZAPA KM.35,05-08-2025,0
POZO AZAPA KM.35,06-08-2025,0
POZO AZAPA KM.35,07-08-2025,0
POZO AZAPA KM.35,08-08-2025,0
POZO AZAPA KM.35,09-08-2025,0
POZO AZAPA KM.35,10-08-2025,0
POZO AZAPA KM.35,11-08-2025,0
POZO AZAPA KM.35,12-08-2025,0
POZO AZAPA KM.35,13-08-2025,0
POZO AZAPA KM.35,14-08-2025,0
POZO AZAPA KM.35,15-08-2025,0
POZO AZAPA KM.35,16-08-2025,0
POZO AZAPA KM.35,17-08-2025,0
POZO AZAPA KM.35,18-08-2025,0
POZO AZAPA KM.35,19-08-2025,0
POZO AZAPA KM.35,20-08-2025,0
POZO AZAPA KM.35,21-08-2025,0
POZO AZAPA KM.35,22-08-2025,0
POZO AZAPA KM.35,23-08-2025,0
POZO AZAPA KM.35,24-08-2025,0
POZO AZAPA KM.35,25-08-2025,0
POZO AZAPA KM.35,26-08-2025,0
POZO AZAPA KM.35,27-08-2025,0
POZO AZAPA KM.35,28-08-2025,0
POZO AZAPA KM.35,29-08-2025,0
POZO AZAPA KM.35,30-08-2025,0
POZO AZAPA KM.35,31-08-2025,0
POZO AZAPA KM.35,01-09-2025,0
POZO AZAPA KM.35,02-09-2025,0
POZO AZAPA KM.35,03-09-2025,0
POZO AZAPA KM.35,04-09-2025,0
POZO AZAPA KM.35,05-09-2025,0
POZO AZAPA KM.35,06-09-2025,0
POZO AZAPA KM.35,07-09-2025,0
POZO AZAPA KM.35,08-09-2025,0
POZO AZAPA KM.35,09-09-2025,0
POZO AZAPA KM.35,10-09-2025,0
POZO AZAPA KM.35,11-09-2025,0
POZO AZAPA KM.35,12-09-2025,0
POZO AZAPA KM.35,13-09-2025,0
POZO AZAPA KM.35,14-09-2025,0
POZO AZAPA KM.35,15-09-2025,0
POZO AZAPA KM.35,16-09-2025,0
POZO AZAPA KM.35,17-09-2025,0
POZO AZAPA KM.35,18-09-2025,0
POZO AZAPA KM.35,19-09-2025,0
POZO AZAPA KM.35,20-09-2025,0
POZO AZAPA KM.35,21-09-2025,0
POZO AZAPA KM.35,22-09-2025,0
POZO AZAPA KM.35,23-09-2025,0
POZO AZAPA KM.35,24-09-2025,0
POZO AZAPA KM.35,25-09-2025,0
POZO AZAPA KM.35,26-09-2025,0
POZO AZAPA KM.35,27-09-2025,0
POZO AZAPA KM.35,28-09-2025,0
POZO AZAPA KM.35,29-09-2025,0
POZO AZAPA KM.35,30-09-2025,0
POZO AZAPA KM.35,01-10-2025,0
POZO AZAPA KM.35,02-10-2025,0
POZO AZAPA KM.35,03-10-2025,0
POZO AZAPA KM.35,04-10-2025,0
POZO AZAPA KM.35,05-10-2025,0
POZO AZAPA KM.35,06-10-2025,0
POZO AZAPA KM.35,07-10-2025,0
POZO AZAPA KM.35,08-10-2025,0
POZO AZAPA KM.35,09-10-2025,0
POZO AZAPA KM.35,10-10-2025,0
POZO AZAPA KM.35,11-10-2025,0
POZO AZAPA KM.35,12-10-2025,0
POZO AZAPA KM.35,13-10-2025,0
POZO AZAPA KM.35,14-10-2025,0
POZO AZAPA KM.35,15-10-2025,0
POZO AZAPA KM.35,16-10-2025,0
POZO AZAPA KM.35,17-10-2025,0
POZO AZAPA KM.35,18-10-2025,0
POZO AZAPA KM.35,19-10-2025,0
POZO AZAPA KM.35,20-10-2025,0
POZO AZAPA KM.35,21-10-2025,0
POZO AZAPA KM.35,22-10-2025,0
POZO AZAPA KM.35,23-10-2025,0
POZO AZAPA KM.35,24-10-2025,0
POZO AZAPA KM.35,25-10-2025,0
POZO AZAPA KM.35,26-10-2025,0
POZO AZAPA KM.35,27-10-2025,0
POZO AZAPA KM.35,28-10-2025,0
POZO AZAPA KM.35,29-10-2025,0
POZO AZAPA KM.35,30-10-2025,0
POZO AZAPA KM.35,31-10-2025,0
POZO AZAPA KM.35,01-11-2025,0
POZO AZAPA KM.35,02-11-2025,0
POZO AZAPA KM.35,03-11-2025,0
POZO AZAPA KM.35,04-11-2025,0
POZO AZAPA KM.35,05-11-2025,0
POZO AZAPA KM.35,06-11-2025,0
POZO AZAPA KM.35,07-11-2025,0
POZO AZAPA KM.35,08-11-2025,0
POZO AZAPA KM.35,09-11-2025,0
POZO AZAPA KM.35,10-11-2025,0
POZO AZAPA KM.35,11-11-2025,0
POZO AZAPA KM.35,12-11-2025,0
POZO AZAPA KM.35,13-11-2025,0
POZO AZAPA KM.35,14-11-2025,0
POZO AZAPA KM.35,15-11-2025,0
POZO AZAPA KM.35,16-11-2025,0
POZO AZAPA KM.35,17-11-2025,0
POZO AZAPA KM.35,18-11-2025,0
POZO AZAPA KM.35,19-11-2025,0
POZO AZAPA KM.35,20-11-2025,0
POZO AZAPA KM.35,21-11-2025,0
POZO AZAPA KM.35,22-11-2025,0
POZO AZAPA KM.35,23-11-2025,0
POZO AZAPA KM.35,24-11-2025,0
POZO AZAPA KM.35,25-11-2025,0
POZO AZAPA KM.35,26-11-2025,0
POZO AZAPA KM.35,27-11-2025,0
POZO AZAPA KM.35,28-11-2025,0
POZO AZAPA KM.35,29-11-2025,0
POZO AZAPA KM.35,30-11-2025,0
POZO AZAPA KM.35,01-12-2025,0
POZO AZAPA KM.35,02-12-2025,0
POZO AZAPA KM.35,03-12-2025,0
POZO AZAPA KM.35,04-12-2025,0
POZO AZAPA KM.35,05-12-2025,0
POZO AZAPA KM.35,06-12-2025,0
POZO AZAPA KM.35,07-12-2025,0
POZO AZAPA KM.35,08-12-2025,0
POZO AZAPA KM.35,09-12-2025,0
POZO AZAPA KM.35,10-12-2025,0
POZO AZAPA KM.35,11-12-2025,0
POZO AZAPA KM.35,12-12-2025,0
POZO AZAPA KM.35,13-12-2025,0
POZO AZAPA KM.35,14-12-2025,0
POZO AZAPA KM.35,15-12-2025,0
POZO AZAPA KM.35,16-12-2025,0
POZO AZAPA KM.35,17-12-2025,0
POZO AZAPA KM.35,18-12-2025,0
POZO AZAPA KM.35,19-12-2025,0
POZO AZAPA KM.35,20-12-2025,0
POZO AZAPA KM.35,21-12-2025,0
POZO AZAPA KM.35,22-12-2025,0
POZO AZAPA KM.35,23-12-2025,0
POZO AZAPA KM.35,24-12-2025,0
POZO AZAPA KM.35,25-12-2025,0
POZO AZAPA KM.35,26-12-2025,0
POZO AZAPA KM.35,27-12-2025,0
POZO AZAPA KM.35,28-12-2025,0
POZO AZAPA KM.35,29-12-2025,0
POZO AZAPA KM.35,30-12-2025,0
POZO AZAPA KM.35,31-12-2025,0
POZO AZAPA KM.35,01-01-2026,0
POZO AZAPA KM.35,02-01-2026,0
POZO AZAPA KM.35,03-01-2026,0
POZO AZAPA KM.35,04-01-2026,0
POZO AZAPA KM.35,05-01-2026,0
POZO AZAPA KM.35,06-01-2026,0
POZO AZAPA KM.35,07-01-2026,0
POZO AZAPA KM.35,08-01-2026,0
POZO AZAPA KM.35,09-01-2026,0
POZO AZAPA KM.35,10-01-2026,0
POZO AZAPA KM.35,11-01-2026,0
POZO AZAPA KM.35,12-01-2026,0
POZO AZAPA KM.35,13-01-2026,0
POZO AZAPA KM.35,14-01-2026,0
POZO AZAPA KM.35,15-01-2026,0
POZO AZAPA KM.35,16-01-2026,0
POZO AZAPA KM.35,17-01-2026,0
POZO AZAPA KM.35,18-01-2026,0
POZO AZAPA KM.35,19-01-2026,0
POZO AZAPA KM.35,20-01-2026,0
POZO AZAPA KM.35,21-01-2026,0
POZO AZAPA KM.35,22-01-2026,0
POZO AZAPA KM.35,23-01-2026,0
POZO AZAPA KM.35,24-01-2026,0
POZO AZAPA KM.35,25-01-2026,0
POZO AZAPA KM.35,26-01-2026,0
POZO AZAPA KM.35,27-01-2026,0
POZO AZAPA KM.35,28-01-2026,0
POZO AZAPA KM.35,29-01-2026,0
POZO AZAPA KM.35,30-01-2026,0
POZO AZAPA KM.35,31-01-2026,0
POZO AZAPA KM.35,01-02-2026,0
POZO AZAPA KM.35,02-02-2026,0
POZO AZAPA KM.35,03-02-2026,0
POZO AZAPA KM.35,04-02-2026,0
POZO AZAPA KM.35,05-02-2026,0
POZO AZAPA KM.35,06-02-2026,0
POZO AZAPA KM.35,07-02-2026,0
POZO AZAPA KM.35,08-02-2026,0
POZO AZAPA KM.35,09-02-2026,0
POZO AZAPA KM.35,10-02-2026,0
POZO AZAPA KM.35,11-02-2026,0
POZO AZAPA KM.35,12-02-2026,0
POZO AZAPA KM.35,13-02-2026,0
POZO AZAPA KM.35,14-02-2026,0
POZO AZAPA KM.35,15-02-2026,0
POZO AZAPA KM.35,16-02-2026,0
POZO AZAPA KM.35,17-02-2026,0
POZO AZAPA KM.35,18-02-2026,0
POZO AZAPA KM.35,19-02-2026,0
POZO AZAPA KM.35,20-02-2026,0
POZO AZAPA KM.35,21-02-2026,0
POZO AZAPA KM.35,22-02-2026,0
POZO AZAPA KM.35,23-02-2026,0
POZO AZAPA KM.35,24-02-2026,0
POZO AZAPA KM.35,25-02-2026,0
POZO AZAPA KM.35,26-02-2026,0
POZO AZAPA KM.35,27-02-2026,0
POZO AZAPA KM.35,28-02-2026,0
POZO AZAPA KM.35,01-03-2026,0
POZO AZAPA KM.35,02-03-2026,0
POZO AZAPA KM.35,03-03-2026,0
POZO AZAPA KM.35,04-03-2026,0
POZO AZAPA KM.35,05-03-2026,0
POZO AZAPA KM.35,06-03-2026,0
POZO AZAPA KM.35,07-03-2026,0
POZO AZAPA KM.35,08-03-2026,0
POZO AZAPA KM.35,09-03-2026,0
POZO AZAPA KM.35,10-03-2026,0
POZO AZAPA KM.35,11-03-2026,0
POZO AZAPA KM.35,12-03-2026,0
POZO AZAPA KM.35,13-03-2026,0
POZO AZAPA KM.35,14-03-2026,0
POZO AZAPA KM.35,15-03-2026,0
POZO AZAPA KM.35,16-03-2026,0
POZO AZAPA KM.35,17-03-2026,0
POZO AZAPA KM.35,18-03-2026,0
POZO AZAPA KM.35,19-03-2026,0
POZO AZAPA KM.35,20-03-2026,0
POZO AZAPA KM.35,21-03-2026,0
POZO AZAPA KM.35,22-03-2026,0
POZO AZAPA KM.35,23-03-2026,0
POZO AZAPA KM.35,24-03-2026,0
POZO AZAPA KM.35,25-03-2026,0
POZO AZAPA KM.35,26-03-2026,0
POZO AZAPA KM.35,27-03-2026,0
POZO AZAPA KM.35,28-03-2026,0
POZO AZAPA KM.35,29-03-2026,0
POZO AZAPA KM.35,30-03-2026,0
POZO AZAPA KM.35,31-03-2026,0
POZO AZAPA KM.35,01-04-2026,0
POZO AZAPA KM.35,02-04-2026,0
POZO AZAPA KM.35,03-04-2026,0
POZO AZAPA KM.35,04-04-2026,0
POZO AZAPA KM.35,05-04-2026,0
POZO AZAPA KM.35,06-04-2026,0
POZO AZAPA KM.35,07-04-2026,0
POZO AZAPA KM.35,08-04-2026,0
POZO AZAPA KM.35,09-04-2026,0
POZO AZAPA KM.35,10-04-2026,0
POZO AZAPA KM.35,11-04-2026,0
POZO AZAPA KM.35,12-04-2026,0
POZO AZAPA KM.35,13-04-2026,0
POZO AZAPA KM.35,14-04-2026,0
POZO AZAPA KM.35,15-04-2026,0
POZO AZAPA KM.35,16-04-2026,0
POZO AZAPA KM.35,17-04-2026,0
POZO AZAPA KM.35,18-04-2026,0
POZO AZAPA KM.35,19-04-2026,0
POZO AZAPA KM.35,20-04-2026,0
POZO AZAPA KM.35,21-04-2026,0
POZO AZAPA KM.35,22-04-2026,0
POZO AZAPA KM.35,23-04-2026,0
POZO AZAPA KM.35,24-04-2026,0
POZO AZAPA KM.35,25-04-2026,0
POZO AZAPA KM.35,26-04-2026,0
POZO AZAPA KM.35,27-04-2026,0
POZO AZAPA KM.35,28-04-2026,0
POZO AZAPA KM.35,29-04-2026,0
POZO AZAPA KM.35,30-04-2026,0
POZO AZAPA KM.35,01-05-2026,0
POZO AZAPA KM.35,02-05-2026,0
POZO AZAPA KM.35,03-05-2026,0
POZO AZAPA KM.35,04-05-2026,0
POZO AZAPA KM.35,05-05-2026,0
POZO AZAPA KM.35,06-05-2026,0
POZO AZAPA KM.35,07-05-2026,0
POZO AZAPA KM.35,08-05-2026,0
POZO AZAPA KM.35,09-05-2026,0
POZO AZAPA KM.35,10-05-2026,0
POZO AZAPA KM.35,11-05-2026,0
POZO AZAPA KM.35,12-05-2026,0
POZO AZAPA KM.35,13-05-2026,0
POZO AZAPA KM.35,14-05-2026,0
POZO AZAPA KM.35,15-05-2026,0
POZO AZAPA KM.35,16-05-2026,0
POZO AZAPA KM.35,17-05-2026,0
POZO AZAPA KM.35,18-05-2026,0
POZO AZAPA KM.35,19-05-2026,0
POZO AZAPA KM.35,20-05-2026,0
POZO AZAPA KM.35,21-05-2026,0
POZO AZAPA KM.35,22-05-2026,0
POZO AZAPA KM.35,23-05-2026,0
POZO AZAPA KM.35,24-05-2026,0
POZO AZAPA KM.35,25-05-2026,0
POZO AZAPA KM.35,26-05-2026,0
POZO AZAPA KM.35,27-05-2026,0
POZO AZAPA KM.35,28-05-2026,0
POZO AZAPA KM.35,29-05-2026,0
POZO AZAPA KM.35,30-05-2026,0
POZO AZAPA KM.35,31-05-2026,0
POZO AZAPA KM.35,01-06-2026,0
POZO AZAPA KM.35,02-06-2026,0
POZO AZAPA KM.35,03-06-2026,0
POZO AZAPA KM.35,04-06-2026,0
POZO AZAPA KM.35,05-06-2026,0
POZO AZAPA KM.35,06-06-2026,0
POZO AZAPA KM.35,07-06-2026,0
POZO AZAPA KM.35,08-06-2026,0
POZO AZAPA KM.35,09-06-2026,0
POZO AZAPA KM.35,10-06-2026,0
POZO AZAPA KM.35,11-06-2026,0
POZO AZAPA KM.35,12-06-2026,0
POZO AZAPA KM.35,13-06-2026,0
POZO AZAPA KM.35,14-06-2026,0
POZO AZAPA KM.35,15-06-2026,0
POZO AZAPA KM.35,16-06-2026,0
POZO AZAPA KM.35,17-06-2026,0
POZO AZAPA KM.35,18-06-2026,0
POZO AZAPA KM.35,19-06-2026,0
POZO AZAPA KM.35,20-06-2026,0
POZO AZAPA KM.35,21-06-2026,0
POZO AZAPA KM.35,22-06-2026,0
POZO AZAPA KM.35,23-06-2026,0
POZO AZAPA KM.35,24-06-2026,0
POZO AZAPA KM.35,25-06-2026,0
POZO AZAPA KM.35,26-06-2026,0
POZO AZAPA KM.35,27-06-2026,0
POZO AZAPA KM.35,28-06-2026,0
POZO AZAPA KM.35,29-06-2026,0
POZO AZAPA KM.35,30-06-2026,0
POZO AZAPA KM.35,01-07-2026,0
POZO AZAPA KM.35,02-07-2026,0
POZO AZAPA KM.35,03-07-2026,0
POZO AZAPA KM.35,04-07-2026,0
POZO AZAPA KM.35,05-07-2026,0
POZO AZAPA KM.35,06-07-2026,0
POZO AZAPA KM.35,07-07-2026,0
POZO AZAPA KM.35,08-07-2026,0
POZO AZAPA KM.35,09-07-2026,0
POZO AZAPA KM.35,10-07-2026,0
POZO AZAPA KM.35,11-07-2026,0
POZO AZAPA KM.35,12-07-2026,0
POZO AZAPA KM.35,13-07-2026,0
POZO AZAPA KM.35,14-07-2026,0
POZO AZAPA KM.35,15-07-2026,0
POZO AZAPA KM.35,16-07-2026,0
POZO AZAPA KM.35,17-07-2026,0
POZO AZAPA KM.35,18-07-2026,0
POZO AZAPA KM.35,19-07-2026,0
POZO AZAPA KM.35,20-07-2026,0
POZO AZAPA KM.35,21-07-2026,0
POZO AZAPA KM.35,22-07-2026,0
POZO AZAPA KM.35,23-07-2026,0
POZO AZAPA KM.35,24-07-2026,0
POZO AZAPA KM.35,25-07-2026,0
POZO AZAPA KM.35,26-07-2026,0
POZO AZAPA KM.35,27-07-2026,0
POZO AZAPA KM.35,28-07-2026,0
POZO AZAPA KM.35,29-07-2026,0
POZO AZAPA KM.35,30-07-2026,0
POZO AZAPA KM.35,31-07-2026,0
POZO DGA AZAPA Km 50,01-10-2024,0
POZO DGA AZAPA Km 50,02-10-2024,0
POZO DGA AZAPA Km 50,03-10-2024,0
POZO DGA AZAPA Km 50,04-10-2024,0
POZO DGA AZAPA Km 50,05-10-2024,0
POZO DGA AZAPA Km 50,06-10-2024,0
POZO DGA AZAPA Km 50,07-10-2024,0
POZO DGA AZAPA Km 50,08-10-2024,0
POZO DGA AZAPA Km 50,09-10-2024,0
POZO DGA AZAPA Km 50,10-10-2024,0
POZO DGA AZAPA Km 50,11-10-2024,0
POZO DGA AZAPA Km 50,12-10-2024,0
POZO DGA AZAPA Km 50,13-10-2024,0
POZO DGA AZAPA Km 50,14-10-2024,0
POZO DGA AZAPA Km 50,15-10-2024,0
POZO DGA AZAPA Km 50,16-10-2024,0
POZO DGA AZAPA Km 50,17-10-2024,0
POZO DGA AZAPA Km 50,18-10-2024,0
POZO DGA AZAPA Km 50,19-10-2024,0
POZO DGA AZAPA Km 50,20-10-2024,0
POZO DGA AZAPA Km 50,21-10-2024,0
POZO DGA AZAPA Km 50,22-10-2024,0
POZO DGA AZAPA Km 50,23-10-2024,0
POZO DGA AZAPA Km 50,24-10-2024,0
POZO DGA AZAPA Km 50,25-10-2024,0
POZO DGA AZAPA Km 50,26-10-2024,0
POZO DGA AZAPA Km 50,27-10-2024,0
POZO DGA AZAPA Km 50,28-10-2024,0
POZO DGA AZAPA Km 50,29-10-2024,0
POZO DGA AZAPA Km 50,30-10-2024,0
POZO DGA AZAPA Km 50,31-10-2024,0
POZO DGA AZAPA Km 50,01-11-2024,0
POZO DGA AZAPA Km 50,02-11-2024,0
POZO DGA AZAPA Km 50,03-11-2024,0
POZO DGA AZAPA Km 50,04-11-2024,0
POZO DGA AZAPA Km 50,05-11-2024,0
POZO DGA AZAPA Km 50,06-11-2024,0
POZO DGA AZAPA Km 50,07-11-2024,0
POZO DGA AZAPA Km 50,08-11-2024,0
POZO DGA AZAPA Km 50,09-11-2024,0
POZO DGA AZAPA Km 50,10-11-2024,0
POZO DGA AZAPA Km 50,11-11-2024,0
POZO DGA AZAPA Km 50,12-11-2024,0
POZO DGA AZAPA Km 50,13-11-2024,0
POZO DGA AZAPA Km 50,14-11-2024,0
POZO DGA AZAPA Km 50,15-11-2024,0
POZO DGA AZAPA Km 50,16-11-2024,0
POZO DGA AZAPA Km 50,17-11-2024,0
POZO DGA AZAPA Km 50,18-11-2024,0
POZO DGA AZAPA Km 50,19-11-2024,0
POZO DGA AZAPA Km 50,20-11-2024,0
POZO DGA AZAPA Km 50,21-11-2024,0
POZO DGA AZAPA Km 50,22-11-2024,0
POZO DGA AZAPA Km 50,23-11-2024,0
POZO DGA AZAPA Km 50,24-11-2024,0
POZO DGA AZAPA Km 50,25-11-2024,0
POZO DGA AZAPA Km 50,26-11-2024,0
POZO DGA AZAPA Km 50,27-11-2024,0
POZO DGA AZAPA Km 50,28-11-2024,0
POZO DGA AZAPA Km 50,29-11-2024,0
POZO DGA AZAPA Km 50,30-11-2024,0
POZO DGA AZAPA Km 50,01-12-2024,0
POZO DGA AZAPA Km 50,02-12-2024,0
POZO DGA AZAPA Km 50,03-12-2024,0
POZO DGA AZAPA Km 50,04-12-2024,0
POZO DGA AZAPA Km 50,05-12-2024,0
POZO DGA AZAPA Km 50,06-12-2024,0
POZO DGA AZAPA Km 50,07-12-2024,0
POZO DGA AZAPA Km 50,08-12-2024,0
POZO DGA AZAPA Km 50,09-12-2024,0
POZO DGA AZAPA Km 50,10-12-2024,0
POZO DGA AZAPA Km 50,11-12-2024,0
POZO DGA AZAPA Km 50,12-12-2024,0
POZO DGA AZAPA Km 50,13-12-2024,0
POZO DGA AZAPA Km 50,14-12-2024,0
POZO DGA AZAPA Km 50,15-12-2024,0
POZO DGA AZAPA Km 50,16-12-2024,0
POZO DGA AZAPA Km 50,17-12-2024,0
POZO DGA AZAPA Km 50,18-12-2024,0
POZO DGA AZAPA Km 50,19-12-2024,0
POZO DGA AZAPA Km 50,20-12-2024,0
POZO DGA AZAPA Km 50,21-12-2024,0
POZO DGA AZAPA Km 50,22-12-2024,0
POZO DGA AZAPA Km 50,23-12-2024,0
POZO DGA AZAPA Km 50,24-12-2024,0
POZO DGA AZAPA Km 50,25-12-2024,0
POZO DGA AZAPA Km 50,26-12-2024,0
POZO DGA AZAPA Km 50,27-12-2024,0
POZO DGA AZAPA Km 50,28-12-2024,0
POZO DGA AZAPA Km 50,29-12-2024,0
POZO DGA AZAPA Km 50,30-12-2024,0
POZO DGA AZAPA Km 50,31-12-2024,0
POZO DGA AZAPA Km 50,01-01-2025,0
POZO DGA AZAPA Km 50,02-01-2025,0
POZO DGA AZAPA Km 50,03-01-2025,0
POZO DGA AZAPA Km 50,04-01-2025,0
POZO DGA AZAPA Km 50,05-01-2025,0
POZO DGA AZAPA Km 50,06-01-2025,0
POZO DGA AZAPA Km 50,07-01-2025,0
POZO DGA AZAPA Km 50,08-01-2025,0
POZO DGA AZAPA Km 50,09-01-2025,0
POZO DGA AZAPA Km 50,10-01-2025,0
POZO DGA AZAPA Km 50,11-01-2025,0
POZO DGA AZAPA Km 50,12-01-2025,0
POZO DGA AZAPA Km 50,13-01-2025,0
POZO DGA AZAPA Km 50,14-01-2025,0
POZO DGA AZAPA Km 50,15-01-2025,0
POZO DGA AZAPA Km 50,16-01-2025,0
POZO DGA AZAPA Km 50,17-01-2025,0
POZO DGA AZAPA Km 50,18-01-2025,0
POZO DGA AZAPA Km 50,19-01-2025,0
POZO DGA AZAPA Km 50,20-01-2025,0.4
POZO DGA AZAPA Km 50,21-01-2025,0
POZO DGA AZAPA Km 50,22-01-2025,0
POZO DGA AZAPA Km 50,23-01-2025,0
POZO DGA AZAPA Km 50,24-01-2025,0
POZO DGA AZAPA Km 50,25-01-2025,0
POZO DGA AZAPA Km 50,26-01-2025,0
POZO DGA AZAPA Km 50,27-01-2025,0
POZO DGA AZAPA Km 50,28-01-2025,0
POZO DGA AZAPA Km 50,29-01-2025,0
POZO DGA AZAPA Km 50,30-01-2025,0
POZO DGA AZAPA Km 50,31-01-2025,0
POZO DGA AZAPA Km 50,01-02-2025,0
POZO DGA AZAPA Km 50,02-02-2025,0
POZO DGA AZAPA Km 50,03-02-2025,0
POZO DGA AZAPA Km 50,04-02-2025,0
POZO DGA AZAPA Km 50,05-02-2025,0
POZO DGA AZAPA Km 50,06-02-2025,0
POZO DGA AZAPA Km 50,07-02-2025,0
POZO DGA AZAPA Km 50,08-02-2025,0
POZO DGA AZAPA Km 50,09-02-2025,0
POZO DGA AZAPA Km 50,10-02-2025,0.2
POZO DGA AZAPA Km 50,11-02-2025,0.4
POZO DGA AZAPA Km 50,12-02-2025,0.2
POZO DGA AZAPA Km 50,13-02-2025,0
POZO DGA AZAPA Km 50,14-02-2025,0
POZO DGA AZAPA Km 50,15-02-2025,0.5
POZO DGA AZAPA Km 50,16-02-2025,0.1
POZO DGA AZAPA Km 50,17-02-2025,0
POZO DGA AZAPA Km 50,18-02-2025,0.5
POZO DGA AZAPA Km 50,19-02-2025,0
POZO DGA AZAPA Km 50,20-02-2025,0
POZO DGA AZAPA Km 50,21-02-2025,0
POZO DGA AZAPA Km 50,22-02-2025,0
POZO DGA AZAPA Km 50,23-02-2025,0
POZO DGA AZAPA Km 50,24-02-2025,0
POZO DGA AZAPA Km 50,25-02-2025,0
POZO DGA AZAPA Km 50,26-02-2025,0
POZO DGA AZAPA Km 50,27-02-2025,0
POZO DGA AZAPA Km 50,28-02-2025,0
POZO DGA AZAPA Km 50,01-03-2025,0
POZO DGA AZAPA Km 50,02-03-2025,0
POZO DGA AZAPA Km 50,03-03-2025,0
POZO DGA AZAPA Km 50,04-03-2025,0
POZO DGA AZAPA Km 50,05-03-2025,0
POZO DGA AZAPA Km 50,06-03-2025,0
POZO DGA AZAPA Km 50,07-03-2025,0
POZO DGA AZAPA Km 50,08-03-2025,0
POZO DGA AZAPA Km 50,09-03-2025,0
POZO DGA AZAPA Km 50,10-03-2025,0
POZO DGA AZAPA Km 50,11-03-2025,0
POZO DGA AZAPA Km 50,12-03-2025,0
POZO DGA AZAPA Km 50,13-03-2025,0
POZO DGA AZAPA Km 50,14-03-2025,0
POZO DGA AZAPA Km 50,15-03-2025,0
POZO DGA AZAPA Km 50,16-03-2025,0
POZO DGA AZAPA Km 50,17-03-2025,0
POZO DGA AZAPA Km 50,18-03-2025,0
POZO DGA AZAPA Km 50,19-03-2025,0
POZO DGA AZAPA Km 50,20-03-2025,0
POZO DGA AZAPA Km 50,21-03-2025,0
POZO DGA AZAPA Km 50,22-03-2025,0
POZO DGA AZAPA Km 50,23-03-2025,0
POZO DGA AZAPA Km 50,24-03-2025,0
POZO DGA AZAPA Km 50,25-03-2025,0
POZO DGA AZAPA Km 50,26-03-2025,0
POZO DGA AZAPA Km 50,27-03-2025,0
POZO DGA AZAPA Km 50,28-03-2025,0
POZO DGA AZAPA Km 50,29-03-2025,0
POZO DGA AZAPA Km 50,30-03-2025,0
POZO DGA AZAPA Km 50,31-03-2025,0
POZO DGA AZAPA Km 50,01-04-2025,0
POZO DGA AZAPA Km 50,02-04-2025,0
POZO DGA AZAPA Km 50,03-04-2025,0
POZO DGA AZAPA Km 50,04-04-2025,0
POZO DGA AZAPA Km 50,05-04-2025,0
POZO DGA AZAPA Km 50,06-04-2025,0
POZO DGA AZAPA Km 50,07-04-2025,0
POZO DGA AZAPA Km 50,08-04-2025,0
POZO DGA AZAPA Km 50,09-04-2025,0
POZO DGA AZAPA Km 50,10-04-2025,0
POZO DGA AZAPA Km 50,11-04-2025,0
POZO DGA AZAPA Km 50,12-04-2025,0
POZO DGA AZAPA Km 50,13-04-2025,0
POZO DGA AZAPA Km 50,14-04-2025,0
POZO DGA AZAPA Km 50,15-04-2025,0
POZO DGA AZAPA Km 50,16-04-2025,0
POZO DGA AZAPA Km 50,17-04-2025,0
POZO DGA AZAPA Km 50,18-04-2025,0
POZO DGA AZAPA Km 50,19-04-2025,0
POZO DGA AZAPA Km 50,20-04-2025,0
POZO DGA AZAPA Km 50,21-04-2025,0.6
POZO DGA AZAPA Km 50,22-04-2025,0
POZO DGA AZAPA Km 50,23-04-2025,0
POZO DGA AZAPA Km 50,24-04-2025,0
POZO DGA AZAPA Km 50,25-04-2025,0
POZO DGA AZAPA Km 50,26-04-2025,0
POZO DGA AZAPA Km 50,27-04-2025,0
POZO DGA AZAPA Km 50,28-04-2025,0
POZO DGA AZAPA Km 50,29-04-2025,0
POZO DGA AZAPA Km 50,30-04-2025,0
POZO DGA AZAPA Km 50,01-05-2025,0
POZO DGA AZAPA Km 50,02-05-2025,0
POZO DGA AZAPA Km 50,03-05-2025,0
POZO DGA AZAPA Km 50,04-05-2025,0
POZO DGA AZAPA Km 50,05-05-2025,0
POZO DGA AZAPA Km 50,06-05-2025,0
POZO DGA AZAPA Km 50,07-05-2025,0
POZO DGA AZAPA Km 50,08-05-2025,0
POZO DGA AZAPA Km 50,09-05-2025,0
POZO DGA AZAPA Km 50,10-05-2025,0
POZO DGA AZAPA Km 50,11-05-2025,0
POZO DGA AZAPA Km 50,12-05-2025,0
POZO DGA AZAPA Km 50,13-05-2025,0
POZO DGA AZAPA Km 50,14-05-2025,0
POZO DGA AZAPA Km 50,15-05-2025,0
POZO DGA AZAPA Km 50,16-05-2025,0
POZO DGA AZAPA Km 50,17-05-2025,0
POZO DGA AZAPA Km 50,18-05-2025,0
POZO DGA AZAPA Km 50,19-05-2025,0
POZO DGA AZAPA Km 50,20-05-2025,0
POZO DGA AZAPA Km 50,21-05-2025,0
POZO DGA AZAPA Km 50,22-05-2025,0
POZO DGA AZAPA Km 50,23-05-2025,0
POZO DGA AZAPA Km 50,24-05-2025,0
POZO DGA AZAPA Km 50,25-05-2025,0
POZO DGA AZAPA Km 50,26-05-2025,0
POZO DGA AZAPA Km 50,27-05-2025,0
POZO DGA AZAPA Km 50,28-05-2025,0
POZO DGA AZAPA Km 50,29-05-2025,0
POZO DGA AZAPA Km 50,30-05-2025,0
POZO DGA AZAPA Km 50,31-05-2025,0
POZO DGA AZAPA Km 50,01-06-2025,0
POZO DGA AZAPA Km 50,02-06-2025,0
POZO DGA AZAPA Km 50,03-06-2025,0
POZO DGA AZAPA Km 50,04-06-2025,0
POZO DGA AZAPA Km 50,05-06-2025,0
POZO DGA AZAPA Km 50,06-06-2025,0
POZO DGA AZAPA Km 50,07-06-2025,0
POZO DGA AZAPA Km 50,08-06-2025,0
POZO DGA AZAPA Km 50,09-06-2025,0
POZO DGA AZAPA Km 50,10-06-2025,0
POZO DGA AZAPA Km 50,11-06-2025,0
POZO DGA AZAPA Km 50,12-06-2025,0
POZO DGA AZAPA Km 50,13-06-2025,0
POZO DGA AZAPA Km 50,14-06-2025,0
POZO DGA AZAPA Km 50,15-06-2025,0
POZO DGA AZAPA Km 50,16-06-2025,0
POZO DGA AZAPA Km 50,17-06-2025,0
POZO DGA AZAPA Km 50,18-06-2025,0
POZO DGA AZAPA Km 50,19-06-2025,0
POZO DGA AZAPA Km 50,20-06-2025,0
POZO DGA AZAPA Km 50,21-06-2025,0
POZO DGA AZAPA Km 50,22-06-2025,0
POZO DGA AZAPA Km 50,23-06-2025,0
POZO DGA AZAPA Km 50,24-06-2025,0
POZO DGA AZAPA Km 50,25-06-2025,0
POZO DGA AZAPA Km 50,26-06-2025,0
POZO DGA AZAPA Km 50,27-06-2025,0
POZO DGA AZAPA Km 50,28-06-2025,0
POZO DGA AZAPA Km 50,29-06-2025,0
POZO DGA AZAPA Km 50,30-06-2025,0
POZO DGA AZAPA Km 50,01-07-2025,0
POZO DGA AZAPA Km 50,02-07-2025,0
POZO DGA AZAPA Km 50,03-07-2025,0
POZO DGA AZAPA Km 50,04-07-2025,0
POZO DGA AZAPA Km 50,05-07-2025,0
POZO DGA AZAPA Km 50,06-07-2025,0
POZO DGA AZAPA Km 50,07-07-2025,0
POZO DGA AZAPA Km 50,08-07-2025,0
POZO DGA AZAPA Km 50,09-07-2025,0
POZO DGA AZAPA Km 50,10-07-2025,0
POZO DGA AZAPA Km 50,11-07-2025,0
POZO DGA AZAPA Km 50,12-07-2025,0
POZO DGA AZAPA Km 50,13-07-2025,0
POZO DGA AZAPA Km 50,14-07-2025,0
POZO DGA AZAPA Km 50,15-07-2025,0
POZO DGA AZAPA Km 50,16-07-2025,0
POZO DGA AZAPA Km 50,17-07-2025,0
POZO DGA AZAPA Km 50,18-07-2025,0
POZO DGA AZAPA Km 50,19-07-2025,0
POZO DGA AZAPA Km 50,20-07-2025,0
POZO DGA AZAPA Km 50,21-07-2025,0
POZO DGA AZAPA Km 50,22-07-2025,0
POZO DGA AZAPA Km 50,23-07-2025,0
POZO DGA AZAPA Km 50,24-07-2025,0
POZO DGA AZAPA Km 50,25-07-2025,0
POZO DGA AZAPA Km 50,26-07-2025,0
POZO DGA AZAPA Km 50,27-07-2025,0
POZO DGA AZAPA Km 50,28-07-2025,0
POZO DGA AZAPA Km 50,29-07-2025,0
POZO DGA AZAPA Km 50,30-07-2025,0
POZO DGA AZAPA Km 50,31-07-2025,0
POZO DGA AZAPA Km 50,01-08-2025,0
POZO DGA AZAPA Km 50,02-08-2025,0
POZO DGA AZAPA Km 50,03-08-2025,0
POZO DGA AZAPA Km 50,04-08-2025,0
POZO DGA AZAPA Km 50,05-08-2025,0
POZO DGA AZAPA Km 50,06-08-2025,0
POZO DGA AZAPA Km 50,07-08-2025,0
POZO DGA AZAPA Km 50,08-08-2025,0
POZO DGA AZAPA Km 50,09-08-2025,0
POZO DGA AZAPA Km 50,10-08-2025,0
POZO DGA AZAPA Km 50,11-08-2025,0
POZO DGA AZAPA Km 50,12-08-2025,0
POZO DGA AZAPA Km 50,13-08-2025,0
POZO DGA AZAPA Km 50,14-08-2025,0
POZO DGA AZAPA Km 50,15-08-2025,0
POZO DGA AZAPA Km 50,16-08-2025,0
POZO DGA AZAPA Km 50,17-08-2025,0
POZO DGA AZAPA Km 50,18-08-2025,0
POZO DGA AZAPA Km 50,19-08-2025,0
POZO DGA AZAPA Km 50,20-08-2025,0
POZO DGA AZAPA Km 50,21-08-2025,0
POZO DGA AZAPA Km 50,22-08-2025,0
POZO DGA AZAPA Km 50,23-08-2025,0
POZO DGA AZAPA Km 50,24-08-2025,0
POZO DGA AZAPA Km 50,25-08-2025,0
POZO DGA AZAPA Km 50,26-08-2025,0
POZO DGA AZAPA Km 50,27-08-2025,0
POZO DGA AZAPA Km 50,28-08-2025,0
POZO DGA AZAPA Km 50,29-08-2025,0
POZO DGA AZAPA Km 50,30-08-2025,0
POZO DGA AZAPA Km 50,31-08-2025,0
POZO DGA AZAPA Km 50,01-09-2025,0
POZO DGA AZAPA Km 50,02-09-2025,0
POZO DGA AZAPA Km 50,03-09-2025,0
POZO DGA AZAPA Km 50,04-09-2025,0
POZO DGA AZAPA Km 50,05-09-2025,0
POZO DGA AZAPA Km 50,06-09-2025,0
POZO DGA AZAPA Km 50,07-09-2025,0
POZO DGA AZAPA Km 50,08-09-2025,0
POZO DGA AZAPA Km 50,09-09-2025,0
POZO DGA AZAPA Km 50,10-09-2025,0
POZO DGA AZAPA Km 50,11-09-2025,0
POZO DGA AZAPA Km 50,12-09-2025,0
POZO DGA AZAPA Km 50,13-09-2025,0
POZO DGA AZAPA Km 50,14-09-2025,0
POZO DGA AZAPA Km 50,15-09-2025,0
POZO DGA AZAPA Km 50,16-09-2025,0
POZO DGA AZAPA Km 50,17-09-2025,0
POZO DGA AZAPA Km 50,18-09-2025,0
POZO DGA AZAPA Km 50,19-09-2025,0
POZO DGA AZAPA Km 50,20-09-2025,0
POZO DGA AZAPA Km 50,21-09-2025,0
POZO DGA AZAPA Km 50,22-09-2025,0
POZO DGA AZAPA Km 50,23-09-2025,0
POZO DGA AZAPA Km 50,24-09-2025,0
POZO DGA AZAPA Km 50,25-09-2025,0
POZO DGA AZAPA Km 50,26-09-2025,0
POZO DGA AZAPA Km 50,27-09-2025,0
POZO DGA AZAPA Km 50,28-09-2025,0
POZO DGA AZAPA Km 50,29-09-2025,0
POZO DGA AZAPA Km 50,30-09-2025,0
POZO DGA AZAPA Km 50,01-10-2025,0
POZO DGA AZAPA Km 50,02-10-2025,0
POZO DGA AZAPA Km 50,03-10-2025,0
POZO DGA AZAPA Km 50,04-10-2025,0
POZO DGA AZAPA Km 50,05-10-2025,0
POZO DGA AZAPA Km 50,06-10-2025,0
POZO DGA AZAPA Km 50,07-10-2025,0
POZO DGA AZAPA Km 50,08-10-2025,0
POZO DGA AZAPA Km 50,09-10-2025,0
POZO DGA AZAPA Km 50,10-10-2025,0
POZO DGA AZAPA Km 50,11-10-2025,0
POZO DGA AZAPA Km 50,12-10-2025,0
POZO DGA AZAPA Km 50,13-10-2025,0
POZO DGA AZAPA Km 50,14-10-2025,0
POZO DGA AZAPA Km 50,15-10-2025,0
POZO DGA AZAPA Km 50,16-10-2025,0
POZO DGA AZAPA Km 50,17-10-2025,0
POZO DGA AZAPA Km 50,18-10-2025,0
POZO DGA AZAPA Km 50,19-10-2025,0
POZO DGA AZAPA Km 50,20-10-2025,0
POZO DGA AZAPA Km 50,21-10-2025,0
POZO DGA AZAPA Km 50,22-10-2025,0
POZO DGA AZAPA Km 50,23-10-2025,0
POZO DGA AZAPA Km 50,24-10-2025,0
POZO DGA AZAPA Km 50,25-10-2025,0
POZO DGA AZAPA Km 50,26-10-2025,0
POZO DGA AZAPA Km 50,27-10-2025,0
POZO DGA AZAPA Km 50,28-10-2025,0
POZO DGA AZAPA Km 50,29-10-2025,0
POZO DGA AZAPA Km 50,30-10-2025,0
POZO DGA AZAPA Km 50,31-10-2025,0
POZO DGA AZAPA Km 50,01-11-2025,0
POZO DGA AZAPA Km 50,02-11-2025,0
POZO DGA AZAPA Km 50,03-11-2025,0
POZO DGA AZAPA Km 50,04-11-2025,0
POZO DGA AZAPA Km 50,05-11-2025,0
POZO DGA AZAPA Km 50,06-11-2025,0
POZO DGA AZAPA Km 50,07-11-2025,0
POZO DGA AZAPA Km 50,08-11-2025,0
POZO DGA AZAPA Km 50,09-11-2025,0
POZO DGA AZAPA Km 50,10-11-2025,0
POZO DGA AZAPA Km 50,11-11-2025,0
POZO DGA AZAPA Km 50,12-11-2025,0
POZO DGA AZAPA Km 50,13-11-2025,0
POZO DGA AZAPA Km 50,14-11-2025,0
POZO DGA AZAPA Km 50,15-11-2025,0
POZO DGA AZAPA Km 50,16-11-2025,0
POZO DGA AZAPA Km 50,17-11-2025,0
POZO DGA AZAPA Km 50,18-11-2025,0
POZO DGA AZAPA Km 50,19-11-2025,0
POZO DGA AZAPA Km 50,20-11-2025,0
POZO DGA AZAPA Km 50,21-11-2025,0
POZO DGA AZAPA Km 50,22-11-2025,0
POZO DGA AZAPA Km 50,23-11-2025,0
POZO DGA AZAPA Km 50,24-11-2025,0
POZO DGA AZAPA Km 50,25-11-2025,0
POZO DGA AZAPA Km 50,26-11-2025,0
POZO DGA AZAPA Km 50,27-11-2025,0
POZO DGA AZAPA Km 50,28-11-2025,0
POZO DGA AZAPA Km 50,29-11-2025,0
POZO DGA AZAPA Km 50,30-11-2025,0
POZO DGA AZAPA Km 50,01-12-2025,0
POZO DGA AZAPA Km 50,02-12-2025,0
POZO DGA AZAPA Km 50,03-12-2025,0
POZO DGA AZAPA Km 50,04-12-2025,0
POZO DGA AZAPA Km 50,05-12-2025,0
POZO DGA AZAPA Km 50,06-12-2025,0
POZO DGA AZAPA Km 50,07-12-2025,0
POZO DGA AZAPA Km 50,08-12-2025,0
POZO DGA AZAPA Km 50,09-12-2025,0
POZO DGA AZAPA Km 50,10-12-2025,0
POZO DGA AZAPA Km 50,11-12-2025,0
POZO DGA AZAPA Km 50,12-12-2025,0
POZO DGA AZAPA Km 50,13-12-2025,0
POZO DGA AZAPA Km 50,14-12-2025,0
POZO DGA AZAPA Km 50,15-12-2025,0
POZO DGA AZAPA Km 50,16-12-2025,0
POZO DGA AZAPA Km 50,17-12-2025,0
POZO DGA AZAPA Km 50,18-12-2025,0
POZO DGA AZAPA Km 50,19-12-2025,0
POZO DGA AZAPA Km 50,20-12-2025,0
POZO DGA AZAPA Km 50,21-12-2025,0
POZO DGA AZAPA Km 50,22-12-2025,0
POZO DGA AZAPA Km 50,23-12-2025,0
POZO DGA AZAPA Km 50,24-12-2025,0
POZO DGA AZAPA Km 50,25-12-2025,0
POZO DGA AZAPA Km 50,26-12-2025,0
POZO DGA AZAPA Km 50,27-12-2025,0
POZO DGA AZAPA Km 50,28-12-2025,0
POZO DGA AZAPA Km 50,29-12-2025,0
POZO DGA AZAPA Km 50,30-12-2025,0
POZO DGA AZAPA Km 50,31-12-2025,0
POZO DGA AZAPA Km 50,01-01-2026,0
POZO DGA AZAPA Km 50,02-01-2026,0
POZO DGA AZAPA Km 50,03-01-2026,0
POZO DGA AZAPA Km 50,04-01-2026,0
POZO DGA AZAPA Km 50,05-01-2026,0
POZO DGA AZAPA Km 50,06-01-2026,0
POZO DGA AZAPA Km 50,07-01-2026,0
POZO DGA AZAPA Km 50,08-01-2026,0
POZO DGA AZAPA Km 50,09-01-2026,0
POZO DGA AZAPA Km 50,10-01-2026,0
POZO DGA AZAPA Km 50,11-01-2026,0
POZO DGA AZAPA Km 50,12-01-2026,0
POZO DGA AZAPA Km 50,13-01-2026,0
POZO DGA AZAPA Km 50,14-01-2026,0
POZO DGA AZAPA Km 50,15-01-2026,0
POZO DGA AZAPA Km 50,16-01-2026,0
POZO DGA AZAPA Km 50,17-01-2026,0
POZO DGA AZAPA Km 50,18-01-2026,0.5
POZO DGA AZAPA Km 50,19-01-2026,0.1
POZO DGA AZAPA Km 50,20-01-2026,2.1
POZO DGA AZAPA Km 50,21-01-2026,9.1
POZO DGA AZAPA Km 50,22-01-2026,1.4
POZO DGA AZAPA Km 50,23-01-2026,0
POZO DGA AZAPA Km 50,24-01-2026,0
POZO DGA AZAPA Km 50,25-01-2026,0
POZO DGA AZAPA Km 50,26-01-2026,0
POZO DGA AZAPA Km 50,27-01-2026,0
POZO DGA AZAPA Km 50,28-01-2026,0.2
POZO DGA AZAPA Km 50,29-01-2026,0.1
POZO DGA AZAPA Km 50,30-01-2026,0
POZO DGA AZAPA Km 50,31-01-2026,0
POZO DGA AZAPA Km 50,01-02-2026,0
POZO DGA AZAPA Km 50,02-02-2026,0
POZO DGA AZAPA Km 50,03-02-2026,0
POZO DGA AZAPA Km 50,04-02-2026,0
POZO DGA AZAPA Km 50,05-02-2026,0
POZO DGA AZAPA Km 50,06-02-2026,0
POZO DGA AZAPA Km 50,07-02-2026,0
POZO DGA AZAPA Km 50,08-02-2026,0
POZO DGA AZAPA Km 50,09-02-2026,0
POZO DGA AZAPA Km 50,10-02-2026,0
POZO DGA AZAPA Km 50,11-02-2026,0.7
POZO DGA AZAPA Km 50,12-02-2026,0
POZO DGA AZAPA Km 50,13-02-2026,0
POZO DGA AZAPA Km 50,14-02-2026,0
POZO DGA AZAPA Km 50,15-02-2026,0
POZO DGA AZAPA Km 50,16-02-2026,0.2
POZO DGA AZAPA Km 50,17-02-2026,0
POZO DGA AZAPA Km 50,18-02-2026,0
POZO DGA AZAPA Km 50,19-02-2026,0
POZO DGA AZAPA Km 50,20-02-2026,0
POZO DGA AZAPA Km 50,21-02-2026,0
POZO DGA AZAPA Km 50,22-02-2026,0
POZO DGA AZAPA Km 50,23-02-2026,0
POZO DGA AZAPA Km 50,24-02-2026,0
POZO DGA AZAPA Km 50,25-02-2026,0
POZO DGA AZAPA Km 50,26-02-2026,0
POZO DGA AZAPA Km 50,27-02-2026,0
POZO DGA AZAPA Km 50,28-02-2026,0
POZO DGA AZAPA Km 50,01-03-2026,0
POZO DGA AZAPA Km 50,02-03-2026,0
POZO DGA AZAPA Km 50,03-03-2026,0
POZO DGA AZAPA Km 50,04-03-2026,0
POZO DGA AZAPA Km 50,05-03-2026,0
POZO DGA AZAPA Km 50,06-03-2026,0
POZO DGA AZAPA Km 50,07-03-2026,0
POZO DGA AZAPA Km 50,08-03-2026,0
POZO DGA AZAPA Km 50,09-03-2026,0
POZO DGA AZAPA Km 50,10-03-2026,0
POZO DGA AZAPA Km 50,11-03-2026,0
POZO DGA AZAPA Km 50,12-03-2026,0
POZO DGA AZAPA Km 50,13-03-2026,0
POZO DGA AZAPA Km 50,14-03-2026,0
POZO DGA AZAPA Km 50,15-03-2026,0
POZO DGA AZAPA Km 50,16-03-2026,0
POZO DGA AZAPA Km 50,17-03-2026,0
POZO DGA AZAPA Km 50,18-03-2026,0
POZO DGA AZAPA Km 50,19-03-2026,0
POZO DGA AZAPA Km 50,20-03-2026,0
POZO DGA AZAPA Km 50,21-03-2026,0
POZO DGA AZAPA Km 50,22-03-2026,0
POZO DGA AZAPA Km 50,23-03-2026,0
POZO DGA AZAPA Km 50,24-03-2026,0
POZO DGA AZAPA Km 50,25-03-2026,0
POZO DGA AZAPA Km 50,26-03-2026,0
POZO DGA AZAPA Km 50,27-03-2026,0
POZO DGA AZAPA Km 50,28-03-2026,0
POZO DGA AZAPA Km 50,29-03-2026,0
POZO DGA AZAPA Km 50,30-03-2026,0
POZO DGA AZAPA Km 50,31-03-2026,0
POZO DGA AZAPA Km 50,01-04-2026,0
POZO DGA AZAPA Km 50,02-04-2026,0
POZO DGA AZAPA Km 50,03-04-2026,0
POZO DGA AZAPA Km 50,04-04-2026,0
POZO DGA AZAPA Km 50,05-04-2026,0
POZO DGA AZAPA Km 50,06-04-2026,0
POZO DGA AZAPA Km 50,07-04-2026,0
POZO DGA AZAPA Km 50,08-04-2026,0
POZO DGA AZAPA Km 50,09-04-2026,0
POZO DGA AZAPA Km 50,10-04-2026,0
POZO DGA AZAPA Km 50,11-04-2026,0
POZO DGA AZAPA Km 50,12-04-2026,0
POZO DGA AZAPA Km 50,13-04-2026,0
POZO DGA AZAPA Km 50,14-04-2026,0
POZO DGA AZAPA Km 50,15-04-2026,0
POZO DGA AZAPA Km 50,16-04-2026,0
POZO DGA AZAPA Km 50,17-04-2026,0
POZO DGA AZAPA Km 50,18-04-2026,0
POZO DGA AZAPA Km 50,19-04-2026,0
POZO DGA AZAPA Km 50,20-04-2026,0
POZO DGA AZAPA Km 50,21-04-2026,0
POZO DGA AZAPA Km 50,22-04-2026,0
POZO DGA AZAPA Km 50,23-04-2026,0
POZO DGA AZAPA Km 50,24-04-2026,0
POZO DGA AZAPA Km 50,25-04-2026,0
POZO DGA AZAPA Km 50,26-04-2026,0
POZO DGA AZAPA Km 50,27-04-2026,0
POZO DGA AZAPA Km 50,28-04-2026,0
POZO DGA AZAPA Km 50,29-04-2026,0
POZO DGA AZAPA Km 50,30-04-2026,0
POZO DGA AZAPA Km 50,01-05-2026,0
POZO DGA AZAPA Km 50,02-05-2026,0
POZO DGA AZAPA Km 50,03-05-2026,0
POZO DGA AZAPA Km 50,04-05-2026,0
POZO DGA AZAPA Km 50,05-05-2026,0
POZO DGA AZAPA Km 50,06-05-2026,0
POZO DGA AZAPA Km 50,07-05-2026,0
POZO DGA AZAPA Km 50,08-05-2026,0
POZO DGA AZAPA Km 50,09-05-2026,0
POZO DGA AZAPA Km 50,10-05-2026,0
POZO DGA AZAPA Km 50,11-05-2026,0
POZO DGA AZAPA Km 50,12-05-2026,0
POZO DGA AZAPA Km 50,13-05-2026,0
POZO DGA AZAPA Km 50,14-05-2026,0
POZO DGA AZAPA Km 50,15-05-2026,0
POZO DGA AZAPA Km 50,16-05-2026,0
POZO DGA AZAPA Km 50,17-05-2026,0
POZO DGA AZAPA Km 50,18-05-2026,0
POZO DGA AZAPA Km 50,19-05-2026,0
POZO DGA AZAPA Km 50,20-05-2026,0
POZO DGA AZAPA Km 50,21-05-2026,0
POZO DGA AZAPA Km 50,22-05-2026,0
POZO DGA AZAPA Km 50,23-05-2026,0
POZO DGA AZAPA Km 50,24-05-2026,0
POZO DGA AZAPA Km 50,25-05-2026,0
POZO DGA AZAPA Km 50,26-05-2026,0
POZO DGA AZAPA Km 50,27-05-2026,0
POZO DGA AZAPA Km 50,28-05-2026,0
POZO DGA AZAPA Km 50,29-05-2026,0
POZO DGA AZAPA Km 50,30-05-2026,0
POZO DGA AZAPA Km 50,31-05-2026,0
POZO DGA AZAPA Km 50,01-06-2026,0
POZO DGA AZAPA Km 50,02-06-2026,0
POZO DGA AZAPA Km 50,03-06-2026,0
POZO DGA AZAPA Km 50,04-06-2026,0
POZO DGA AZAPA Km 50,05-06-2026,0
POZO DGA AZAPA Km 50,06-06-2026,0
POZO DGA AZAPA Km 50,07-06-2026,0
POZO DGA AZAPA Km 50,08-06-2026,0
POZO DGA AZAPA Km 50,09-06-2026,0
POZO DGA AZAPA Km 50,10-06-2026,0
POZO DGA AZAPA Km 50,11-06-2026,0
POZO DGA AZAPA Km 50,12-06-2026,0
POZO DGA AZAPA Km 50,13-06-2026,0
POZO DGA AZAPA Km 50,14-06-2026,0
POZO DGA AZAPA Km 50,15-06-2026,0
POZO DGA AZAPA Km 50,16-06-2026,0
POZO DGA AZAPA Km 50,17-06-2026,0
POZO DGA AZAPA Km 50,18-06-2026,0
POZO DGA AZAPA Km 50,19-06-2026,0
POZO DGA AZAPA Km 50,20-06-2026,0
POZO DGA AZAPA Km 50,21-06-2026,0
POZO DGA AZAPA Km 50,22-06-2026,0
POZO DGA AZAPA Km 50,23-06-2026,0
POZO DGA AZAPA Km 50,24-06-2026,0
POZO DGA AZAPA Km 50,25-06-2026,0
POZO DGA AZAPA Km 50,26-06-2026,0
POZO DGA AZAPA Km 50,27-06-2026,0
POZO DGA AZAPA Km 50,28-06-2026,0
POZO DGA AZAPA Km 50,29-06-2026,0
POZO DGA AZAPA Km 50,30-06-2026,0
POZO DGA AZAPA Km 50,01-07-2026,0
POZO DGA AZAPA Km 50,02-07-2026,0
POZO DGA AZAPA Km 50,03-07-2026,0
POZO DGA AZAPA Km 50,04-07-2026,0
POZO DGA AZAPA Km 50,05-07-2026,0
POZO DGA AZAPA Km 50,06-07-2026,0
POZO DGA AZAPA Km 50,07-07-2026,0
POZO DGA AZAPA Km 50,08-07-2026,0
POZO DGA AZAPA Km 50,09-07-2026,0
POZO DGA AZAPA Km 50,10-07-2026,0
POZO DGA AZAPA Km 50,11-07-2026,0
POZO DGA AZAPA Km 50,12-07-2026,0
POZO DGA AZAPA Km 50,13-07-2026,0
POZO DGA AZAPA Km 50,14-07-2026,0
POZO DGA AZAPA Km 50,15-07-2026,0
POZO DGA AZAPA Km 50,16-07-2026,0
POZO DGA AZAPA Km 50,17-07-2026,0
POZO DGA AZAPA Km 50,18-07-2026,0
POZO DGA AZAPA Km 50,19-07-2026,0
POZO DGA AZAPA Km 50,20-07-2026,0
POZO DGA AZAPA Km 50,21-07-2026,0
POZO DGA AZAPA Km 50,22-07-2026,0
POZO DGA AZAPA Km 50,23-07-2026,0
POZO DGA AZAPA Km 50,24-07-2026,0
POZO DGA AZAPA Km 50,25-07-2026,0
POZO DGA AZAPA Km 50,26-07-2026,0
POZO DGA AZAPA Km 50,27-07-2026,0
POZO DGA AZAPA Km 50,28-07-2026,0
POZO DGA AZAPA Km 50,29-07-2026,0
POZO DGA AZAPA Km 50,30-07-2026,0
POZO DGA AZAPA Km 50,31-07-2026,0
POZO DGA CHACA A-37,01-10-2024,0
POZO DGA CHACA A-37,02-10-2024,0
POZO DGA CHACA A-37,03-10-2024,0
POZO DGA CHACA A-37,04-10-2024,0
POZO DGA CHACA A-37,05-10-2024,0
POZO DGA CHACA A-37,06-10-2024,0
POZO DGA CHACA A-37,07-10-2024,0
POZO DGA CHACA A-37,08-10-2024,0
POZO DGA CHACA A-37,09-10-2024,0
POZO DGA CHACA A-37,10-10-2024,0
POZO DGA CHACA A-37,11-10-2024,0
POZO DGA CHACA A-37,12-10-2024,0
POZO DGA CHACA A-37,13-10-2024,0
POZO DGA CHACA A-37,14-10-2024,0
POZO DGA CHACA A-37,15-10-2024,0
POZO DGA CHACA A-37,16-10-2024,0
POZO DGA CHACA A-37,17-10-2024,0
POZO DGA CHACA A-37,18-10-2024,0
POZO DGA CHACA A-37,19-10-2024,0
POZO DGA CHACA A-37,20-10-2024,0
POZO DGA CHACA A-37,21-10-2024,0
POZO DGA CHACA A-37,22-10-2024,0
POZO DGA CHACA A-37,23-10-2024,0
POZO DGA CHACA A-37,24-10-2024,0
POZO DGA CHACA A-37,25-10-2024,0
POZO DGA CHACA A-37,26-10-2024,0
POZO DGA CHACA A-37,27-10-2024,0
POZO DGA CHACA A-37,28-10-2024,0
POZO DGA CHACA A-37,29-10-2024,0
POZO DGA CHACA A-37,30-10-2024,0
POZO DGA CHACA A-37,31-10-2024,0
POZO DGA CHACA A-37,01-11-2024,0
POZO DGA CHACA A-37,02-11-2024,0
POZO DGA CHACA A-37,03-11-2024,0
POZO DGA CHACA A-37,04-11-2024,0
POZO DGA CHACA A-37,05-11-2024,0
POZO DGA CHACA A-37,06-11-2024,0
POZO DGA CHACA A-37,07-11-2024,0
POZO DGA CHACA A-37,08-11-2024,0
POZO DGA CHACA A-37,09-11-2024,0
POZO DGA CHACA A-37,10-11-2024,0
POZO DGA CHACA A-37,11-11-2024,0
POZO DGA CHACA A-37,12-11-2024,0
POZO DGA CHACA A-37,13-11-2024,0
POZO DGA CHACA A-37,14-11-2024,0
POZO DGA CHACA A-37,15-11-2024,0
POZO DGA CHACA A-37,16-11-2024,0
POZO DGA CHACA A-37,17-11-2024,0
POZO DGA CHACA A-37,18-11-2024,0
POZO DGA CHACA A-37,19-11-2024,0
POZO DGA CHACA A-37,20-11-2024,0
POZO DGA CHACA A-37,21-11-2024,0
POZO DGA CHACA A-37,22-11-2024,0
POZO DGA CHACA A-37,23-11-2024,0
POZO DGA CHACA A-37,24-11-2024,0
POZO DGA CHACA A-37,25-11-2024,0
POZO DGA CHACA A-37,26-11-2024,0
POZO DGA CHACA A-37,27-11-2024,0
POZO DGA CHACA A-37,28-11-2024,0
POZO DGA CHACA A-37,29-11-2024,0
POZO DGA CHACA A-37,30-11-2024,0
POZO DGA CHACA A-37,01-12-2024,0
POZO DGA CHACA A-37,02-12-2024,0
POZO DGA CHACA A-37,03-12-2024,0
POZO DGA CHACA A-37,04-12-2024,0
POZO DGA CHACA A-37,05-12-2024,0
POZO DGA CHACA A-37,06-12-2024,0
POZO DGA CHACA A-37,07-12-2024,0
POZO DGA CHACA A-37,08-12-2024,0
POZO DGA CHACA A-37,09-12-2024,0
POZO DGA CHACA A-37,10-12-2024,0
POZO DGA CHACA A-37,11-12-2024,0
POZO DGA CHACA A-37,12-12-2024,0
POZO DGA CHACA A-37,13-12-2024,0
POZO DGA CHACA A-37,14-12-2024,0
POZO DGA CHACA A-37,15-12-2024,0
POZO DGA CHACA A-37,16-12-2024,0
POZO DGA CHACA A-37,17-12-2024,0
POZO DGA CHACA A-37,18-12-2024,0
POZO DGA CHACA A-37,19-12-2024,0
POZO DGA CHACA A-37,20-12-2024,0
POZO DGA CHACA A-37,21-12-2024,0
POZO DGA CHACA A-37,22-12-2024,0
POZO DGA CHACA A-37,23-12-2024,0
POZO DGA CHACA A-37,24-12-2024,0
POZO DGA CHACA A-37,25-12-2024,0
POZO DGA CHACA A-37,26-12-2024,0
POZO DGA CHACA A-37,27-12-2024,0
POZO DGA CHACA A-37,28-12-2024,0
POZO DGA CHACA A-37,29-12-2024,0
POZO DGA CHACA A-37,30-12-2024,0
POZO DGA CHACA A-37,31-12-2024,0
POZO DGA CHACA A-37,01-01-2025,0
POZO DGA CHACA A-37,02-01-2025,0
POZO DGA CHACA A-37,03-01-2025,0
POZO DGA CHACA A-37,04-01-2025,0
POZO DGA CHACA A-37,05-01-2025,0
POZO DGA CHACA A-37,06-01-2025,0
POZO DGA CHACA A-37,07-01-2025,0
POZO DGA CHACA A-37,08-01-2025,0
POZO DGA CHACA A-37,09-01-2025,0
POZO DGA CHACA A-37,10-01-2025,0
POZO DGA CHACA A-37,11-01-2025,0
POZO DGA CHACA A-37,12-01-2025,0
POZO DGA CHACA A-37,13-01-2025,0
POZO DGA CHACA A-37,14-01-2025,0
POZO DGA CHACA A-37,15-01-2025,0
POZO DGA CHACA A-37,16-01-2025,0
POZO DGA CHACA A-37,17-01-2025,0
POZO DGA CHACA A-37,18-01-2025,0
POZO DGA CHACA A-37,19-01-2025,0
POZO DGA CHACA A-37,20-01-2025,0
POZO DGA CHACA A-37,21-01-2025,0
POZO DGA CHACA A-37,22-01-2025,0
POZO DGA CHACA A-37,23-01-2025,0
POZO DGA CHACA A-37,24-01-2025,0
POZO DGA CHACA A-37,25-01-2025,0
POZO DGA CHACA A-37,26-01-2025,0
POZO DGA CHACA A-37,27-01-2025,0
POZO DGA CHACA A-37,28-01-2025,0
POZO DGA CHACA A-37,29-01-2025,0
POZO DGA CHACA A-37,30-01-2025,0
POZO DGA CHACA A-37,31-01-2025,0
POZO DGA CHACA A-37,01-02-2025,0
POZO DGA CHACA A-37,02-02-2025,0
POZO DGA CHACA A-37,03-02-2025,0
POZO DGA CHACA A-37,04-02-2025,0
POZO DGA CHACA A-37,05-02-2025,0
POZO DGA CHACA A-37,06-02-2025,0
POZO DGA CHACA A-37,07-02-2025,0
POZO DGA CHACA A-37,08-02-2025,0
POZO DGA CHACA A-37,09-02-2025,0
POZO DGA CHACA A-37,10-02-2025,0
POZO DGA CHACA A-37,11-02-2025,0
POZO DGA CHACA A-37,12-02-2025,0
POZO DGA CHACA A-37,13-02-2025,0
POZO DGA CHACA A-37,14-02-2025,0
POZO DGA CHACA A-37,15-02-2025,0
POZO DGA CHACA A-37,16-02-2025,0
POZO DGA CHACA A-37,17-02-2025,0
POZO DGA CHACA A-37,18-02-2025,0
POZO DGA CHACA A-37,19-02-2025,0
POZO DGA CHACA A-37,20-02-2025,0
POZO DGA CHACA A-37,21-02-2025,0
POZO DGA CHACA A-37,22-02-2025,0
POZO DGA CHACA A-37,23-02-2025,0
POZO DGA CHACA A-37,24-02-2025,0
POZO DGA CHACA A-37,25-02-2025,0
POZO DGA CHACA A-37,26-02-2025,0
POZO DGA CHACA A-37,27-02-2025,0
POZO DGA CHACA A-37,28-02-2025,0
POZO DGA CHACA A-37,01-03-2025,0
POZO DGA CHACA A-37,02-03-2025,0
POZO DGA CHACA A-37,03-03-2025,0
POZO DGA CHACA A-37,04-03-2025,0
POZO DGA CHACA A-37,05-03-2025,0
POZO DGA CHACA A-37,06-03-2025,0
POZO DGA CHACA A-37,07-03-2025,0.1
POZO DGA CHACA A-37,08-03-2025,0
POZO DGA CHACA A-37,09-03-2025,0
POZO DGA CHACA A-37,10-03-2025,0
POZO DGA CHACA A-37,11-03-2025,0
POZO DGA CHACA A-37,12-03-2025,0
POZO DGA CHACA A-37,13-03-2025,0
POZO DGA CHACA A-37,14-03-2025,0
POZO DGA CHACA A-37,15-03-2025,0
POZO DGA CHACA A-37,16-03-2025,0
POZO DGA CHACA A-37,17-03-2025,0
POZO DGA CHACA A-37,18-03-2025,0
POZO DGA CHACA A-37,19-03-2025,0
POZO DGA CHACA A-37,20-03-2025,0
POZO DGA CHACA A-37,21-03-2025,0
POZO DGA CHACA A-37,22-03-2025,0
POZO DGA CHACA A-37,23-03-2025,0
POZO DGA CHACA A-37,24-03-2025,0
POZO DGA CHACA A-37,25-03-2025,0
POZO DGA CHACA A-37,26-03-2025,0
POZO DGA CHACA A-37,27-03-2025,0
POZO DGA CHACA A-37,28-03-2025,0
POZO DGA CHACA A-37,29-03-2025,0
POZO DGA CHACA A-37,30-03-2025,0
POZO DGA CHACA A-37,31-03-2025,0
POZO DGA CHACA A-37,01-04-2025,0
POZO DGA CHACA A-37,02-04-2025,0
POZO DGA CHACA A-37,03-04-2025,0
POZO DGA CHACA A-37,04-04-2025,0
POZO DGA CHACA A-37,05-04-2025,0
POZO DGA CHACA A-37,06-04-2025,0
POZO DGA CHACA A-37,07-04-2025,0
POZO DGA CHACA A-37,08-04-2025,0
POZO DGA CHACA A-37,09-04-2025,0
POZO DGA CHACA A-37,10-04-2025,0
POZO DGA CHACA A-37,11-04-2025,0
POZO DGA CHACA A-37,12-04-2025,0
POZO DGA CHACA A-37,13-04-2025,0
POZO DGA CHACA A-37,14-04-2025,0
POZO DGA CHACA A-37,15-04-2025,0
POZO DGA CHACA A-37,16-04-2025,0
POZO DGA CHACA A-37,17-04-2025,0
POZO DGA CHACA A-37,18-04-2025,0
POZO DGA CHACA A-37,19-04-2025,0
POZO DGA CHACA A-37,20-04-2025,0
POZO DGA CHACA A-37,21-04-2025,0
POZO DGA CHACA A-37,22-04-2025,0
POZO DGA CHACA A-37,23-04-2025,0
POZO DGA CHACA A-37,24-04-2025,0
POZO DGA CHACA A-37,25-04-2025,0
POZO DGA CHACA A-37,26-04-2025,0
POZO DGA CHACA A-37,27-04-2025,0
POZO DGA CHACA A-37,28-04-2025,0
POZO DGA CHACA A-37,29-04-2025,0
POZO DGA CHACA A-37,30-04-2025,0
POZO DGA CHACA A-37,01-05-2025,0
POZO DGA CHACA A-37,02-05-2025,0
POZO DGA CHACA A-37,03-05-2025,0
POZO DGA CHACA A-37,04-05-2025,0
POZO DGA CHACA A-37,05-05-2025,0
POZO DGA CHACA A-37,06-05-2025,0
POZO DGA CHACA A-37,07-05-2025,0
POZO DGA CHACA A-37,08-05-2025,0
POZO DGA CHACA A-37,09-05-2025,0
POZO DGA CHACA A-37,10-05-2025,0
POZO DGA CHACA A-37,11-05-2025,0
POZO DGA CHACA A-37,12-05-2025,0
POZO DGA CHACA A-37,13-05-2025,0
POZO DGA CHACA A-37,14-05-2025,0
POZO DGA CHACA A-37,15-05-2025,0
POZO DGA CHACA A-37,16-05-2025,0
POZO DGA CHACA A-37,17-05-2025,0
POZO DGA CHACA A-37,18-05-2025,0
POZO DGA CHACA A-37,19-05-2025,0
POZO DGA CHACA A-37,20-05-2025,0
POZO DGA CHACA A-37,21-05-2025,0
POZO DGA CHACA A-37,22-05-2025,0
POZO DGA CHACA A-37,23-05-2025,0
POZO DGA CHACA A-37,24-05-2025,0
POZO DGA CHACA A-37,25-05-2025,0
POZO DGA CHACA A-37,26-05-2025,0
POZO DGA CHACA A-37,27-05-2025,0
POZO DGA CHACA A-37,28-05-2025,0
POZO DGA CHACA A-37,29-05-2025,0
POZO DGA CHACA A-37,30-05-2025,0
POZO DGA CHACA A-37,31-05-2025,0
POZO DGA CHACA A-37,01-06-2025,0
POZO DGA CHACA A-37,02-06-2025,0
POZO DGA CHACA A-37,03-06-2025,0
POZO DGA CHACA A-37,04-06-2025,0.1
POZO DGA CHACA A-37,05-06-2025,0.1
POZO DGA CHACA A-37,06-06-2025,0
POZO DGA CHACA A-37,07-06-2025,0
POZO DGA CHACA A-37,08-06-2025,0
POZO DGA CHACA A-37,09-06-2025,0
POZO DGA CHACA A-37,10-06-2025,0
POZO DGA CHACA A-37,11-06-2025,0
POZO DGA CHACA A-37,12-06-2025,0
POZO DGA CHACA A-37,13-06-2025,0
POZO DGA CHACA A-37,14-06-2025,0
POZO DGA CHACA A-37,15-06-2025,0
POZO DGA CHACA A-37,16-06-2025,0
POZO DGA CHACA A-37,17-06-2025,0
POZO DGA CHACA A-37,18-06-2025,0
POZO DGA CHACA A-37,19-06-2025,0
POZO DGA CHACA A-37,20-06-2025,0
POZO DGA CHACA A-37,21-06-2025,0
POZO DGA CHACA A-37,22-06-2025,0
POZO DGA CHACA A-37,23-06-2025,0
POZO DGA CHACA A-37,24-06-2025,0
POZO DGA CHACA A-37,25-06-2025,0
POZO DGA CHACA A-37,26-06-2025,0
POZO DGA CHACA A-37,27-06-2025,0
POZO DGA CHACA A-37,28-06-2025,0
POZO DGA CHACA A-37,29-06-2025,0
POZO DGA CHACA A-37,30-06-2025,0
POZO DGA CHACA A-37,01-07-2025,0
POZO DGA CHACA A-37,02-07-2025,0
POZO DGA CHACA A-37,03-07-2025,0
POZO DGA CHACA A-37,04-07-2025,0
POZO DGA CHACA A-37,05-07-2025,0
POZO DGA CHACA A-37,06-07-2025,0
POZO DGA CHACA A-37,07-07-2025,0
POZO DGA CHACA A-37,08-07-2025,0
POZO DGA CHACA A-37,09-07-2025,0
POZO DGA CHACA A-37,10-07-2025,0
POZO DGA CHACA A-37,11-07-2025,0
POZO DGA CHACA A-37,12-07-2025,0
POZO DGA CHACA A-37,13-07-2025,0
POZO DGA CHACA A-37,14-07-2025,0
POZO DGA CHACA A-37,15-07-2025,0
POZO DGA CHACA A-37,16-07-2025,0
POZO DGA CHACA A-37,17-07-2025,0
POZO DGA CHACA A-37,18-07-2025,0
POZO DGA CHACA A-37,19-07-2025,0
POZO DGA CHACA A-37,20-07-2025,0
POZO DGA CHACA A-37,21-07-2025,0
POZO DGA CHACA A-37,22-07-2025,0
POZO DGA CHACA A-37,23-07-2025,0
POZO DGA CHACA A-37,24-07-2025,0
POZO DGA CHACA A-37,25-07-2025,0
POZO DGA CHACA A-37,26-07-2025,0
POZO DGA CHACA A-37,27-07-2025,0
POZO DGA CHACA A-37,28-07-2025,0
POZO DGA CHACA A-37,29-07-2025,0
POZO DGA CHACA A-37,30-07-2025,0
POZO DGA CHACA A-37,31-07-2025,0
POZO DGA CHACA A-37,01-08-2025,0
POZO DGA CHACA A-37,02-08-2025,0
POZO DGA CHACA A-37,03-08-2025,0
POZO DGA CHACA A-37,04-08-2025,0
POZO DGA CHACA A-37,05-08-2025,0
POZO DGA CHACA A-37,06-08-2025,0
POZO DGA CHACA A-37,07-08-2025,0
POZO DGA CHACA A-37,08-08-2025,0
POZO DGA CHACA A-37,09-08-2025,0
POZO DGA CHACA A-37,10-08-2025,0
POZO DGA CHACA A-37,11-08-2025,0
POZO DGA CHACA A-37,12-08-2025,0
POZO DGA CHACA A-37,13-08-2025,0
POZO DGA CHACA A-37,14-08-2025,0
POZO DGA CHACA A-37,15-08-2025,0
POZO DGA CHACA A-37,16-08-2025,0
POZO DGA CHACA A-37,17-08-2025,0
POZO DGA CHACA A-37,18-08-2025,0
POZO DGA CHACA A-37,19-08-2025,0
POZO DGA CHACA A-37,20-08-2025,0
POZO DGA CHACA A-37,21-08-2025,0
POZO DGA CHACA A-37,22-08-2025,0
POZO DGA CHACA A-37,23-08-2025,0
POZO DGA CHACA A-37,24-08-2025,0
POZO DGA CHACA A-37,25-08-2025,0
POZO DGA CHACA A-37,26-08-2025,0
POZO DGA CHACA A-37,27-08-2025,0
POZO DGA CHACA A-37,28-08-2025,0
POZO DGA CHACA A-37,29-08-2025,0
POZO DGA CHACA A-37,30-08-2025,0
POZO DGA CHACA A-37,31-08-2025,0
POZO DGA CHACA A-37,01-09-2025,0
POZO DGA CHACA A-37,02-09-2025,0
POZO DGA CHACA A-37,03-09-2025,0
POZO DGA CHACA A-37,04-09-2025,0
POZO DGA CHACA A-37,05-09-2025,0
POZO DGA CHACA A-37,06-09-2025,0
POZO DGA CHACA A-37,07-09-2025,0
POZO DGA CHACA A-37,08-09-2025,0
POZO DGA CHACA A-37,09-09-2025,0
POZO DGA CHACA A-37,10-09-2025,0
POZO DGA CHACA A-37,11-09-2025,0
POZO DGA CHACA A-37,12-09-2025,0
POZO DGA CHACA A-37,13-09-2025,0
POZO DGA CHACA A-37,14-09-2025,0
POZO DGA CHACA A-37,15-09-2025,0
POZO DGA CHACA A-37,16-09-2025,0
POZO DGA CHACA A-37,17-09-2025,0
POZO DGA CHACA A-37,18-09-2025,0
POZO DGA CHACA A-37,19-09-2025,0
POZO DGA CHACA A-37,20-09-2025,0
POZO DGA CHACA A-37,21-09-2025,0
POZO DGA CHACA A-37,22-09-2025,0
POZO DGA CHACA A-37,23-09-2025,0
POZO DGA CHACA A-37,24-09-2025,0
POZO DGA CHACA A-37,25-09-2025,0
POZO DGA CHACA A-37,26-09-2025,0
POZO DGA CHACA A-37,27-09-2025,0
POZO DGA CHACA A-37,28-09-2025,0
POZO DGA CHACA A-37,29-09-2025,0
POZO DGA CHACA A-37,30-09-2025,0
POZO DGA CHACA A-37,01-10-2025,0
POZO DGA CHACA A-37,02-10-2025,0
POZO DGA CHACA A-37,03-10-2025,0
POZO DGA CHACA A-37,04-10-2025,0
POZO DGA CHACA A-37,05-10-2025,0
POZO DGA CHACA A-37,06-10-2025,0
POZO DGA CHACA A-37,07-10-2025,0
POZO DGA CHACA A-37,08-10-2025,0
POZO DGA CHACA A-37,09-10-2025,0
POZO DGA CHACA A-37,10-10-2025,0
POZO DGA CHACA A-37,11-10-2025,0
POZO DGA CHACA A-37,12-10-2025,0
POZO DGA CHACA A-37,13-10-2025,0
POZO DGA CHACA A-37,14-10-2025,0
POZO DGA CHACA A-37,15-10-2025,0
POZO DGA CHACA A-37,16-10-2025,0
POZO DGA CHACA A-37,17-10-2025,0
POZO DGA CHACA A-37,18-10-2025,0
POZO DGA CHACA A-37,19-10-2025,0
POZO DGA CHACA A-37,20-10-2025,0
POZO DGA CHACA A-37,21-10-2025,0
POZO DGA CHACA A-37,22-10-2025,0
POZO DGA CHACA A-37,23-10-2025,0
POZO DGA CHACA A-37,24-10-2025,0
POZO DGA CHACA A-37,25-10-2025,0
POZO DGA CHACA A-37,26-10-2025,0
POZO DGA CHACA A-37,27-10-2025,0
POZO DGA CHACA A-37,28-10-2025,0
POZO DGA CHACA A-37,29-10-2025,0
POZO DGA CHACA A-37,30-10-2025,0
POZO DGA CHACA A-37,31-10-2025,0
POZO DGA CHACA A-37,01-11-2025,0
POZO DGA CHACA A-37,02-11-2025,0
POZO DGA CHACA A-37,03-11-2025,0
POZO DGA CHACA A-37,04-11-2025,0
POZO DGA CHACA A-37,05-11-2025,0
POZO DGA CHACA A-37,06-11-2025,0
POZO DGA CHACA A-37,07-11-2025,0
POZO DGA CHACA A-37,08-11-2025,0
POZO DGA CHACA A-37,09-11-2025,0
POZO DGA CHACA A-37,10-11-2025,0
POZO DGA CHACA A-37,11-11-2025,0
POZO DGA CHACA A-37,12-11-2025,0
POZO DGA CHACA A-37,13-11-2025,0
POZO DGA CHACA A-37,14-11-2025,0
POZO DGA CHACA A-37,15-11-2025,0
POZO DGA CHACA A-37,16-11-2025,0
POZO DGA CHACA A-37,17-11-2025,0
POZO DGA CHACA A-37,18-11-2025,0
POZO DGA CHACA A-37,19-11-2025,0
POZO DGA CHACA A-37,20-11-2025,0
POZO DGA CHACA A-37,21-11-2025,0
POZO DGA CHACA A-37,22-11-2025,0
POZO DGA CHACA A-37,23-11-2025,0
POZO DGA CHACA A-37,24-11-2025,0
POZO DGA CHACA A-37,25-11-2025,0
POZO DGA CHACA A-37,26-11-2025,0
POZO DGA CHACA A-37,27-11-2025,0
POZO DGA CHACA A-37,28-11-2025,0
POZO DGA CHACA A-37,29-11-2025,0
POZO DGA CHACA A-37,30-11-2025,0
POZO DGA CHACA A-37,01-12-2025,0
POZO DGA CHACA A-37,02-12-2025,0
POZO DGA CHACA A-37,03-12-2025,0
POZO DGA CHACA A-37,04-12-2025,0
POZO DGA CHACA A-37,05-12-2025,0
POZO DGA CHACA A-37,06-12-2025,0
POZO DGA CHACA A-37,07-12-2025,0
POZO DGA CHACA A-37,08-12-2025,0
POZO DGA CHACA A-37,09-12-2025,0
POZO DGA CHACA A-37,10-12-2025,0
POZO DGA CHACA A-37,11-12-2025,0
POZO DGA CHACA A-37,12-12-2025,0
POZO DGA CHACA A-37,13-12-2025,0
POZO DGA CHACA A-37,14-12-2025,0
POZO DGA CHACA A-37,15-12-2025,0
POZO DGA CHACA A-37,16-12-2025,0
POZO DGA CHACA A-37,17-12-2025,0
POZO DGA CHACA A-37,18-12-2025,0
POZO DGA CHACA A-37,19-12-2025,0
POZO DGA CHACA A-37,20-12-2025,0
POZO DGA CHACA A-37,21-12-2025,0
POZO DGA CHACA A-37,22-12-2025,0
POZO DGA CHACA A-37,23-12-2025,0
POZO DGA CHACA A-37,24-12-2025,0
POZO DGA CHACA A-37,25-12-2025,0
POZO DGA CHACA A-37,26-12-2025,0
POZO DGA CHACA A-37,27-12-2025,0
POZO DGA CHACA A-37,28-12-2025,0
POZO DGA CHACA A-37,29-12-2025,0
POZO DGA CHACA A-37,30-12-2025,0
POZO DGA CHACA A-37,31-12-2025,0
POZO DGA CHACA A-37,01-01-2026,0
POZO DGA CHACA A-37,02-01-2026,0
POZO DGA CHACA A-37,03-01-2026,0
POZO DGA CHACA A-37,04-01-2026,0
POZO DGA CHACA A-37,05-01-2026,0
POZO DGA CHACA A-37,06-01-2026,0
POZO DGA CHACA A-37,07-01-2026,0
POZO DGA CHACA A-37,08-01-2026,0
POZO DGA CHACA A-37,09-01-2026,0
POZO DGA CHACA A-37,10-01-2026,0
POZO DGA CHACA A-37,11-01-2026,0
POZO DGA CHACA A-37,12-01-2026,0
POZO DGA CHACA A-37,13-01-2026,0
POZO DGA CHACA A-37,14-01-2026,0
POZO DGA CHACA A-37,15-01-2026,0
POZO DGA CHACA A-37,16-01-2026,0
POZO DGA CHACA A-37,17-01-2026,0
POZO DGA CHACA A-37,18-01-2026,0
POZO DGA CHACA A-37,19-01-2026,0
POZO DGA CHACA A-37,20-01-2026,0
POZO DGA CHACA A-37,21-01-2026,1
POZO DGA CHACA A-37,22-01-2026,0
POZO DGA CHACA A-37,23-01-2026,0
POZO DGA CHACA A-37,24-01-2026,0
POZO DGA CHACA A-37,25-01-2026,0
POZO DGA CHACA A-37,26-01-2026,0
POZO DGA CHACA A-37,27-01-2026,0
POZO DGA CHACA A-37,28-01-2026,0
POZO DGA CHACA A-37,29-01-2026,0
POZO DGA CHACA A-37,30-01-2026,0
POZO DGA CHACA A-37,31-01-2026,0
POZO DGA CHACA A-37,01-02-2026,0
POZO DGA CHACA A-37,02-02-2026,0
POZO DGA CHACA A-37,03-02-2026,0
POZO DGA CHACA A-37,04-02-2026,0
POZO DGA CHACA A-37,05-02-2026,0
POZO DGA CHACA A-37,06-02-2026,0
POZO DGA CHACA A-37,07-02-2026,0
POZO DGA CHACA A-37,08-02-2026,0
POZO DGA CHACA A-37,09-02-2026,0
POZO DGA CHACA A-37,10-02-2026,0
POZO DGA CHACA A-37,11-02-2026,0
POZO DGA CHACA A-37,12-02-2026,0
POZO DGA CHACA A-37,13-02-2026,0
POZO DGA CHACA A-37,14-02-2026,0
POZO DGA CHACA A-37,15-02-2026,0
POZO DGA CHACA A-37,16-02-2026,0
POZO DGA CHACA A-37,17-02-2026,0
POZO DGA CHACA A-37,18-02-2026,0
POZO DGA CHACA A-37,19-02-2026,0
POZO DGA CHACA A-37,20-02-2026,0
POZO DGA CHACA A-37,21-02-2026,0
POZO DGA CHACA A-37,22-02-2026,0
POZO DGA CHACA A-37,23-02-2026,0
POZO DGA CHACA A-37,24-02-2026,0
POZO DGA CHACA A-37,25-02-2026,0
POZO DGA CHACA A-37,26-02-2026,0
POZO DGA CHACA A-37,27-02-2026,0
POZO DGA CHACA A-37,28-02-2026,0
POZO DGA CHACA A-37,01-03-2026,0
POZO DGA CHACA A-37,02-03-2026,0
POZO DGA CHACA A-37,03-03-2026,0
POZO DGA CHACA A-37,04-03-2026,0
POZO DGA CHACA A-37,05-03-2026,0
POZO DGA CHACA A-37,06-03-2026,0
POZO DGA CHACA A-37,07-03-2026,0
POZO DGA CHACA A-37,08-03-2026,0
POZO DGA CHACA A-37,09-03-2026,0
POZO DGA CHACA A-37,10-03-2026,0
POZO DGA CHACA A-37,11-03-2026,0
POZO DGA CHACA A-37,12-03-2026,0
POZO DGA CHACA A-37,13-03-2026,0
POZO DGA CHACA A-37,14-03-2026,0
POZO DGA CHACA A-37,15-03-2026,0
POZO DGA CHACA A-37,16-03-2026,0
POZO DGA CHACA A-37,17-03-2026,0
POZO DGA CHACA A-37,18-03-2026,0
POZO DGA CHACA A-37,19-03-2026,0
POZO DGA CHACA A-37,20-03-2026,0
POZO DGA CHACA A-37,21-03-2026,0
POZO DGA CHACA A-37,22-03-2026,0
POZO DGA CHACA A-37,23-03-2026,0
POZO DGA CHACA A-37,24-03-2026,0
POZO DGA CHACA A-37,25-03-2026,0
POZO DGA CHACA A-37,26-03-2026,0
POZO DGA CHACA A-37,27-03-2026,0
POZO DGA CHACA A-37,28-03-2026,0
POZO DGA CHACA A-37,29-03-2026,0
POZO DGA CHACA A-37,30-03-2026,0
POZO DGA CHACA A-37,31-03-2026,0
POZO DGA CHACA A-37,01-04-2026,0
POZO DGA CHACA A-37,02-04-2026,0
POZO DGA CHACA A-37,03-04-2026,0
POZO DGA CHACA A-37,04-04-2026,0
POZO DGA CHACA A-37,05-04-2026,0
POZO DGA CHACA A-37,06-04-2026,0
POZO DGA CHACA A-37,07-04-2026,0
POZO DGA CHACA A-37,08-04-2026,0
POZO DGA CHACA A-37,09-04-2026,0
POZO DGA CHACA A-37,10-04-2026,0
POZO DGA CHACA A-37,11-04-2026,0
POZO DGA CHACA A-37,12-04-2026,0
POZO DGA CHACA A-37,13-04-2026,0
POZO DGA CHACA A-37,14-04-2026,0
POZO DGA CHACA A-37,15-04-2026,0
POZO DGA CHACA A-37,16-04-2026,0
POZO DGA CHACA A-37,17-04-2026,0
POZO DGA CHACA A-37,18-04-2026,0
POZO DGA CHACA A-37,19-04-2026,0
POZO DGA CHACA A-37,20-04-2026,0
POZO DGA CHACA A-37,21-04-2026,0
POZO DGA CHACA A-37,22-04-2026,0
POZO DGA CHACA A-37,23-04-2026,0
POZO DGA CHACA A-37,24-04-2026,0
POZO DGA CHACA A-37,25-04-2026,0
POZO DGA CHACA A-37,26-04-2026,0
POZO DGA CHACA A-37,27-04-2026,0
POZO DGA CHACA A-37,28-04-2026,0
POZO DGA CHACA A-37,29-04-2026,0
POZO DGA CHACA A-37,30-04-2026,0
POZO DGA CHACA A-37,01-05-2026,0
POZO DGA CHACA A-37,02-05-2026,0
POZO DGA CHACA A-37,03-05-2026,0
POZO DGA CHACA A-37,04-05-2026,0
POZO DGA CHACA A-37,05-05-2026,0
POZO DGA CHACA A-37,06-05-2026,0
POZO DGA CHACA A-37,07-05-2026,0
POZO DGA CHACA A-37,08-05-2026,0
POZO DGA CHACA A-37,09-05-2026,0
POZO DGA CHACA A-37,10-05-2026,0
POZO DGA CHACA A-37,11-05-2026,0
POZO DGA CHACA A-37,12-05-2026,0
POZO DGA CHACA A-37,13-05-2026,0
POZO DGA CHACA A-37,14-05-2026,0
POZO DGA CHACA A-37,15-05-2026,0
POZO DGA CHACA A-37,16-05-2026,0
POZO DGA CHACA A-37,17-05-2026,0
POZO DGA CHACA A-37,18-05-2026,0
POZO DGA CHACA A-37,19-05-2026,0
POZO DGA CHACA A-37,20-05-2026,0
POZO DGA CHACA A-37,21-05-2026,0
POZO DGA CHACA A-37,22-05-2026,0
POZO DGA CHACA A-37,23-05-2026,0
POZO DGA CHACA A-37,24-05-2026,0
POZO DGA CHACA A-37,25-05-2026,0
POZO DGA CHACA A-37,26-05-2026,0
POZO DGA CHACA A-37,27-05-2026,0
POZO DGA CHACA A-37,28-05-2026,0
POZO DGA CHACA A-37,29-05-2026,0
POZO DGA CHACA A-37,30-05-2026,0
POZO DGA CHACA A-37,31-05-2026,0
POZO DGA CHACA A-37,01-06-2026,0
POZO DGA CHACA A-37,02-06-2026,0
POZO DGA CHACA A-37,03-06-2026,0
POZO DGA CHACA A-37,04-06-2026,0
POZO DGA CHACA A-37,05-06-2026,0
POZO DGA CHACA A-37,06-06-2026,0
POZO DGA CHACA A-37,07-06-2026,0
POZO DGA CHACA A-37,08-06-2026,0
POZO DGA CHACA A-37,09-06-2026,0
POZO DGA CHACA A-37,10-06-2026,0
POZO DGA CHACA A-37,11-06-2026,0
POZO DGA CHACA A-37,12-06-2026,0
POZO DGA CHACA A-37,13-06-2026,0
POZO DGA CHACA A-37,14-06-2026,0
POZO DGA CHACA A-37,15-06-2026,0
POZO DGA CHACA A-37,16-06-2026,0
POZO DGA CHACA A-37,17-06-2026,0
POZO DGA CHACA A-37,18-06-2026,0
POZO DGA CHACA A-37,19-06-2026,0
POZO DGA CHACA A-37,20-06-2026,0
POZO DGA CHACA A-37,21-06-2026,0
POZO DGA CHACA A-37,22-06-2026,0
POZO DGA CHACA A-37,23-06-2026,0
POZO DGA CHACA A-37,24-06-2026,0
POZO DGA CHACA A-37,25-06-2026,0
POZO DGA CHACA A-37,26-06-2026,0
POZO DGA CHACA A-37,27-06-2026,0
POZO DGA CHACA A-37,28-06-2026,0
POZO DGA CHACA A-37,29-06-2026,0
POZO DGA CHACA A-37,30-06-2026,0
POZO DGA CHACA A-37,01-07-2026,0
POZO DGA CHACA A-37,02-07-2026,0
POZO DGA CHACA A-37,03-07-2026,0
POZO DGA CHACA A-37,04-07-2026,0
POZO DGA CHACA A-37,05-07-2026,0
POZO DGA CHACA A-37,06-07-2026,0
POZO DGA CHACA A-37,07-07-2026,0
POZO DGA CHACA A-37,08-07-2026,0
POZO DGA CHACA A-37,09-07-2026,0
POZO DGA CHACA A-37,10-07-2026,0
POZO DGA CHACA A-37,11-07-2026,0
POZO DGA CHACA A-37,12-07-2026,0
POZO DGA CHACA A-37,13-07-2026,0
POZO DGA CHACA A-37,14-07-2026,0
POZO DGA CHACA A-37,15-07-2026,0
POZO DGA CHACA A-37,16-07-2026,0
POZO DGA CHACA A-37,17-07-2026,0
POZO DGA CHACA A-37,18-07-2026,0
POZO DGA CHACA A-37,19-07-2026,0
POZO DGA CHACA A-37,20-07-2026,0
POZO DGA CHACA A-37,21-07-2026,0
POZO DGA CHACA A-37,22-07-2026,0
POZO DGA CHACA A-37,23-07-2026,0
POZO DGA CHACA A-37,24-07-2026,0
POZO DGA CHACA A-37,25-07-2026,0
POZO DGA CHACA A-37,26-07-2026,0
POZO DGA CHACA A-37,27-07-2026,0
POZO DGA CHACA A-37,28-07-2026,0
POZO DGA CHACA A-37,29-07-2026,0
POZO DGA CHACA A-37,30-07-2026,0
POZO DGA CHACA A-37,31-07-2026,0
POZO VITOR A-32,01-10-2024,0
POZO VITOR A-32,02-10-2024,0
POZO VITOR A-32,03-10-2024,0
POZO VITOR A-32,04-10-2024,0
POZO VITOR A-32,05-10-2024,0
POZO VITOR A-32,06-10-2024,0
POZO VITOR A-32,07-10-2024,0
POZO VITOR A-32,08-10-2024,0
POZO VITOR A-32,09-10-2024,0
POZO VITOR A-32,10-10-2024,0
POZO VITOR A-32,11-10-2024,0
POZO VITOR A-32,12-10-2024,0
POZO VITOR A-32,13-10-2024,0
POZO VITOR A-32,14-10-2024,0
POZO VITOR A-32,15-10-2024,0
POZO VITOR A-32,16-10-2024,0
POZO VITOR A-32,17-10-2024,0
POZO VITOR A-32,18-10-2024,0
POZO VITOR A-32,19-10-2024,0
POZO VITOR A-32,20-10-2024,0
POZO VITOR A-32,21-10-2024,0
POZO VITOR A-32,22-10-2024,0
POZO VITOR A-32,23-10-2024,0
POZO VITOR A-32,24-10-2024,0
POZO VITOR A-32,25-10-2024,0
POZO VITOR A-32,26-10-2024,0
POZO VITOR A-32,27-10-2024,0
POZO VITOR A-32,28-10-2024,0
POZO VITOR A-32,29-10-2024,0
POZO VITOR A-32,30-10-2024,0
POZO VITOR A-32,31-10-2024,0
POZO VITOR A-32,01-11-2024,0
POZO VITOR A-32,02-11-2024,0
POZO VITOR A-32,03-11-2024,0
POZO VITOR A-32,04-11-2024,0
POZO VITOR A-32,05-11-2024,0
POZO VITOR A-32,06-11-2024,0
POZO VITOR A-32,07-11-2024,0
POZO VITOR A-32,08-11-2024,0
POZO VITOR A-32,09-11-2024,0
POZO VITOR A-32,10-11-2024,0
POZO VITOR A-32,11-11-2024,0.2
POZO VITOR A-32,12-11-2024,0
POZO VITOR A-32,13-11-2024,0
POZO VITOR A-32,14-11-2024,0
POZO VITOR A-32,15-11-2024,0.1
POZO VITOR A-32,16-11-2024,0
POZO VITOR A-32,17-11-2024,0
POZO VITOR A-32,18-11-2024,0
POZO VITOR A-32,19-11-2024,0.5
POZO VITOR A-32,20-11-2024,0
POZO VITOR A-32,21-11-2024,0
POZO VITOR A-32,22-11-2024,0
POZO VITOR A-32,23-11-2024,0
POZO VITOR A-32,24-11-2024,0
POZO VITOR A-32,25-11-2024,0.1
POZO VITOR A-32,26-11-2024,0
POZO VITOR A-32,27-11-2024,0
POZO VITOR A-32,28-11-2024,0
POZO VITOR A-32,29-11-2024,0
POZO VITOR A-32,30-11-2024,0
POZO VITOR A-32,01-12-2024,0.1
POZO VITOR A-32,02-12-2024,0
POZO VITOR A-32,03-12-2024,0
POZO VITOR A-32,04-12-2024,0.1
POZO VITOR A-32,05-12-2024,0.1
POZO VITOR A-32,06-12-2024,0
POZO VITOR A-32,07-12-2024,0
POZO VITOR A-32,08-12-2024,0
POZO VITOR A-32,09-12-2024,0
POZO VITOR A-32,10-12-2024,0
POZO VITOR A-32,11-12-2024,0
POZO VITOR A-32,12-12-2024,0
POZO VITOR A-32,13-12-2024,0.1
POZO VITOR A-32,14-12-2024,0
POZO VITOR A-32,15-12-2024,0.4
POZO VITOR A-32,16-12-2024,0
POZO VITOR A-32,17-12-2024,0
POZO VITOR A-32,18-12-2024,0
POZO VITOR A-32,19-12-2024,0
POZO VITOR A-32,20-12-2024,0
POZO VITOR A-32,21-12-2024,0
POZO VITOR A-32,22-12-2024,0.1
POZO VITOR A-32,23-12-2024,0
POZO VITOR A-32,24-12-2024,0.3
POZO VITOR A-32,25-12-2024,0
POZO VITOR A-32,26-12-2024,0
POZO VITOR A-32,27-12-2024,0.1
POZO VITOR A-32,28-12-2024,0
POZO VITOR A-32,29-12-2024,0
POZO VITOR A-32,30-12-2024,0
POZO VITOR A-32,31-12-2024,0
POZO VITOR A-32,01-01-2025,0
POZO VITOR A-32,02-01-2025,0.1
POZO VITOR A-32,03-01-2025,0.7
POZO VITOR A-32,04-01-2025,2.9
POZO VITOR A-32,05-01-2025,0
POZO VITOR A-32,06-01-2025,0
POZO VITOR A-32,07-01-2025,0
POZO VITOR A-32,08-01-2025,0
POZO VITOR A-32,09-01-2025,0
POZO VITOR A-32,10-01-2025,0
POZO VITOR A-32,11-01-2025,0
POZO VITOR A-32,12-01-2025,0
POZO VITOR A-32,13-01-2025,0.1
POZO VITOR A-32,14-01-2025,0
POZO VITOR A-32,15-01-2025,0
POZO VITOR A-32,16-01-2025,0
POZO VITOR A-32,17-01-2025,0.3
POZO VITOR A-32,18-01-2025,0
POZO VITOR A-32,19-01-2025,0
POZO VITOR A-32,20-01-2025,0
POZO VITOR A-32,21-01-2025,0
POZO VITOR A-32,22-01-2025,0
POZO VITOR A-32,23-01-2025,0
POZO VITOR A-32,24-01-2025,0
POZO VITOR A-32,25-01-2025,0
POZO VITOR A-32,26-01-2025,0
POZO VITOR A-32,27-01-2025,0
POZO VITOR A-32,28-01-2025,0
POZO VITOR A-32,29-01-2025,0
POZO VITOR A-32,30-01-2025,0
POZO VITOR A-32,31-01-2025,0
POZO VITOR A-32,01-02-2025,0
POZO VITOR A-32,02-02-2025,0
POZO VITOR A-32,03-02-2025,0
POZO VITOR A-32,04-02-2025,0
POZO VITOR A-32,05-02-2025,0
POZO VITOR A-32,06-02-2025,0.6
POZO VITOR A-32,07-02-2025,0
POZO VITOR A-32,08-02-2025,0
POZO VITOR A-32,09-02-2025,0.2
POZO VITOR A-32,10-02-2025,0
POZO VITOR A-32,11-02-2025,0.2
POZO VITOR A-32,12-02-2025,0
POZO VITOR A-32,13-02-2025,0
POZO VITOR A-32,14-02-2025,0
POZO VITOR A-32,15-02-2025,0
POZO VITOR A-32,16-02-2025,0
POZO VITOR A-32,17-02-2025,0
POZO VITOR A-32,18-02-2025,0
POZO VITOR A-32,19-02-2025,0
POZO VITOR A-32,20-02-2025,0
POZO VITOR A-32,21-02-2025,0
POZO VITOR A-32,22-02-2025,0
POZO VITOR A-32,23-02-2025,0
POZO VITOR A-32,24-02-2025,0
POZO VITOR A-32,25-02-2025,0
POZO VITOR A-32,26-02-2025,0
POZO VITOR A-32,27-02-2025,0
POZO VITOR A-32,28-02-2025,0
POZO VITOR A-32,01-03-2025,6
POZO VITOR A-32,02-03-2025,0
POZO VITOR A-32,03-03-2025,0
POZO VITOR A-32,04-03-2025,2.4
POZO VITOR A-32,05-03-2025,0.3
POZO VITOR A-32,06-03-2025,0.7
POZO VITOR A-32,07-03-2025,1.8
POZO VITOR A-32,08-03-2025,0
POZO VITOR A-32,09-03-2025,0
POZO VITOR A-32,10-03-2025,0
POZO VITOR A-32,11-03-2025,0
POZO VITOR A-32,12-03-2025,0
POZO VITOR A-32,13-03-2025,0
POZO VITOR A-32,14-03-2025,0
POZO VITOR A-32,15-03-2025,0
POZO VITOR A-32,16-03-2025,0
POZO VITOR A-32,17-03-2025,0
POZO VITOR A-32,18-03-2025,0
POZO VITOR A-32,19-03-2025,0
POZO VITOR A-32,20-03-2025,0
POZO VITOR A-32,21-03-2025,0
POZO VITOR A-32,22-03-2025,0
POZO VITOR A-32,23-03-2025,0
POZO VITOR A-32,24-03-2025,0
POZO VITOR A-32,25-03-2025,0
POZO VITOR A-32,26-03-2025,0
POZO VITOR A-32,27-03-2025,0
POZO VITOR A-32,28-03-2025,0
POZO VITOR A-32,29-03-2025,0
POZO VITOR A-32,30-03-2025,0
POZO VITOR A-32,31-03-2025,0
POZO VITOR A-32,01-04-2025,0
POZO VITOR A-32,02-04-2025,0
POZO VITOR A-32,03-04-2025,0
POZO VITOR A-32,04-04-2025,0
POZO VITOR A-32,05-04-2025,0
POZO VITOR A-32,06-04-2025,0
POZO VITOR A-32,07-04-2025,0
POZO VITOR A-32,08-04-2025,0
POZO VITOR A-32,09-04-2025,0
POZO VITOR A-32,10-04-2025,0
POZO VITOR A-32,11-04-2025,0
POZO VITOR A-32,12-04-2025,0
POZO VITOR A-32,13-04-2025,0
POZO VITOR A-32,14-04-2025,0
POZO VITOR A-32,15-04-2025,0
POZO VITOR A-32,16-04-2025,0
POZO VITOR A-32,17-04-2025,0
POZO VITOR A-32,18-04-2025,0
POZO VITOR A-32,19-04-2025,0
POZO VITOR A-32,20-04-2025,0
POZO VITOR A-32,21-04-2025,0
POZO VITOR A-32,22-04-2025,0
POZO VITOR A-32,23-04-2025,0
POZO VITOR A-32,24-04-2025,0
POZO VITOR A-32,25-04-2025,0
POZO VITOR A-32,26-04-2025,0
POZO VITOR A-32,27-04-2025,0
POZO VITOR A-32,28-04-2025,0
POZO VITOR A-32,29-04-2025,0
POZO VITOR A-32,30-04-2025,0
POZO VITOR A-32,01-05-2025,0
POZO VITOR A-32,02-05-2025,0
POZO VITOR A-32,03-05-2025,0
POZO VITOR A-32,04-05-2025,0
POZO VITOR A-32,05-05-2025,0
POZO VITOR A-32,06-05-2025,0
POZO VITOR A-32,07-05-2025,0
POZO VITOR A-32,08-05-2025,0
POZO VITOR A-32,09-05-2025,0
POZO VITOR A-32,10-05-2025,0
POZO VITOR A-32,11-05-2025,0
POZO VITOR A-32,12-05-2025,0
POZO VITOR A-32,13-05-2025,0
POZO VITOR A-32,14-05-2025,0
POZO VITOR A-32,15-05-2025,0
POZO VITOR A-32,16-05-2025,0
POZO VITOR A-32,17-05-2025,0
POZO VITOR A-32,18-05-2025,0
POZO VITOR A-32,19-05-2025,0
POZO VITOR A-32,20-05-2025,0
POZO VITOR A-32,21-05-2025,0
POZO VITOR A-32,22-05-2025,0
POZO VITOR A-32,23-05-2025,0
POZO VITOR A-32,24-05-2025,0
POZO VITOR A-32,25-05-2025,0
POZO VITOR A-32,26-05-2025,0
POZO VITOR A-32,27-05-2025,0
POZO VITOR A-32,28-05-2025,0
POZO VITOR A-32,29-05-2025,0
POZO VITOR A-32,30-05-2025,0
POZO VITOR A-32,31-05-2025,0
POZO VITOR A-32,01-06-2025,0
POZO VITOR A-32,02-06-2025,0
POZO VITOR A-32,03-06-2025,0
POZO VITOR A-32,04-06-2025,0
POZO VITOR A-32,05-06-2025,0
POZO VITOR A-32,06-06-2025,0
POZO VITOR A-32,07-06-2025,0
POZO VITOR A-32,08-06-2025,0
POZO VITOR A-32,09-06-2025,0
POZO VITOR A-32,10-06-2025,0
POZO VITOR A-32,11-06-2025,0
POZO VITOR A-32,12-06-2025,0
POZO VITOR A-32,13-06-2025,0
POZO VITOR A-32,14-06-2025,0
POZO VITOR A-32,15-06-2025,0
POZO VITOR A-32,16-06-2025,0
POZO VITOR A-32,17-06-2025,0
POZO VITOR A-32,18-06-2025,0
POZO VITOR A-32,19-06-2025,0
POZO VITOR A-32,20-06-2025,0
POZO VITOR A-32,21-06-2025,0
POZO VITOR A-32,22-06-2025,0
POZO VITOR A-32,23-06-2025,0
POZO VITOR A-32,24-06-2025,0
POZO VITOR A-32,25-06-2025,0
POZO VITOR A-32,26-06-2025,0
POZO VITOR A-32,27-06-2025,0
POZO VITOR A-32,28-06-2025,0
POZO VITOR A-32,29-06-2025,0
POZO VITOR A-32,30-06-2025,0
POZO VITOR A-32,01-07-2025,0
POZO VITOR A-32,02-07-2025,0
POZO VITOR A-32,03-07-2025,0
POZO VITOR A-32,04-07-2025,0
POZO VITOR A-32,05-07-2025,0
POZO VITOR A-32,06-07-2025,0
POZO VITOR A-32,07-07-2025,0
POZO VITOR A-32,08-07-2025,0
POZO VITOR A-32,09-07-2025,0
POZO VITOR A-32,10-07-2025,0
POZO VITOR A-32,11-07-2025,0
POZO VITOR A-32,12-07-2025,0
POZO VITOR A-32,13-07-2025,0
POZO VITOR A-32,14-07-2025,0
POZO VITOR A-32,15-07-2025,0
POZO VITOR A-32,16-07-2025,0
POZO VITOR A-32,17-07-2025,0
POZO VITOR A-32,18-07-2025,0
POZO VITOR A-32,19-07-2025,0
POZO VITOR A-32,20-07-2025,0
POZO VITOR A-32,21-07-2025,0
POZO VITOR A-32,22-07-2025,0
POZO VITOR A-32,23-07-2025,0
POZO VITOR A-32,24-07-2025,0
POZO VITOR A-32,25-07-2025,0
POZO VITOR A-32,26-07-2025,0
POZO VITOR A-32,27-07-2025,0
POZO VITOR A-32,28-07-2025,0
POZO VITOR A-32,29-07-2025,0
POZO VITOR A-32,30-07-2025,0
POZO VITOR A-32,31-07-2025,0.1
POZO VITOR A-32,01-08-2025,0
POZO VITOR A-32,02-08-2025,0
POZO VITOR A-32,03-08-2025,0
POZO VITOR A-32,04-08-2025,0
POZO VITOR A-32,05-08-2025,0
POZO VITOR A-32,06-08-2025,0
POZO VITOR A-32,07-08-2025,0
POZO VITOR A-32,08-08-2025,0
POZO VITOR A-32,09-08-2025,0
POZO VITOR A-32,10-08-2025,0
POZO VITOR A-32,11-08-2025,0
POZO VITOR A-32,12-08-2025,0
POZO VITOR A-32,13-08-2025,0
POZO VITOR A-32,14-08-2025,0
POZO VITOR A-32,15-08-2025,0
POZO VITOR A-32,16-08-2025,0
POZO VITOR A-32,17-08-2025,0
POZO VITOR A-32,18-08-2025,0
POZO VITOR A-32,19-08-2025,0
POZO VITOR A-32,20-08-2025,0
POZO VITOR A-32,21-08-2025,0
POZO VITOR A-32,22-08-2025,0
POZO VITOR A-32,23-08-2025,0
POZO VITOR A-32,24-08-2025,0
POZO VITOR A-32,25-08-2025,0
POZO VITOR A-32,26-08-2025,0
POZO VITOR A-32,27-08-2025,0
POZO VITOR A-32,28-08-2025,0
POZO VITOR A-32,29-08-2025,0
POZO VITOR A-32,30-08-2025,0
POZO VITOR A-32,31-08-2025,0
POZO VITOR A-32,01-09-2025,0
POZO VITOR A-32,02-09-2025,0
POZO VITOR A-32,03-09-2025,0
POZO VITOR A-32,04-09-2025,0
POZO VITOR A-32,05-09-2025,0
POZO VITOR A-32,06-09-2025,0
POZO VITOR A-32,07-09-2025,0
POZO VITOR A-32,08-09-2025,0
POZO VITOR A-32,09-09-2025,0
POZO VITOR A-32,10-09-2025,0
POZO VITOR A-32,11-09-2025,0
POZO VITOR A-32,12-09-2025,0
POZO VITOR A-32,13-09-2025,0
POZO VITOR A-32,14-09-2025,0
POZO VITOR A-32,15-09-2025,0
POZO VITOR A-32,16-09-2025,0
POZO VITOR A-32,17-09-2025,0
POZO VITOR A-32,18-09-2025,0
POZO VITOR A-32,19-09-2025,0
POZO VITOR A-32,20-09-2025,0
POZO VITOR A-32,21-09-2025,0
POZO VITOR A-32,22-09-2025,0
POZO VITOR A-32,23-09-2025,0
POZO VITOR A-32,24-09-2025,0
POZO VITOR A-32,25-09-2025,0
POZO VITOR A-32,26-09-2025,0
POZO VITOR A-32,27-09-2025,0
POZO VITOR A-32,28-09-2025,0
POZO VITOR A-32,29-09-2025,0
POZO VITOR A-32,30-09-2025,0
POZO VITOR A-32,01-10-2025,0
POZO VITOR A-32,02-10-2025,0
POZO VITOR A-32,03-10-2025,0
POZO VITOR A-32,04-10-2025,0
POZO VITOR A-32,05-10-2025,0
POZO VITOR A-32,06-10-2025,0
POZO VITOR A-32,07-10-2025,0
POZO VITOR A-32,08-10-2025,0
POZO VITOR A-32,09-10-2025,0
POZO VITOR A-32,10-10-2025,0
POZO VITOR A-32,11-10-2025,0
POZO VITOR A-32,12-10-2025,0
POZO VITOR A-32,13-10-2025,0
POZO VITOR A-32,14-10-2025,0
POZO VITOR A-32,15-10-2025,0
POZO VITOR A-32,16-10-2025,0
POZO VITOR A-32,17-10-2025,0
POZO VITOR A-32,18-10-2025,0
POZO VITOR A-32,19-10-2025,0
POZO VITOR A-32,20-10-2025,0
POZO VITOR A-32,21-10-2025,0
POZO VITOR A-32,22-10-2025,0
POZO VITOR A-32,23-10-2025,0
POZO VITOR A-32,24-10-2025,0
POZO VITOR A-32,25-10-2025,0
POZO VITOR A-32,26-10-2025,0
POZO VITOR A-32,27-10-2025,0
POZO VITOR A-32,28-10-2025,0
POZO VITOR A-32,29-10-2025,0
POZO VITOR A-32,30-10-2025,0
POZO VITOR A-32,31-10-2025,0
POZO VITOR A-32,01-11-2025,0
POZO VITOR A-32,02-11-2025,0
POZO VITOR A-32,03-11-2025,0
POZO VITOR A-32,04-11-2025,0
POZO VITOR A-32,05-11-2025,0
POZO VITOR A-32,06-11-2025,0
POZO VITOR A-32,07-11-2025,0
POZO VITOR A-32,08-11-2025,0
POZO VITOR A-32,09-11-2025,0
POZO VITOR A-32,10-11-2025,0
POZO VITOR A-32,11-11-2025,0
POZO VITOR A-32,12-11-2025,0
POZO VITOR A-32,13-11-2025,0
POZO VITOR A-32,14-11-2025,0
POZO VITOR A-32,15-11-2025,0
POZO VITOR A-32,16-11-2025,0.2
POZO VITOR A-32,17-11-2025,0
POZO VITOR A-32,18-11-2025,0
POZO VITOR A-32,19-11-2025,0
POZO VITOR A-32,20-11-2025,0
POZO VITOR A-32,21-11-2025,0
POZO VITOR A-32,22-11-2025,0
POZO VITOR A-32,23-11-2025,0
POZO VITOR A-32,24-11-2025,0
POZO VITOR A-32,25-11-2025,0
POZO VITOR A-32,26-11-2025,0
POZO VITOR A-32,27-11-2025,0
POZO VITOR A-32,28-11-2025,0
POZO VITOR A-32,29-11-2025,0
POZO VITOR A-32,30-11-2025,0
POZO VITOR A-32,01-12-2025,0
POZO VITOR A-32,02-12-2025,0
POZO VITOR A-32,03-12-2025,0
POZO VITOR A-32,04-12-2025,0
POZO VITOR A-32,05-12-2025,0
POZO VITOR A-32,06-12-2025,0
POZO VITOR A-32,07-12-2025,0
POZO VITOR A-32,08-12-2025,0
POZO VITOR A-32,09-12-2025,0
POZO VITOR A-32,10-12-2025,0
POZO VITOR A-32,11-12-2025,0
POZO VITOR A-32,12-12-2025,0
POZO VITOR A-32,13-12-2025,0
POZO VITOR A-32,14-12-2025,0
POZO VITOR A-32,15-12-2025,0
POZO VITOR A-32,16-12-2025,0
POZO VITOR A-32,17-12-2025,0
POZO VITOR A-32,18-12-2025,0
POZO VITOR A-32,19-12-2025,0.2
POZO VITOR A-32,20-12-2025,0
POZO VITOR A-32,21-12-2025,0
POZO VITOR A-32,22-12-2025,0
POZO VITOR A-32,23-12-2025,0
POZO VITOR A-32,24-12-2025,0
POZO VITOR A-32,25-12-2025,0
POZO VITOR A-32,26-12-2025,0
POZO VITOR A-32,27-12-2025,0
POZO VITOR A-32,28-12-2025,0
POZO VITOR A-32,29-12-2025,0
POZO VITOR A-32,30-12-2025,0
POZO VITOR A-32,31-12-2025,0
POZO VITOR A-32,01-01-2026,0
POZO VITOR A-32,02-01-2026,0
POZO VITOR A-32,03-01-2026,0
POZO VITOR A-32,04-01-2026,0
POZO VITOR A-32,05-01-2026,0
POZO VITOR A-32,06-01-2026,0
POZO VITOR A-32,07-01-2026,0
POZO VITOR A-32,08-01-2026,0
POZO VITOR A-32,09-01-2026,0
POZO VITOR A-32,10-01-2026,0
POZO VITOR A-32,11-01-2026,0
POZO VITOR A-32,12-01-2026,0.6
POZO VITOR A-32,13-01-2026,0
POZO VITOR A-32,14-01-2026,0
POZO VITOR A-32,15-01-2026,0
POZO VITOR A-32,16-01-2026,0
POZO VITOR A-32,17-01-2026,0
POZO VITOR A-32,18-01-2026,0
POZO VITOR A-32,19-01-2026,0
POZO VITOR A-32,20-01-2026,0
POZO VITOR A-32,21-01-2026,0.1
POZO VITOR A-32,22-01-2026,2
POZO VITOR A-32,23-01-2026,0.3
POZO VITOR A-32,24-01-2026,3.2
POZO VITOR A-32,25-01-2026,11.7
POZO VITOR A-32,26-01-2026,0
POZO VITOR A-32,27-01-2026,0
POZO VITOR A-32,28-01-2026,0.1
POZO VITOR A-32,29-01-2026,9.5
POZO VITOR A-32,30-01-2026,5.1
POZO VITOR A-32,31-01-2026,0
POZO VITOR A-32,01-02-2026,0
POZO VITOR A-32,02-02-2026,0
POZO VITOR A-32,03-02-2026,0
POZO VITOR A-32,04-02-2026,0
POZO VITOR A-32,05-02-2026,0
POZO VITOR A-32,06-02-2026,0.1
POZO VITOR A-32,07-02-2026,0
POZO VITOR A-32,08-02-2026,0.2
POZO VITOR A-32,09-02-2026,0
POZO VITOR A-32,10-02-2026,0
POZO VITOR A-32,11-02-2026,0
POZO VITOR A-32,12-02-2026,0
POZO VITOR A-32,13-02-2026,0
POZO VITOR A-32,14-02-2026,0
POZO VITOR A-32,15-02-2026,0
POZO VITOR A-32,16-02-2026,0
POZO VITOR A-32,17-02-2026,0
POZO VITOR A-32,18-02-2026,0
POZO VITOR A-32,19-02-2026,0
POZO VITOR A-32,20-02-2026,0
POZO VITOR A-32,21-02-2026,0
POZO VITOR A-32,22-02-2026,0
POZO VITOR A-32,23-02-2026,0
POZO VITOR A-32,24-02-2026,0
POZO VITOR A-32,25-02-2026,0
POZO VITOR A-32,26-02-2026,1.4
POZO VITOR A-32,27-02-2026,0
POZO VITOR A-32,28-02-2026,0
POZO VITOR A-32,01-03-2026,0
POZO VITOR A-32,02-03-2026,0.1
POZO VITOR A-32,03-03-2026,0
POZO VITOR A-32,04-03-2026,0
POZO VITOR A-32,05-03-2026,0
POZO VITOR A-32,06-03-2026,0
POZO VITOR A-32,07-03-2026,0
POZO VITOR A-32,08-03-2026,0
POZO VITOR A-32,09-03-2026,0
POZO VITOR A-32,10-03-2026,0
POZO VITOR A-32,11-03-2026,0
POZO VITOR A-32,12-03-2026,0.2
POZO VITOR A-32,13-03-2026,0
POZO VITOR A-32,14-03-2026,0
POZO VITOR A-32,15-03-2026,0
POZO VITOR A-32,16-03-2026,0
POZO VITOR A-32,17-03-2026,0
POZO VITOR A-32,18-03-2026,0
POZO VITOR A-32,19-03-2026,0
POZO VITOR A-32,20-03-2026,0
POZO VITOR A-32,21-03-2026,0
POZO VITOR A-32,22-03-2026,0.1
POZO VITOR A-32,23-03-2026,0
POZO VITOR A-32,24-03-2026,0
POZO VITOR A-32,25-03-2026,0
POZO VITOR A-32,26-03-2026,0
POZO VITOR A-32,27-03-2026,0
POZO VITOR A-32,28-03-2026,0
POZO VITOR A-32,29-03-2026,0.2
POZO VITOR A-32,30-03-2026,0
POZO VITOR A-32,31-03-2026,0
POZO VITOR A-32,01-04-2026,0
POZO VITOR A-32,02-04-2026,0
POZO VITOR A-32,03-04-2026,0
POZO VITOR A-32,04-04-2026,0
POZO VITOR A-32,05-04-2026,0
POZO VITOR A-32,06-04-2026,0
POZO VITOR A-32,07-04-2026,0
POZO VITOR A-32,08-04-2026,0
POZO VITOR A-32,09-04-2026,0
POZO VITOR A-32,10-04-2026,0
POZO VITOR A-32,11-04-2026,0
POZO VITOR A-32,12-04-2026,0
POZO VITOR A-32,13-04-2026,0
POZO VITOR A-32,14-04-2026,0
POZO VITOR A-32,15-04-2026,0.1
POZO VITOR A-32,16-04-2026,0
POZO VITOR A-32,17-04-2026,0
POZO VITOR A-32,18-04-2026,0
POZO VITOR A-32,19-04-2026,0
POZO VITOR A-32,20-04-2026,0
POZO VITOR A-32,21-04-2026,0
POZO VITOR A-32,22-04-2026,0
POZO VITOR A-32,23-04-2026,0
POZO VITOR A-32,24-04-2026,0
POZO VITOR A-32,25-04-2026,0
POZO VITOR A-32,26-04-2026,0
POZO VITOR A-32,27-04-2026,0
POZO VITOR A-32,28-04-2026,0
POZO VITOR A-32,29-04-2026,0
POZO VITOR A-32,30-04-2026,0
POZO VITOR A-32,01-05-2026,0
POZO VITOR A-32,02-05-2026,0
POZO VITOR A-32,03-05-2026,0
POZO VITOR A-32,04-05-2026,0
POZO VITOR A-32,05-05-2026,0
POZO VITOR A-32,06-05-2026,0
POZO VITOR A-32,07-05-2026,0
POZO VITOR A-32,08-05-2026,0
POZO VITOR A-32,09-05-2026,0
POZO VITOR A-32,10-05-2026,0
POZO VITOR A-32,11-05-2026,0
POZO VITOR A-32,12-05-2026,0
POZO VITOR A-32,13-05-2026,0
POZO VITOR A-32,14-05-2026,0
POZO VITOR A-32,15-05-2026,0
POZO VITOR A-32,16-05-2026,0
POZO VITOR A-32,17-05-2026,0
POZO VITOR A-32,18-05-2026,0
POZO VITOR A-32,19-05-2026,0
POZO VITOR A-32,20-05-2026,0
POZO VITOR A-32,21-05-2026,0
POZO VITOR A-32,22-05-2026,0
POZO VITOR A-32,23-05-2026,0
POZO VITOR A-32,24-05-2026,0
POZO VITOR A-32,25-05-2026,0
POZO VITOR A-32,26-05-2026,0
POZO VITOR A-32,27-05-2026,0
POZO VITOR A-32,28-05-2026,0
POZO VITOR A-32,29-05-2026,0
POZO VITOR A-32,30-05-2026,0
POZO VITOR A-32,31-05-2026,0
POZO VITOR A-32,01-06-2026,0
POZO VITOR A-32,02-06-2026,0
POZO VITOR A-32,03-06-2026,0
POZO VITOR A-32,04-06-2026,0
POZO VITOR A-32,05-06-2026,0
POZO VITOR A-32,06-06-2026,0
POZO VITOR A-32,07-06-2026,0
POZO VITOR A-32,08-06-2026,0
POZO VITOR A-32,09-06-2026,0
POZO VITOR A-32,10-06-2026,0
POZO VITOR A-32,11-06-2026,0
POZO VITOR A-32,12-06-2026,0
POZO VITOR A-32,13-06-2026,0
POZO VITOR A-32,14-06-2026,0
POZO VITOR A-32,15-06-2026,0
POZO VITOR A-32,16-06-2026,0
POZO VITOR A-32,17-06-2026,0
POZO VITOR A-32,18-06-2026,0
POZO VITOR A-32,19-06-2026,0
POZO VITOR A-32,20-06-2026,0
POZO VITOR A-32,21-06-2026,0
POZO VITOR A-32,22-06-2026,0
POZO VITOR A-32,23-06-2026,0
POZO VITOR A-32,24-06-2026,0
POZO VITOR A-32,25-06-2026,0
POZO VITOR A-32,26-06-2026,0
POZO VITOR A-32,27-06-2026,0
POZO VITOR A-32,28-06-2026,0
POZO VITOR A-32,29-06-2026,0
POZO VITOR A-32,30-06-2026,0
POZO VITOR A-32,01-07-2026,0
POZO VITOR A-32,02-07-2026,0
POZO VITOR A-32,03-07-2026,0
POZO VITOR A-32,04-07-2026,0
POZO VITOR A-32,05-07-2026,0
POZO VITOR A-32,06-07-2026,0
POZO VITOR A-32,07-07-2026,0
POZO VITOR A-32,08-07-2026,0
POZO VITOR A-32,09-07-2026,0
POZO VITOR A-32,10-07-2026,0
POZO VITOR A-32,11-07-2026,0
POZO VITOR A-32,12-07-2026,0
POZO VITOR A-32,13-07-2026,0
POZO VITOR A-32,14-07-2026,0
POZO VITOR A-32,15-07-2026,0
POZO VITOR A-32,16-07-2026,0
POZO VITOR A-32,17-07-2026,0
POZO VITOR A-32,18-07-2026,0
POZO VITOR A-32,19-07-2026,0
POZO VITOR A-32,20-07-2026,0
POZO VITOR A-32,21-07-2026,0.4
POZO VITOR A-32,22-07-2026,0
POZO VITOR A-32,23-07-2026,0
POZO VITOR A-32,24-07-2026,0
POZO VITOR A-32,25-07-2026,0
POZO VITOR A-32,26-07-2026,0
POZO VITOR A-32,27-07-2026,0
POZO VITOR A-32,28-07-2026,0
POZO VITOR A-32,29-07-2026,0
POZO VITOR A-32,30-07-2026,0
POZO VITOR A-32,31-07-2026,0
