NOMBRE ESTACION,FECHA,Precipitación_diaria
LICEO POLITECNICO PESQUERO DE MEHUIN,01-10-2024,0.1
LICEO POLITECNICO PESQUERO DE MEHUIN,02-10-2024,0.9
LICEO POLITECNICO PESQUERO DE MEHUIN,03-10-2024,0
LICEO POLITECNICO PESQUERO DE MEHUIN,04-10-2024,0
LICEO POLITECNICO PESQUERO DE MEHUIN,05-10-2024,0
LICEO POLITECNICO PESQUERO DE MEHUIN,06-10-2024,0
LICEO POLITECNICO PESQUERO DE MEHUIN,07-10-2024,0
LICEO POLITECNICO PESQUERO DE MEHUIN,08-10-2024,0
LICEO POLITECNICO PESQUERO DE MEHUIN,09-10-2024,0
LICEO POLITECNICO PESQUERO DE MEHUIN,10-10-2024,17.8
LICEO POLITECNICO PESQUERO DE MEHUIN,11-10-2024,1.4
LICEO POLITECNICO PESQUERO DE MEHUIN,12-10-2024,0.1
LICEO POLITECNICO PESQUERO DE MEHUIN,13-10-2024,0.2
LICEO POLITECNICO PESQUERO DE MEHUIN,14-10-2024,0.1
LICEO POLITECNICO PESQUERO DE MEHUIN,15-10-2024,0.3
LICEO POLITECNICO PESQUERO DE MEHUIN,16-10-2024,18.3
LICEO POLITECNICO PESQUERO DE MEHUIN,17-10-2024,0.1
LICEO POLITECNICO PESQUERO DE MEHUIN,18-10-2024,0.3
LICEO POLITECNICO PESQUERO DE MEHUIN,19-10-2024,2.7
LICEO POLITECNICO PESQUERO DE MEHUIN,20-10-2024,4
LICEO POLITECNICO PESQUERO DE MEHUIN,21-10-2024,0.1
LICEO POLITECNICO PESQUERO DE MEHUIN,22-10-2024,0
LICEO POLITECNICO PESQUERO DE MEHUIN,23-10-2024,1.4
LICEO POLITECNICO PESQUERO DE MEHUIN,24-10-2024,1.4
LICEO POLITECNICO PESQUERO DE MEHUIN,25-10-2024,0
LICEO POLITECNICO PESQUERO DE MEHUIN,26-10-2024,0
LICEO POLITECNICO PESQUERO DE MEHUIN,27-10-2024,0
LICEO POLITECNICO PESQUERO DE MEHUIN,28-10-2024,0
LICEO POLITECNICO PESQUERO DE MEHUIN,29-10-2024,0
LICEO POLITECNICO PESQUERO DE MEHUIN,30-10-2024,0
LICEO POLITECNICO PESQUERO DE MEHUIN,31-10-2024,10.3
LICEO POLITECNICO PESQUERO DE MEHUIN,01-11-2024,21.1
LICEO POLITECNICO PESQUERO DE MEHUIN,02-11-2024,0
LICEO POLITECNICO PESQUERO DE MEHUIN,03-11-2024,38.9
LICEO POLITECNICO PESQUERO DE MEHUIN,04-11-2024,0.6
LICEO POLITECNICO PESQUERO DE MEHUIN,05-11-2024,1.1
LICEO POLITECNICO PESQUERO DE MEHUIN,06-11-2024,0
LICEO POLITECNICO PESQUERO DE MEHUIN,07-11-2024,0
LICEO POLITECNICO PESQUERO DE MEHUIN,08-11-2024,45.9
LICEO POLITECNICO PESQUERO DE MEHUIN,09-11-2024,5.1
LICEO POLITECNICO PESQUERO DE MEHUIN,10-11-2024,7.4
LICEO POLITECNICO PESQUERO DE MEHUIN,11-11-2024,0
LICEO POLITECNICO PESQUERO DE MEHUIN,12-11-2024,0.1
LICEO POLITECNICO PESQUERO DE MEHUIN,13-11-2024,0
LICEO POLITECNICO PESQUERO DE MEHUIN,14-11-2024,12.8
LICEO POLITECNICO PESQUERO DE MEHUIN,15-11-2024,0.8
LICEO POLITECNICO PESQUERO DE MEHUIN,16-11-2024,0.1
LICEO POLITECNICO PESQUERO DE MEHUIN,17-11-2024,0
LICEO POLITECNICO PESQUERO DE MEHUIN,18-11-2024,0
LICEO POLITECNICO PESQUERO DE MEHUIN,19-11-2024,0
LICEO POLITECNICO PESQUERO DE MEHUIN,20-11-2024,0
LICEO POLITECNICO PESQUERO DE MEHUIN,21-11-2024,0
LICEO POLITECNICO PESQUERO DE MEHUIN,22-11-2024,1.9
LICEO POLITECNICO PESQUERO DE MEHUIN,23-11-2024,6.7
LICEO POLITECNICO PESQUERO DE MEHUIN,24-11-2024,0
LICEO POLITECNICO PESQUERO DE MEHUIN,25-11-2024,8.6
LICEO POLITECNICO PESQUERO DE MEHUIN,26-11-2024,3.4
LICEO POLITECNICO PESQUERO DE MEHUIN,27-11-2024,0.8
LICEO POLITECNICO PESQUERO DE MEHUIN,28-11-2024,0
LICEO POLITECNICO PESQUERO DE MEHUIN,29-11-2024,0
LICEO POLITECNICO PESQUERO DE MEHUIN,30-11-2024,0
LICEO POLITECNICO PESQUERO DE MEHUIN,01-12-2024,1.3
LICEO POLITECNICO PESQUERO DE MEHUIN,02-12-2024,0
LICEO POLITECNICO PESQUERO DE MEHUIN,03-12-2024,0
LICEO POLITECNICO PESQUERO DE MEHUIN,04-12-2024,5.4
LICEO POLITECNICO PESQUERO DE MEHUIN,05-12-2024,2.1
LICEO POLITECNICO PESQUERO DE MEHUIN,06-12-2024,0.5
LICEO POLITECNICO PESQUERO DE MEHUIN,07-12-2024,0.1
LICEO POLITECNICO PESQUERO DE MEHUIN,08-12-2024,0
LICEO POLITECNICO PESQUERO DE MEHUIN,09-12-2024,0
LICEO POLITECNICO PESQUERO DE MEHUIN,10-12-2024,0.1
LICEO POLITECNICO PESQUERO DE MEHUIN,11-12-2024,0.1
LICEO POLITECNICO PESQUERO DE MEHUIN,12-12-2024,0
LICEO POLITECNICO PESQUERO DE MEHUIN,13-12-2024,0
LICEO POLITECNICO PESQUERO DE MEHUIN,14-12-2024,0
LICEO POLITECNICO PESQUERO DE MEHUIN,15-12-2024,0
LICEO POLITECNICO PESQUERO DE MEHUIN,16-12-2024,0.4
LICEO POLITECNICO PESQUERO DE MEHUIN,17-12-2024,0.9
LICEO POLITECNICO PESQUERO DE MEHUIN,18-12-2024,0.1
LICEO POLITECNICO PESQUERO DE MEHUIN,19-12-2024,2.6
LICEO POLITECNICO PESQUERO DE MEHUIN,20-12-2024,0.1
LICEO POLITECNICO PESQUERO DE MEHUIN,21-12-2024,0
LICEO POLITECNICO PESQUERO DE MEHUIN,22-12-2024,0
LICEO POLITECNICO PESQUERO DE MEHUIN,23-12-2024,0
LICEO POLITECNICO PESQUERO DE MEHUIN,24-12-2024,0
LICEO POLITECNICO PESQUERO DE MEHUIN,25-12-2024,0
LICEO POLITECNICO PESQUERO DE MEHUIN,26-12-2024,0.2
LICEO POLITECNICO PESQUERO DE MEHUIN,27-12-2024,0
LICEO POLITECNICO PESQUERO DE MEHUIN,28-12-2024,0
LICEO POLITECNICO PESQUERO DE MEHUIN,29-12-2024,0.6
LICEO POLITECNICO PESQUERO DE MEHUIN,30-12-2024,0.1
LICEO POLITECNICO PESQUERO DE MEHUIN,31-12-2024,0.1
LICEO POLITECNICO PESQUERO DE MEHUIN,01-08-2025,12.5
LICEO POLITECNICO PESQUERO DE MEHUIN,02-08-2025,11.2
LICEO POLITECNICO PESQUERO DE MEHUIN,03-08-2025,2.8
LICEO POLITECNICO PESQUERO DE MEHUIN,04-08-2025,1.5
LICEO POLITECNICO PESQUERO DE MEHUIN,05-08-2025,8
LICEO POLITECNICO PESQUERO DE MEHUIN,06-08-2025,0.6
LICEO POLITECNICO PESQUERO DE MEHUIN,07-08-2025,0.4
LICEO POLITECNICO PESQUERO DE MEHUIN,08-08-2025,0.1
LICEO POLITECNICO PESQUERO DE MEHUIN,09-08-2025,0.7
LICEO POLITECNICO PESQUERO DE MEHUIN,10-08-2025,4.1
LICEO POLITECNICO PESQUERO DE MEHUIN,11-08-2025,17
LICEO POLITECNICO PESQUERO DE MEHUIN,12-08-2025,0.6
LICEO POLITECNICO PESQUERO DE MEHUIN,13-08-2025,0
LICEO POLITECNICO PESQUERO DE MEHUIN,14-08-2025,0
LICEO POLITECNICO PESQUERO DE MEHUIN,15-08-2025,0
LICEO POLITECNICO PESQUERO DE MEHUIN,16-08-2025,0
LICEO POLITECNICO PESQUERO DE MEHUIN,17-08-2025,0
LICEO POLITECNICO PESQUERO DE MEHUIN,18-08-2025,1.3
LICEO POLITECNICO PESQUERO DE MEHUIN,19-08-2025,29
LICEO POLITECNICO PESQUERO DE MEHUIN,20-08-2025,15.8
LICEO POLITECNICO PESQUERO DE MEHUIN,21-08-2025,37.8
LICEO POLITECNICO PESQUERO DE MEHUIN,22-08-2025,1.7
LICEO POLITECNICO PESQUERO DE MEHUIN,23-08-2025,21.5
LICEO POLITECNICO PESQUERO DE MEHUIN,24-08-2025,5.2
LICEO POLITECNICO PESQUERO DE MEHUIN,25-08-2025,1.2
LICEO POLITECNICO PESQUERO DE MEHUIN,26-08-2025,0.1
LICEO POLITECNICO PESQUERO DE MEHUIN,27-08-2025,0.2
LICEO POLITECNICO PESQUERO DE MEHUIN,28-08-2025,1.1
LICEO POLITECNICO PESQUERO DE MEHUIN,29-08-2025,0
LICEO POLITECNICO PESQUERO DE MEHUIN,30-08-2025,0
LICEO POLITECNICO PESQUERO DE MEHUIN,31-08-2025,0.5
LICEO POLITECNICO PESQUERO DE MEHUIN,01-09-2025,12.5
LICEO POLITECNICO PESQUERO DE MEHUIN,02-09-2025,5.5
LICEO POLITECNICO PESQUERO DE MEHUIN,03-09-2025,0.7
LICEO POLITECNICO PESQUERO DE MEHUIN,04-09-2025,0.3
LICEO POLITECNICO PESQUERO DE MEHUIN,05-09-2025,0
LICEO POLITECNICO PESQUERO DE MEHUIN,06-09-2025,0.1
LICEO POLITECNICO PESQUERO DE MEHUIN,07-09-2025,5.7
LICEO POLITECNICO PESQUERO DE MEHUIN,08-09-2025,28.7
LICEO POLITECNICO PESQUERO DE MEHUIN,09-09-2025,40.6
LICEO POLITECNICO PESQUERO DE MEHUIN,10-09-2025,0.3
LICEO POLITECNICO PESQUERO DE MEHUIN,11-09-2025,0.1
LICEO POLITECNICO PESQUERO DE MEHUIN,12-09-2025,21.5
LICEO POLITECNICO PESQUERO DE MEHUIN,13-09-2025,1.7
LICEO POLITECNICO PESQUERO DE MEHUIN,14-09-2025,0.2
LICEO POLITECNICO PESQUERO DE MEHUIN,15-09-2025,0.6
LICEO POLITECNICO PESQUERO DE MEHUIN,16-09-2025,0.3
LICEO POLITECNICO PESQUERO DE MEHUIN,17-09-2025,5.9
LICEO POLITECNICO PESQUERO DE MEHUIN,18-09-2025,12.1
LICEO POLITECNICO PESQUERO DE MEHUIN,19-09-2025,29.5
LICEO POLITECNICO PESQUERO DE MEHUIN,20-09-2025,16.2
LICEO POLITECNICO PESQUERO DE MEHUIN,21-09-2025,5.7
LICEO POLITECNICO PESQUERO DE MEHUIN,22-09-2025,2.2
LICEO POLITECNICO PESQUERO DE MEHUIN,23-09-2025,0
LICEO POLITECNICO PESQUERO DE MEHUIN,24-09-2025,2
LICEO POLITECNICO PESQUERO DE MEHUIN,24-10-2025,1.97
LICEO POLITECNICO PESQUERO DE MEHUIN,25-10-2025,12.52
LICEO POLITECNICO PESQUERO DE MEHUIN,26-10-2025,7.43
LICEO POLITECNICO PESQUERO DE MEHUIN,27-10-2025,1.29
LICEO POLITECNICO PESQUERO DE MEHUIN,28-10-2025,0
LICEO POLITECNICO PESQUERO DE MEHUIN,29-10-2025,0
LICEO POLITECNICO PESQUERO DE MEHUIN,30-10-2025,4.4
LICEO POLITECNICO PESQUERO DE MEHUIN,31-10-2025,0
LICEO POLITECNICO PESQUERO DE MEHUIN,01-11-2025,0
LICEO POLITECNICO PESQUERO DE MEHUIN,02-11-2025,0
LICEO POLITECNICO PESQUERO DE MEHUIN,03-11-2025,0
LICEO POLITECNICO PESQUERO DE MEHUIN,04-11-2025,0
LICEO POLITECNICO PESQUERO DE MEHUIN,05-11-2025,0
LICEO POLITECNICO PESQUERO DE MEHUIN,06-11-2025,0
LICEO POLITECNICO PESQUERO DE MEHUIN,07-11-2025,0
LICEO POLITECNICO PESQUERO DE MEHUIN,08-11-2025,0.5
LICEO POLITECNICO PESQUERO DE MEHUIN,09-11-2025,0.6
LICEO POLITECNICO PESQUERO DE MEHUIN,10-11-2025,6.3
LICEO POLITECNICO PESQUERO DE MEHUIN,11-11-2025,0.4
LICEO POLITECNICO PESQUERO DE MEHUIN,12-11-2025,0
LICEO POLITECNICO PESQUERO DE MEHUIN,13-11-2025,0.2
LICEO POLITECNICO PESQUERO DE MEHUIN,14-11-2025,0
LICEO POLITECNICO PESQUERO DE MEHUIN,15-11-2025,1.6
LICEO POLITECNICO PESQUERO DE MEHUIN,16-11-2025,0
LICEO POLITECNICO PESQUERO DE MEHUIN,17-11-2025,0.5
LICEO POLITECNICO PESQUERO DE MEHUIN,18-11-2025,0
LICEO POLITECNICO PESQUERO DE MEHUIN,19-11-2025,2.1
LICEO POLITECNICO PESQUERO DE MEHUIN,20-11-2025,0.1
LICEO POLITECNICO PESQUERO DE MEHUIN,21-11-2025,0.2
LICEO POLITECNICO PESQUERO DE MEHUIN,22-11-2025,0.5
LICEO POLITECNICO PESQUERO DE MEHUIN,23-11-2025,0
LICEO POLITECNICO PESQUERO DE MEHUIN,24-11-2025,1.1
LICEO POLITECNICO PESQUERO DE MEHUIN,25-11-2025,0.2
LICEO POLITECNICO PESQUERO DE MEHUIN,26-11-2025,0.7
LICEO POLITECNICO PESQUERO DE MEHUIN,27-11-2025,0
LICEO POLITECNICO PESQUERO DE MEHUIN,28-11-2025,0.5
LICEO POLITECNICO PESQUERO DE MEHUIN,29-11-2025,2.1
LICEO POLITECNICO PESQUERO DE MEHUIN,30-11-2025,0.8
LICEO POLITECNICO PESQUERO DE MEHUIN,01-12-2025,0
LICEO POLITECNICO PESQUERO DE MEHUIN,02-12-2025,3.7
LICEO POLITECNICO PESQUERO DE MEHUIN,03-12-2025,0
LICEO POLITECNICO PESQUERO DE MEHUIN,04-12-2025,0.3
LICEO POLITECNICO PESQUERO DE MEHUIN,05-12-2025,0
LICEO POLITECNICO PESQUERO DE MEHUIN,06-12-2025,0.3
LICEO POLITECNICO PESQUERO DE MEHUIN,07-12-2025,0
LICEO POLITECNICO PESQUERO DE MEHUIN,08-12-2025,0
LICEO POLITECNICO PESQUERO DE MEHUIN,09-12-2025,0
LICEO POLITECNICO PESQUERO DE MEHUIN,10-12-2025,0
LICEO POLITECNICO PESQUERO DE MEHUIN,11-12-2025,6.1
LICEO POLITECNICO PESQUERO DE MEHUIN,12-12-2025,1.8
LICEO POLITECNICO PESQUERO DE MEHUIN,13-12-2025,2.5
LICEO POLITECNICO PESQUERO DE MEHUIN,14-12-2025,6.1
LICEO POLITECNICO PESQUERO DE MEHUIN,15-12-2025,1.4
LICEO POLITECNICO PESQUERO DE MEHUIN,16-12-2025,0.1
LICEO POLITECNICO PESQUERO DE MEHUIN,17-12-2025,0
LICEO POLITECNICO PESQUERO DE MEHUIN,18-12-2025,0
LICEO POLITECNICO PESQUERO DE MEHUIN,19-12-2025,2.4
LICEO POLITECNICO PESQUERO DE MEHUIN,20-12-2025,43.1
LICEO POLITECNICO PESQUERO DE MEHUIN,21-12-2025,0.1
LICEO POLITECNICO PESQUERO DE MEHUIN,22-12-2025,7.8
LICEO POLITECNICO PESQUERO DE MEHUIN,23-12-2025,0
LICEO POLITECNICO PESQUERO DE MEHUIN,24-12-2025,0.1
LICEO POLITECNICO PESQUERO DE MEHUIN,25-12-2025,2.2
LICEO POLITECNICO PESQUERO DE MEHUIN,26-12-2025,0.1
LICEO POLITECNICO PESQUERO DE MEHUIN,27-12-2025,0
LICEO POLITECNICO PESQUERO DE MEHUIN,28-12-2025,0
LICEO POLITECNICO PESQUERO DE MEHUIN,29-12-2025,0
LICEO POLITECNICO PESQUERO DE MEHUIN,30-12-2025,0
LICEO POLITECNICO PESQUERO DE MEHUIN,31-12-2025,0
LICEO POLITECNICO PESQUERO DE MEHUIN,01-01-2026,0
LICEO POLITECNICO PESQUERO DE MEHUIN,02-01-2026,0
LICEO POLITECNICO PESQUERO DE MEHUIN,03-01-2026,0
LICEO POLITECNICO PESQUERO DE MEHUIN,04-01-2026,0
LICEO POLITECNICO PESQUERO DE MEHUIN,05-01-2026,0.2
LICEO POLITECNICO PESQUERO DE MEHUIN,06-01-2026,0.1
LICEO POLITECNICO PESQUERO DE MEHUIN,07-01-2026,0
LICEO POLITECNICO PESQUERO DE MEHUIN,08-01-2026,0
LICEO POLITECNICO PESQUERO DE MEHUIN,09-01-2026,0.5
LICEO POLITECNICO PESQUERO DE MEHUIN,10-01-2026,0.1
LICEO POLITECNICO PESQUERO DE MEHUIN,11-01-2026,0.2
LICEO POLITECNICO PESQUERO DE MEHUIN,12-01-2026,0.1
LICEO POLITECNICO PESQUERO DE MEHUIN,13-01-2026,0
LICEO POLITECNICO PESQUERO DE MEHUIN,14-01-2026,8.6
LICEO POLITECNICO PESQUERO DE MEHUIN,15-01-2026,0.1
LICEO POLITECNICO PESQUERO DE MEHUIN,16-01-2026,0
LICEO POLITECNICO PESQUERO DE MEHUIN,17-01-2026,0.6
LICEO POLITECNICO PESQUERO DE MEHUIN,18-01-2026,0
LICEO POLITECNICO PESQUERO DE MEHUIN,19-01-2026,0
LICEO POLITECNICO PESQUERO DE MEHUIN,20-01-2026,2.5
LICEO POLITECNICO PESQUERO DE MEHUIN,21-01-2026,0.2
LICEO POLITECNICO PESQUERO DE MEHUIN,22-01-2026,0.3
LICEO POLITECNICO PESQUERO DE MEHUIN,23-01-2026,0
LICEO POLITECNICO PESQUERO DE MEHUIN,24-01-2026,0
LICEO POLITECNICO PESQUERO DE MEHUIN,25-01-2026,0
LICEO POLITECNICO PESQUERO DE MEHUIN,26-01-2026,0
LICEO POLITECNICO PESQUERO DE MEHUIN,27-01-2026,2.4
LICEO POLITECNICO PESQUERO DE MEHUIN,28-01-2026,0.1
LICEO POLITECNICO PESQUERO DE MEHUIN,29-01-2026,2.6
LICEO POLITECNICO PESQUERO DE MEHUIN,30-01-2026,3.1
LICEO POLITECNICO PESQUERO DE MEHUIN,31-01-2026,0.2
LICEO POLITECNICO PESQUERO DE MEHUIN,01-02-2026,0
LICEO POLITECNICO PESQUERO DE MEHUIN,02-02-2026,14.2
LICEO POLITECNICO PESQUERO DE MEHUIN,03-02-2026,8.2
LICEO POLITECNICO PESQUERO DE MEHUIN,04-02-2026,0.8
LICEO POLITECNICO PESQUERO DE MEHUIN,05-02-2026,0
LICEO POLITECNICO PESQUERO DE MEHUIN,06-02-2026,0
LICEO POLITECNICO PESQUERO DE MEHUIN,07-02-2026,0
LICEO POLITECNICO PESQUERO DE MEHUIN,08-02-2026,1.2
LICEO POLITECNICO PESQUERO DE MEHUIN,09-02-2026,2.3
LICEO POLITECNICO PESQUERO DE MEHUIN,10-02-2026,13.7
LICEO POLITECNICO PESQUERO DE MEHUIN,11-02-2026,3
LICEO POLITECNICO PESQUERO DE MEHUIN,12-02-2026,0.1
LICEO POLITECNICO PESQUERO DE MEHUIN,13-02-2026,2.9
LICEO POLITECNICO PESQUERO DE MEHUIN,14-02-2026,0
LICEO POLITECNICO PESQUERO DE MEHUIN,15-02-2026,0.1
LICEO POLITECNICO PESQUERO DE MEHUIN,16-02-2026,38
LICEO POLITECNICO PESQUERO DE MEHUIN,17-02-2026,0.1
LICEO POLITECNICO PESQUERO DE MEHUIN,18-02-2026,0.1
LICEO POLITECNICO PESQUERO DE MEHUIN,19-02-2026,0
LICEO POLITECNICO PESQUERO DE MEHUIN,20-02-2026,0
LICEO POLITECNICO PESQUERO DE MEHUIN,21-02-2026,0.2
LICEO POLITECNICO PESQUERO DE MEHUIN,22-02-2026,0.1
LICEO POLITECNICO PESQUERO DE MEHUIN,23-02-2026,0.1
LICEO POLITECNICO PESQUERO DE MEHUIN,24-02-2026,0
LICEO POLITECNICO PESQUERO DE MEHUIN,25-02-2026,0
LICEO POLITECNICO PESQUERO DE MEHUIN,26-02-2026,0
LICEO POLITECNICO PESQUERO DE MEHUIN,27-02-2026,0
LICEO POLITECNICO PESQUERO DE MEHUIN,28-02-2026,42.6
LICEO POLITECNICO PESQUERO DE MEHUIN,01-03-2026,19.7
LICEO POLITECNICO PESQUERO DE MEHUIN,02-03-2026,1.4
LICEO POLITECNICO PESQUERO DE MEHUIN,03-03-2026,3.1
LICEO POLITECNICO PESQUERO DE MEHUIN,04-03-2026,0.1
LICEO POLITECNICO PESQUERO DE MEHUIN,05-03-2026,0
LICEO POLITECNICO PESQUERO DE MEHUIN,06-03-2026,0
LICEO POLITECNICO PESQUERO DE MEHUIN,07-03-2026,0.1
LICEO POLITECNICO PESQUERO DE MEHUIN,08-03-2026,4.5
LICEO POLITECNICO PESQUERO DE MEHUIN,09-03-2026,0.6
LICEO POLITECNICO PESQUERO DE MEHUIN,10-03-2026,0.1
LICEO POLITECNICO PESQUERO DE MEHUIN,11-03-2026,6.7
LICEO POLITECNICO PESQUERO DE MEHUIN,12-03-2026,0.1
LICEO POLITECNICO PESQUERO DE MEHUIN,13-03-2026,0
LICEO POLITECNICO PESQUERO DE MEHUIN,14-03-2026,81.1
LICEO POLITECNICO PESQUERO DE MEHUIN,15-03-2026,16.7
LICEO POLITECNICO PESQUERO DE MEHUIN,16-03-2026,38.6
LICEO POLITECNICO PESQUERO DE MEHUIN,17-03-2026,0.3
LICEO POLITECNICO PESQUERO DE MEHUIN,18-03-2026,35.3
LICEO POLITECNICO PESQUERO DE MEHUIN,19-03-2026,1.2
LICEO POLITECNICO PESQUERO DE MEHUIN,20-03-2026,0.8
LICEO POLITECNICO PESQUERO DE MEHUIN,21-03-2026,54.2
LICEO POLITECNICO PESQUERO DE MEHUIN,22-03-2026,2.9
LICEO POLITECNICO PESQUERO DE MEHUIN,23-03-2026,19.9
LICEO POLITECNICO PESQUERO DE MEHUIN,24-03-2026,0.2
LICEO POLITECNICO PESQUERO DE MEHUIN,25-03-2026,0.2
LICEO POLITECNICO PESQUERO DE MEHUIN,26-03-2026,0.1
LICEO POLITECNICO PESQUERO DE MEHUIN,27-03-2026,0.1
LICEO POLITECNICO PESQUERO DE MEHUIN,28-03-2026,0
LICEO POLITECNICO PESQUERO DE MEHUIN,29-03-2026,0
LICEO POLITECNICO PESQUERO DE MEHUIN,30-03-2026,6.5
LICEO POLITECNICO PESQUERO DE MEHUIN,31-03-2026,0.3
LICEO POLITECNICO PESQUERO DE MEHUIN,01-04-2026,0.2
LICEO POLITECNICO PESQUERO DE MEHUIN,02-04-2026,0.1
LICEO POLITECNICO PESQUERO DE MEHUIN,03-04-2026,0.7
LICEO POLITECNICO PESQUERO DE MEHUIN,04-04-2026,0
LICEO POLITECNICO PESQUERO DE MEHUIN,05-04-2026,0.1
LICEO POLITECNICO PESQUERO DE MEHUIN,06-04-2026,0
LICEO POLITECNICO PESQUERO DE MEHUIN,07-04-2026,0.1
LICEO POLITECNICO PESQUERO DE MEHUIN,08-04-2026,0
LICEO POLITECNICO PESQUERO DE MEHUIN,09-04-2026,0
LICEO POLITECNICO PESQUERO DE MEHUIN,10-04-2026,0
LICEO POLITECNICO PESQUERO DE MEHUIN,11-04-2026,5.2
LICEO POLITECNICO PESQUERO DE MEHUIN,12-04-2026,0.3
LICEO POLITECNICO PESQUERO DE MEHUIN,13-04-2026,11.3
LICEO POLITECNICO PESQUERO DE MEHUIN,14-04-2026,7.7
LICEO POLITECNICO PESQUERO DE MEHUIN,15-04-2026,12.1
LICEO POLITECNICO PESQUERO DE MEHUIN,16-04-2026,20.2
LICEO POLITECNICO PESQUERO DE MEHUIN,17-04-2026,9.9
LICEO POLITECNICO PESQUERO DE MEHUIN,18-04-2026,2.1
LICEO POLITECNICO PESQUERO DE MEHUIN,19-04-2026,0.1
LICEO POLITECNICO PESQUERO DE MEHUIN,20-04-2026,0.2
LICEO POLITECNICO PESQUERO DE MEHUIN,21-04-2026,5.2
LICEO POLITECNICO PESQUERO DE MEHUIN,22-04-2026,0.6
LICEO POLITECNICO PESQUERO DE MEHUIN,23-04-2026,6.3
LICEO POLITECNICO PESQUERO DE MEHUIN,24-04-2026,0.1
LICEO POLITECNICO PESQUERO DE MEHUIN,25-04-2026,6.2
LICEO POLITECNICO PESQUERO DE MEHUIN,26-04-2026,2.7
LICEO POLITECNICO PESQUERO DE MEHUIN,27-04-2026,7.3
LICEO POLITECNICO PESQUERO DE MEHUIN,28-04-2026,22.2
LICEO POLITECNICO PESQUERO DE MEHUIN,29-04-2026,0
LICEO POLITECNICO PESQUERO DE MEHUIN,30-04-2026,10.3
LICEO POLITECNICO PESQUERO DE MEHUIN,01-05-2026,0.3
LICEO POLITECNICO PESQUERO DE MEHUIN,02-05-2026,10.9
LICEO POLITECNICO PESQUERO DE MEHUIN,03-05-2026,18.9
LICEO POLITECNICO PESQUERO DE MEHUIN,04-05-2026,14
LICEO POLITECNICO PESQUERO DE MEHUIN,05-05-2026,56.1
LICEO POLITECNICO PESQUERO DE MEHUIN,06-05-2026,5.1
LICEO POLITECNICO PESQUERO DE MEHUIN,07-05-2026,5.6
LICEO POLITECNICO PESQUERO DE MEHUIN,08-05-2026,0.2
LICEO POLITECNICO PESQUERO DE MEHUIN,09-05-2026,0
LICEO POLITECNICO PESQUERO DE MEHUIN,10-05-2026,0
LICEO POLITECNICO PESQUERO DE MEHUIN,11-05-2026,0
LICEO POLITECNICO PESQUERO DE MEHUIN,12-05-2026,0
LICEO POLITECNICO PESQUERO DE MEHUIN,13-05-2026,0
LICEO POLITECNICO PESQUERO DE MEHUIN,14-05-2026,0.8
LICEO POLITECNICO PESQUERO DE MEHUIN,15-05-2026,0
LICEO POLITECNICO PESQUERO DE MEHUIN,16-05-2026,0
LICEO POLITECNICO PESQUERO DE MEHUIN,17-05-2026,0
LICEO POLITECNICO PESQUERO DE MEHUIN,18-05-2026,0
LICEO POLITECNICO PESQUERO DE MEHUIN,19-05-2026,0
LICEO POLITECNICO PESQUERO DE MEHUIN,20-05-2026,0
LICEO POLITECNICO PESQUERO DE MEHUIN,21-05-2026,0
LICEO POLITECNICO PESQUERO DE MEHUIN,22-05-2026,0
LICEO POLITECNICO PESQUERO DE MEHUIN,23-05-2026,0
LICEO POLITECNICO PESQUERO DE MEHUIN,24-05-2026,0.1
LICEO POLITECNICO PESQUERO DE MEHUIN,25-05-2026,0
LICEO POLITECNICO PESQUERO DE MEHUIN,26-05-2026,0.1
LICEO POLITECNICO PESQUERO DE MEHUIN,27-05-2026,3.9
LICEO POLITECNICO PESQUERO DE MEHUIN,28-05-2026,5.7
LICEO POLITECNICO PESQUERO DE MEHUIN,29-05-2026,0.2
LICEO POLITECNICO PESQUERO DE MEHUIN,30-05-2026,0
LICEO POLITECNICO PESQUERO DE MEHUIN,31-05-2026,0
LAGO RIÑIHUE ESTACION DE CONTROL,01-10-2024,0
LAGO RIÑIHUE ESTACION DE CONTROL,02-10-2024,0
LAGO RIÑIHUE ESTACION DE CONTROL,03-10-2024,0
LAGO RIÑIHUE ESTACION DE CONTROL,04-10-2024,0
LAGO RIÑIHUE ESTACION DE CONTROL,05-10-2024,0
LAGO RIÑIHUE ESTACION DE CONTROL,06-10-2024,0
LAGO RIÑIHUE ESTACION DE CONTROL,07-10-2024,0
LAGO RIÑIHUE ESTACION DE CONTROL,08-10-2024,0
LAGO RIÑIHUE ESTACION DE CONTROL,09-10-2024,0
LAGO RIÑIHUE ESTACION DE CONTROL,10-10-2024,22.8
LAGO RIÑIHUE ESTACION DE CONTROL,11-10-2024,0.9
LAGO RIÑIHUE ESTACION DE CONTROL,12-10-2024,0.1
LAGO RIÑIHUE ESTACION DE CONTROL,13-10-2024,0
LAGO RIÑIHUE ESTACION DE CONTROL,14-10-2024,0
LAGO RIÑIHUE ESTACION DE CONTROL,15-10-2024,0.1
LAGO RIÑIHUE ESTACION DE CONTROL,16-10-2024,20
LAGO RIÑIHUE ESTACION DE CONTROL,17-10-2024,0.2
LAGO RIÑIHUE ESTACION DE CONTROL,18-10-2024,0.1
LAGO RIÑIHUE ESTACION DE CONTROL,19-10-2024,0.6
LAGO RIÑIHUE ESTACION DE CONTROL,20-10-2024,7.7
LAGO RIÑIHUE ESTACION DE CONTROL,21-10-2024,0
LAGO RIÑIHUE ESTACION DE CONTROL,22-10-2024,0
LAGO RIÑIHUE ESTACION DE CONTROL,23-10-2024,0.1
LAGO RIÑIHUE ESTACION DE CONTROL,24-10-2024,5.2
LAGO RIÑIHUE ESTACION DE CONTROL,25-10-2024,0
LAGO RIÑIHUE ESTACION DE CONTROL,26-10-2024,0
LAGO RIÑIHUE ESTACION DE CONTROL,27-10-2024,0
LAGO RIÑIHUE ESTACION DE CONTROL,28-10-2024,0
LAGO RIÑIHUE ESTACION DE CONTROL,29-10-2024,0
LAGO RIÑIHUE ESTACION DE CONTROL,30-10-2024,0
LAGO RIÑIHUE ESTACION DE CONTROL,31-10-2024,0.7
LAGO RIÑIHUE ESTACION DE CONTROL,01-11-2024,15
LAGO RIÑIHUE ESTACION DE CONTROL,02-11-2024,0
LAGO RIÑIHUE ESTACION DE CONTROL,03-11-2024,26.5
LAGO RIÑIHUE ESTACION DE CONTROL,04-11-2024,4.3
LAGO RIÑIHUE ESTACION DE CONTROL,05-11-2024,2.4
LAGO RIÑIHUE ESTACION DE CONTROL,06-11-2024,0
LAGO RIÑIHUE ESTACION DE CONTROL,07-11-2024,0.6
LAGO RIÑIHUE ESTACION DE CONTROL,08-11-2024,28
LAGO RIÑIHUE ESTACION DE CONTROL,09-11-2024,3.9
LAGO RIÑIHUE ESTACION DE CONTROL,10-11-2024,15.5
LAGO RIÑIHUE ESTACION DE CONTROL,11-11-2024,0.1
LAGO RIÑIHUE ESTACION DE CONTROL,12-11-2024,0.2
LAGO RIÑIHUE ESTACION DE CONTROL,13-11-2024,0
LAGO RIÑIHUE ESTACION DE CONTROL,14-11-2024,8.7
LAGO RIÑIHUE ESTACION DE CONTROL,15-11-2024,5.9
LAGO RIÑIHUE ESTACION DE CONTROL,16-11-2024,0
LAGO RIÑIHUE ESTACION DE CONTROL,17-11-2024,0
LAGO RIÑIHUE ESTACION DE CONTROL,18-11-2024,0
LAGO RIÑIHUE ESTACION DE CONTROL,19-11-2024,0
LAGO RIÑIHUE ESTACION DE CONTROL,20-11-2024,0
LAGO RIÑIHUE ESTACION DE CONTROL,21-11-2024,0
LAGO RIÑIHUE ESTACION DE CONTROL,22-11-2024,1.5
LAGO RIÑIHUE ESTACION DE CONTROL,23-11-2024,2.6
LAGO RIÑIHUE ESTACION DE CONTROL,24-11-2024,1.4
LAGO RIÑIHUE ESTACION DE CONTROL,25-11-2024,8.3
LAGO RIÑIHUE ESTACION DE CONTROL,26-11-2024,10.5
LAGO RIÑIHUE ESTACION DE CONTROL,27-11-2024,1.8
LAGO RIÑIHUE ESTACION DE CONTROL,28-11-2024,0.1
LAGO RIÑIHUE ESTACION DE CONTROL,29-11-2024,0
LAGO RIÑIHUE ESTACION DE CONTROL,30-11-2024,0
LAGO RIÑIHUE ESTACION DE CONTROL,01-12-2024,4.8
LAGO RIÑIHUE ESTACION DE CONTROL,02-12-2024,0
LAGO RIÑIHUE ESTACION DE CONTROL,03-12-2024,0
LAGO RIÑIHUE ESTACION DE CONTROL,04-12-2024,2.8
LAGO RIÑIHUE ESTACION DE CONTROL,05-12-2024,7.1
LAGO RIÑIHUE ESTACION DE CONTROL,06-12-2024,0
LAGO RIÑIHUE ESTACION DE CONTROL,07-12-2024,0
LAGO RIÑIHUE ESTACION DE CONTROL,08-12-2024,0
LAGO RIÑIHUE ESTACION DE CONTROL,09-12-2024,0
LAGO RIÑIHUE ESTACION DE CONTROL,10-12-2024,0
LAGO RIÑIHUE ESTACION DE CONTROL,11-12-2024,0.1
LAGO RIÑIHUE ESTACION DE CONTROL,12-12-2024,0
LAGO RIÑIHUE ESTACION DE CONTROL,13-12-2024,0
LAGO RIÑIHUE ESTACION DE CONTROL,14-12-2024,0
LAGO RIÑIHUE ESTACION DE CONTROL,15-12-2024,0
LAGO RIÑIHUE ESTACION DE CONTROL,16-12-2024,0
LAGO RIÑIHUE ESTACION DE CONTROL,17-12-2024,1.6
LAGO RIÑIHUE ESTACION DE CONTROL,18-12-2024,0.4
LAGO RIÑIHUE ESTACION DE CONTROL,19-12-2024,6.3
LAGO RIÑIHUE ESTACION DE CONTROL,20-12-2024,0
LAGO RIÑIHUE ESTACION DE CONTROL,21-12-2024,0
LAGO RIÑIHUE ESTACION DE CONTROL,22-12-2024,0
LAGO RIÑIHUE ESTACION DE CONTROL,23-12-2024,0
LAGO RIÑIHUE ESTACION DE CONTROL,24-12-2024,0
LAGO RIÑIHUE ESTACION DE CONTROL,25-12-2024,0
LAGO RIÑIHUE ESTACION DE CONTROL,26-12-2024,0
LAGO RIÑIHUE ESTACION DE CONTROL,27-12-2024,0
LAGO RIÑIHUE ESTACION DE CONTROL,28-12-2024,0
LAGO RIÑIHUE ESTACION DE CONTROL,29-12-2024,0.3
LAGO RIÑIHUE ESTACION DE CONTROL,30-12-2024,0
LAGO RIÑIHUE ESTACION DE CONTROL,31-12-2024,0
LAGO RIÑIHUE ESTACION DE CONTROL,01-08-2025,36.3
LAGO RIÑIHUE ESTACION DE CONTROL,02-08-2025,18.5
LAGO RIÑIHUE ESTACION DE CONTROL,03-08-2025,2.5
LAGO RIÑIHUE ESTACION DE CONTROL,04-08-2025,1.9
LAGO RIÑIHUE ESTACION DE CONTROL,05-08-2025,6.7
LAGO RIÑIHUE ESTACION DE CONTROL,06-08-2025,0.1
LAGO RIÑIHUE ESTACION DE CONTROL,07-08-2025,0
LAGO RIÑIHUE ESTACION DE CONTROL,08-08-2025,0.5
LAGO RIÑIHUE ESTACION DE CONTROL,09-08-2025,0.3
LAGO RIÑIHUE ESTACION DE CONTROL,10-08-2025,15.9
LAGO RIÑIHUE ESTACION DE CONTROL,11-08-2025,39.1
LAGO RIÑIHUE ESTACION DE CONTROL,12-08-2025,5
LAGO RIÑIHUE ESTACION DE CONTROL,13-08-2025,0.1
LAGO RIÑIHUE ESTACION DE CONTROL,14-08-2025,0
LAGO RIÑIHUE ESTACION DE CONTROL,15-08-2025,0
LAGO RIÑIHUE ESTACION DE CONTROL,16-08-2025,0
LAGO RIÑIHUE ESTACION DE CONTROL,17-08-2025,0
LAGO RIÑIHUE ESTACION DE CONTROL,18-08-2025,0.6
LAGO RIÑIHUE ESTACION DE CONTROL,19-08-2025,17.3
LAGO RIÑIHUE ESTACION DE CONTROL,20-08-2025,5
LAGO RIÑIHUE ESTACION DE CONTROL,21-08-2025,30.2
LAGO RIÑIHUE ESTACION DE CONTROL,22-08-2025,3.9
LAGO RIÑIHUE ESTACION DE CONTROL,23-08-2025,12.2
LAGO RIÑIHUE ESTACION DE CONTROL,24-08-2025,4.5
LAGO RIÑIHUE ESTACION DE CONTROL,25-08-2025,0.9
LAGO RIÑIHUE ESTACION DE CONTROL,26-08-2025,1
LAGO RIÑIHUE ESTACION DE CONTROL,27-08-2025,0.1
LAGO RIÑIHUE ESTACION DE CONTROL,28-08-2025,0.1
LAGO RIÑIHUE ESTACION DE CONTROL,29-08-2025,0.1
LAGO RIÑIHUE ESTACION DE CONTROL,30-08-2025,0
LAGO RIÑIHUE ESTACION DE CONTROL,31-08-2025,1.9
LAGO RIÑIHUE ESTACION DE CONTROL,01-09-2025,2.2
LAGO RIÑIHUE ESTACION DE CONTROL,02-09-2025,12.8
LAGO RIÑIHUE ESTACION DE CONTROL,03-09-2025,0.5
LAGO RIÑIHUE ESTACION DE CONTROL,04-09-2025,0.1
LAGO RIÑIHUE ESTACION DE CONTROL,05-09-2025,0.1
LAGO RIÑIHUE ESTACION DE CONTROL,06-09-2025,0
LAGO RIÑIHUE ESTACION DE CONTROL,07-09-2025,5.2
LAGO RIÑIHUE ESTACION DE CONTROL,08-09-2025,22.5
LAGO RIÑIHUE ESTACION DE CONTROL,09-09-2025,48.8
LAGO RIÑIHUE ESTACION DE CONTROL,10-09-2025,0.5
LAGO RIÑIHUE ESTACION DE CONTROL,11-09-2025,0.1
LAGO RIÑIHUE ESTACION DE CONTROL,12-09-2025,23.1
LAGO RIÑIHUE ESTACION DE CONTROL,13-09-2025,4
LAGO RIÑIHUE ESTACION DE CONTROL,14-09-2025,0
LAGO RIÑIHUE ESTACION DE CONTROL,15-09-2025,0.1
LAGO RIÑIHUE ESTACION DE CONTROL,16-09-2025,0
LAGO RIÑIHUE ESTACION DE CONTROL,17-09-2025,0
LAGO RIÑIHUE ESTACION DE CONTROL,18-09-2025,3.5
LAGO RIÑIHUE ESTACION DE CONTROL,19-09-2025,33.7
LAGO RIÑIHUE ESTACION DE CONTROL,20-09-2025,30
LAGO RIÑIHUE ESTACION DE CONTROL,21-09-2025,22.1
LAGO RIÑIHUE ESTACION DE CONTROL,22-09-2025,2.4
LAGO RIÑIHUE ESTACION DE CONTROL,23-09-2025,0.1
LAGO RIÑIHUE ESTACION DE CONTROL,24-09-2025,0.2
LAGO RIÑIHUE ESTACION DE CONTROL,25-09-2025,11.3
LAGO RIÑIHUE ESTACION DE CONTROL,26-09-2025,4
LAGO RIÑIHUE ESTACION DE CONTROL,27-09-2025,21.4
LAGO RIÑIHUE ESTACION DE CONTROL,28-09-2025,0.2
LAGO RIÑIHUE ESTACION DE CONTROL,29-09-2025,7
LAGO RIÑIHUE ESTACION DE CONTROL,30-09-2025,0.4
LAGO RIÑIHUE ESTACION DE CONTROL,01-10-2025,0.1
LAGO RIÑIHUE ESTACION DE CONTROL,02-10-2025,0
LAGO RIÑIHUE ESTACION DE CONTROL,03-10-2025,11.8
LAGO RIÑIHUE ESTACION DE CONTROL,04-10-2025,4.1
LAGO RIÑIHUE ESTACION DE CONTROL,05-10-2025,2.8
LAGO RIÑIHUE ESTACION DE CONTROL,06-10-2025,8.6
LAGO RIÑIHUE ESTACION DE CONTROL,07-10-2025,0.4
LAGO RIÑIHUE ESTACION DE CONTROL,08-10-2025,0.2
LAGO RIÑIHUE ESTACION DE CONTROL,09-10-2025,0.2
LAGO RIÑIHUE ESTACION DE CONTROL,10-10-2025,7
LAGO RIÑIHUE ESTACION DE CONTROL,11-10-2025,17.5
LAGO RIÑIHUE ESTACION DE CONTROL,12-10-2025,0
LAGO RIÑIHUE ESTACION DE CONTROL,13-10-2025,0
LAGO RIÑIHUE ESTACION DE CONTROL,14-10-2025,22.9
LAGO RIÑIHUE ESTACION DE CONTROL,15-10-2025,0.2
LAGO RIÑIHUE ESTACION DE CONTROL,16-10-2025,0
LAGO RIÑIHUE ESTACION DE CONTROL,17-10-2025,0
LAGO RIÑIHUE ESTACION DE CONTROL,18-10-2025,0
LAGO RIÑIHUE ESTACION DE CONTROL,19-10-2025,2.8
LAGO RIÑIHUE ESTACION DE CONTROL,20-10-2025,13.7
LAGO RIÑIHUE ESTACION DE CONTROL,21-10-2025,0.1
LAGO RIÑIHUE ESTACION DE CONTROL,22-10-2025,0.1
LAGO RIÑIHUE ESTACION DE CONTROL,23-10-2025,3.3
LAGO RIÑIHUE ESTACION DE CONTROL,24-10-2025,2.4
LAGO RIÑIHUE ESTACION DE CONTROL,25-10-2025,12.3
LAGO RIÑIHUE ESTACION DE CONTROL,26-10-2025,0.4
LAGO RIÑIHUE ESTACION DE CONTROL,27-10-2025,0
LAGO RIÑIHUE ESTACION DE CONTROL,28-10-2025,0
LAGO RIÑIHUE ESTACION DE CONTROL,29-10-2025,0
LAGO RIÑIHUE ESTACION DE CONTROL,30-10-2025,3.9
LAGO RIÑIHUE ESTACION DE CONTROL,31-10-2025,0.1
LAGO RIÑIHUE ESTACION DE CONTROL,01-11-2025,0
LAGO RIÑIHUE ESTACION DE CONTROL,02-11-2025,0
LAGO RIÑIHUE ESTACION DE CONTROL,03-11-2025,0
LAGO RIÑIHUE ESTACION DE CONTROL,04-11-2025,0.3
LAGO RIÑIHUE ESTACION DE CONTROL,05-11-2025,0
LAGO RIÑIHUE ESTACION DE CONTROL,06-11-2025,0
LAGO RIÑIHUE ESTACION DE CONTROL,07-11-2025,0.3
LAGO RIÑIHUE ESTACION DE CONTROL,08-11-2025,0.3
LAGO RIÑIHUE ESTACION DE CONTROL,09-11-2025,22.6
LAGO RIÑIHUE ESTACION DE CONTROL,10-11-2025,7.2
LAGO RIÑIHUE ESTACION DE CONTROL,11-11-2025,5.3
LAGO RIÑIHUE ESTACION DE CONTROL,12-11-2025,0
LAGO RIÑIHUE ESTACION DE CONTROL,13-11-2025,0
LAGO RIÑIHUE ESTACION DE CONTROL,14-11-2025,0
LAGO RIÑIHUE ESTACION DE CONTROL,15-11-2025,1
LAGO RIÑIHUE ESTACION DE CONTROL,16-11-2025,0
LAGO RIÑIHUE ESTACION DE CONTROL,17-11-2025,0
LAGO RIÑIHUE ESTACION DE CONTROL,18-11-2025,0
LAGO RIÑIHUE ESTACION DE CONTROL,19-11-2025,4.8
LAGO RIÑIHUE ESTACION DE CONTROL,20-11-2025,0.3
LAGO RIÑIHUE ESTACION DE CONTROL,21-11-2025,0
LAGO RIÑIHUE ESTACION DE CONTROL,22-11-2025,0
LAGO RIÑIHUE ESTACION DE CONTROL,23-11-2025,0
LAGO RIÑIHUE ESTACION DE CONTROL,24-11-2025,0
LAGO RIÑIHUE ESTACION DE CONTROL,25-11-2025,0
LAGO RIÑIHUE ESTACION DE CONTROL,26-11-2025,0.7
LAGO RIÑIHUE ESTACION DE CONTROL,27-11-2025,0.1
LAGO RIÑIHUE ESTACION DE CONTROL,28-11-2025,0
LAGO RIÑIHUE ESTACION DE CONTROL,29-11-2025,13.4
LAGO RIÑIHUE ESTACION DE CONTROL,30-11-2025,14.6
LAGO RIÑIHUE ESTACION DE CONTROL,27-12-2025,0
LAGO RIÑIHUE ESTACION DE CONTROL,28-12-2025,0
LAGO RIÑIHUE ESTACION DE CONTROL,29-12-2025,0
LAGO RIÑIHUE ESTACION DE CONTROL,30-12-2025,0
LAGO RIÑIHUE ESTACION DE CONTROL,31-12-2025,0
LAGO RIÑIHUE ESTACION DE CONTROL,01-01-2026,0
LAGO RIÑIHUE ESTACION DE CONTROL,02-01-2026,0
LAGO RIÑIHUE ESTACION DE CONTROL,03-01-2026,0.1
LAGO RIÑIHUE ESTACION DE CONTROL,04-01-2026,0
LAGO RIÑIHUE ESTACION DE CONTROL,05-01-2026,0.3
LAGO RIÑIHUE ESTACION DE CONTROL,06-01-2026,0
LAGO RIÑIHUE ESTACION DE CONTROL,07-01-2026,0
LAGO RIÑIHUE ESTACION DE CONTROL,08-01-2026,0
LAGO RIÑIHUE ESTACION DE CONTROL,09-01-2026,0
LAGO RIÑIHUE ESTACION DE CONTROL,10-01-2026,0.2
LAGO RIÑIHUE ESTACION DE CONTROL,11-01-2026,0
LAGO RIÑIHUE ESTACION DE CONTROL,12-01-2026,0
LAGO RIÑIHUE ESTACION DE CONTROL,13-01-2026,0
LAGO RIÑIHUE ESTACION DE CONTROL,14-01-2026,0
LAGO RIÑIHUE ESTACION DE CONTROL,15-01-2026,0
LAGO RIÑIHUE ESTACION DE CONTROL,16-01-2026,0
LAGO RIÑIHUE ESTACION DE CONTROL,17-01-2026,0
LAGO RIÑIHUE ESTACION DE CONTROL,18-01-2026,0
LAGO RIÑIHUE ESTACION DE CONTROL,19-01-2026,0
LAGO RIÑIHUE ESTACION DE CONTROL,20-01-2026,0
LAGO RIÑIHUE ESTACION DE CONTROL,21-01-2026,0
LAGO RIÑIHUE ESTACION DE CONTROL,22-01-2026,0
LAGO RIÑIHUE ESTACION DE CONTROL,23-01-2026,0
LAGO RIÑIHUE ESTACION DE CONTROL,24-01-2026,0
LAGO RIÑIHUE ESTACION DE CONTROL,25-01-2026,0
LAGO RIÑIHUE ESTACION DE CONTROL,26-01-2026,0
LAGO RIÑIHUE ESTACION DE CONTROL,27-01-2026,0
LAGO RIÑIHUE ESTACION DE CONTROL,28-01-2026,0
LAGO RIÑIHUE ESTACION DE CONTROL,29-01-2026,0
LAGO RIÑIHUE ESTACION DE CONTROL,30-01-2026,0.2
LAGO RIÑIHUE ESTACION DE CONTROL,31-01-2026,0
LAGO RIÑIHUE ESTACION DE CONTROL,01-02-2026,0
LAGO RIÑIHUE ESTACION DE CONTROL,02-02-2026,0
LAGO RIÑIHUE ESTACION DE CONTROL,03-02-2026,0.1
LAGO RIÑIHUE ESTACION DE CONTROL,04-02-2026,4.3
LAGO RIÑIHUE ESTACION DE CONTROL,05-02-2026,0
LAGO RIÑIHUE ESTACION DE CONTROL,06-02-2026,0
LAGO RIÑIHUE ESTACION DE CONTROL,07-02-2026,0
LAGO RIÑIHUE ESTACION DE CONTROL,08-02-2026,0.1
LAGO RIÑIHUE ESTACION DE CONTROL,09-02-2026,1
LAGO RIÑIHUE ESTACION DE CONTROL,10-02-2026,21.2
LAGO RIÑIHUE ESTACION DE CONTROL,11-02-2026,5.1
LAGO RIÑIHUE ESTACION DE CONTROL,12-02-2026,0
LAGO RIÑIHUE ESTACION DE CONTROL,13-02-2026,4.6
LAGO RIÑIHUE ESTACION DE CONTROL,14-02-2026,0.4
LAGO RIÑIHUE ESTACION DE CONTROL,15-02-2026,0
LAGO RIÑIHUE ESTACION DE CONTROL,16-02-2026,12.6
LAGO RIÑIHUE ESTACION DE CONTROL,17-02-2026,0
LAGO RIÑIHUE ESTACION DE CONTROL,18-02-2026,0
LAGO RIÑIHUE ESTACION DE CONTROL,19-02-2026,0
LAGO RIÑIHUE ESTACION DE CONTROL,20-02-2026,0
LAGO RIÑIHUE ESTACION DE CONTROL,21-02-2026,0.2
LAGO RIÑIHUE ESTACION DE CONTROL,22-02-2026,0
LAGO RIÑIHUE ESTACION DE CONTROL,23-02-2026,0.4
LAGO RIÑIHUE ESTACION DE CONTROL,24-02-2026,0
LAGO RIÑIHUE ESTACION DE CONTROL,25-02-2026,0
LAGO RIÑIHUE ESTACION DE CONTROL,26-02-2026,0
LAGO RIÑIHUE ESTACION DE CONTROL,27-02-2026,12.4
LAGO RIÑIHUE ESTACION DE CONTROL,28-02-2026,23.2
LAGO RIÑIHUE ESTACION DE CONTROL,01-03-2026,15.5
LAGO RIÑIHUE ESTACION DE CONTROL,02-03-2026,6.6
LAGO RIÑIHUE ESTACION DE CONTROL,03-03-2026,5.1
LAGO RIÑIHUE ESTACION DE CONTROL,04-03-2026,0
LAGO RIÑIHUE ESTACION DE CONTROL,05-03-2026,0.1
LAGO RIÑIHUE ESTACION DE CONTROL,06-03-2026,0
LAGO RIÑIHUE ESTACION DE CONTROL,07-03-2026,0
LAGO RIÑIHUE ESTACION DE CONTROL,08-03-2026,0
LAGO RIÑIHUE ESTACION DE CONTROL,09-03-2026,0.1
LAGO RIÑIHUE ESTACION DE CONTROL,10-03-2026,0.1
LAGO RIÑIHUE ESTACION DE CONTROL,11-03-2026,2.8
LAGO RIÑIHUE ESTACION DE CONTROL,12-03-2026,0
LAGO RIÑIHUE ESTACION DE CONTROL,13-03-2026,0
LAGO RIÑIHUE ESTACION DE CONTROL,14-03-2026,44.6
LAGO RIÑIHUE ESTACION DE CONTROL,15-03-2026,13.8
LAGO RIÑIHUE ESTACION DE CONTROL,16-03-2026,41
LAGO RIÑIHUE ESTACION DE CONTROL,17-03-2026,3.7
LAGO RIÑIHUE ESTACION DE CONTROL,18-03-2026,33.4
LAGO RIÑIHUE ESTACION DE CONTROL,19-03-2026,5
LAGO RIÑIHUE ESTACION DE CONTROL,20-03-2026,2.3
LAGO RIÑIHUE ESTACION DE CONTROL,21-03-2026,34.6
LAGO RIÑIHUE ESTACION DE CONTROL,22-03-2026,6.6
LAGO RIÑIHUE ESTACION DE CONTROL,23-03-2026,24.5
LAGO RIÑIHUE ESTACION DE CONTROL,24-03-2026,8.1
LAGO RIÑIHUE ESTACION DE CONTROL,25-03-2026,0.1
LAGO RIÑIHUE ESTACION DE CONTROL,26-03-2026,0
LAGO RIÑIHUE ESTACION DE CONTROL,27-03-2026,0.1
LAGO RIÑIHUE ESTACION DE CONTROL,28-03-2026,0.8
LAGO RIÑIHUE ESTACION DE CONTROL,29-03-2026,0
LAGO RIÑIHUE ESTACION DE CONTROL,30-03-2026,9.4
LAGO RIÑIHUE ESTACION DE CONTROL,31-03-2026,0.4
LAGO RIÑIHUE ESTACION DE CONTROL,01-04-2026,0
LAGO RIÑIHUE ESTACION DE CONTROL,02-04-2026,0
LAGO RIÑIHUE ESTACION DE CONTROL,03-04-2026,0.9
LAGO RIÑIHUE ESTACION DE CONTROL,04-04-2026,0
LAGO RIÑIHUE ESTACION DE CONTROL,05-04-2026,0
LAGO RIÑIHUE ESTACION DE CONTROL,06-04-2026,0.1
LAGO RIÑIHUE ESTACION DE CONTROL,07-04-2026,0
LAGO RIÑIHUE ESTACION DE CONTROL,08-04-2026,0
LAGO RIÑIHUE ESTACION DE CONTROL,09-04-2026,0
LAGO RIÑIHUE ESTACION DE CONTROL,10-04-2026,0
LAGO RIÑIHUE ESTACION DE CONTROL,11-04-2026,10.9
LAGO RIÑIHUE ESTACION DE CONTROL,12-04-2026,0.1
LAGO RIÑIHUE ESTACION DE CONTROL,13-04-2026,11.3
LAGO RIÑIHUE ESTACION DE CONTROL,14-04-2026,12.1
LAGO RIÑIHUE ESTACION DE CONTROL,15-04-2026,1
LAGO RIÑIHUE ESTACION DE CONTROL,16-04-2026,27.6
LAGO RIÑIHUE ESTACION DE CONTROL,17-04-2026,8.2
LAGO RIÑIHUE ESTACION DE CONTROL,18-04-2026,0.8
LAGO RIÑIHUE ESTACION DE CONTROL,19-04-2026,0
LAGO RIÑIHUE ESTACION DE CONTROL,20-04-2026,0.2
LAGO RIÑIHUE ESTACION DE CONTROL,21-04-2026,3.7
LAGO RIÑIHUE ESTACION DE CONTROL,22-04-2026,0.2
LAGO RIÑIHUE ESTACION DE CONTROL,23-04-2026,4.1
LAGO RIÑIHUE ESTACION DE CONTROL,24-04-2026,0.5
LAGO RIÑIHUE ESTACION DE CONTROL,25-04-2026,5.3
LAGO RIÑIHUE ESTACION DE CONTROL,26-04-2026,2.7
LAGO RIÑIHUE ESTACION DE CONTROL,27-04-2026,8.8
LAGO RIÑIHUE ESTACION DE CONTROL,28-04-2026,22.8
LAGO RIÑIHUE ESTACION DE CONTROL,29-04-2026,0
LAGO RIÑIHUE ESTACION DE CONTROL,30-04-2026,5.7
LAGO RIÑIHUE ESTACION DE CONTROL,01-05-2026,0.2
LAGO RIÑIHUE ESTACION DE CONTROL,02-05-2026,6.2
LAGO RIÑIHUE ESTACION DE CONTROL,03-05-2026,20.1
LAGO RIÑIHUE ESTACION DE CONTROL,04-05-2026,22.7
LAGO RIÑIHUE ESTACION DE CONTROL,05-05-2026,36.9
LAGO RIÑIHUE ESTACION DE CONTROL,06-05-2026,8.9
LAGO RIÑIHUE ESTACION DE CONTROL,07-05-2026,15
LAGO RIÑIHUE ESTACION DE CONTROL,08-05-2026,0.4
LAGO RIÑIHUE ESTACION DE CONTROL,09-05-2026,0.2
LAGO RIÑIHUE ESTACION DE CONTROL,10-05-2026,0.1
LAGO RIÑIHUE ESTACION DE CONTROL,11-05-2026,0
LAGO RIÑIHUE ESTACION DE CONTROL,12-05-2026,0
LAGO RIÑIHUE ESTACION DE CONTROL,13-05-2026,2.2
LAGO RIÑIHUE ESTACION DE CONTROL,14-05-2026,0
LAGO RIÑIHUE ESTACION DE CONTROL,15-05-2026,0
LAGO RIÑIHUE ESTACION DE CONTROL,16-05-2026,0
LAGO RIÑIHUE ESTACION DE CONTROL,17-05-2026,0.1
LAGO RIÑIHUE ESTACION DE CONTROL,18-05-2026,0.1
LAGO RIÑIHUE ESTACION DE CONTROL,19-05-2026,0.1
LAGO RIÑIHUE ESTACION DE CONTROL,20-05-2026,0
LAGO RIÑIHUE ESTACION DE CONTROL,21-05-2026,0
LAGO RIÑIHUE ESTACION DE CONTROL,22-05-2026,0
LAGO RIÑIHUE ESTACION DE CONTROL,23-05-2026,0
LAGO RIÑIHUE ESTACION DE CONTROL,24-05-2026,0
LAGO RIÑIHUE ESTACION DE CONTROL,25-05-2026,0.3
LAGO RIÑIHUE ESTACION DE CONTROL,26-05-2026,0
LAGO RIÑIHUE ESTACION DE CONTROL,27-05-2026,2
LAGO RIÑIHUE ESTACION DE CONTROL,28-05-2026,2.2
LAGO RIÑIHUE ESTACION DE CONTROL,29-05-2026,0
LAGO RIÑIHUE ESTACION DE CONTROL,30-05-2026,0
LAGO RIÑIHUE ESTACION DE CONTROL,31-05-2026,0.1
METEOROLOGICA CORRAL,14-12-2022,0
METEOROLOGICA CORRAL,15-12-2022,0
METEOROLOGICA CORRAL,16-12-2022,0
METEOROLOGICA CORRAL,17-12-2022,0
METEOROLOGICA CORRAL,18-12-2022,0
METEOROLOGICA CORRAL,19-12-2022,0.1
METEOROLOGICA CORRAL,20-12-2022,1.5
METEOROLOGICA CORRAL,21-12-2022,18.5
METEOROLOGICA CORRAL,22-12-2022,0.6
METEOROLOGICA CORRAL,23-12-2022,0
METEOROLOGICA CORRAL,24-12-2022,0
METEOROLOGICA CORRAL,25-12-2022,0
METEOROLOGICA CORRAL,26-12-2022,0
METEOROLOGICA CORRAL,27-12-2022,0
METEOROLOGICA CORRAL,28-12-2022,0
METEOROLOGICA CORRAL,29-12-2022,0
METEOROLOGICA CORRAL,31-12-2022,3
METEOROLOGICA CORRAL,01-01-2023,0.4
METEOROLOGICA CORRAL,02-01-2023,0
METEOROLOGICA CORRAL,03-01-2023,0
METEOROLOGICA CORRAL,04-01-2023,0
METEOROLOGICA CORRAL,05-01-2023,0
METEOROLOGICA CORRAL,06-01-2023,0
METEOROLOGICA CORRAL,07-01-2023,0
METEOROLOGICA CORRAL,08-01-2023,4.7
METEOROLOGICA CORRAL,09-01-2023,0.1
METEOROLOGICA CORRAL,10-01-2023,0
METEOROLOGICA CORRAL,11-01-2023,0
METEOROLOGICA CORRAL,12-01-2023,0
METEOROLOGICA CORRAL,13-01-2023,0
METEOROLOGICA CORRAL,14-01-2023,0
METEOROLOGICA CORRAL,15-01-2023,0
METEOROLOGICA CORRAL,16-01-2023,0
METEOROLOGICA CORRAL,17-01-2023,0
METEOROLOGICA CORRAL,18-01-2023,0.4
METEOROLOGICA CORRAL,19-01-2023,0
METEOROLOGICA CORRAL,20-01-2023,0
METEOROLOGICA CORRAL,21-01-2023,0
METEOROLOGICA CORRAL,22-01-2023,17.2
METEOROLOGICA CORRAL,23-01-2023,0
METEOROLOGICA CORRAL,24-01-2023,0
METEOROLOGICA CORRAL,25-01-2023,0
METEOROLOGICA CORRAL,26-01-2023,0
METEOROLOGICA CORRAL,27-01-2023,0
METEOROLOGICA CORRAL,28-01-2023,0
METEOROLOGICA CORRAL,29-01-2023,0
METEOROLOGICA CORRAL,30-01-2023,0
METEOROLOGICA CORRAL,01-02-2023,0
METEOROLOGICA CORRAL,02-02-2023,0
METEOROLOGICA CORRAL,03-02-2023,0
METEOROLOGICA CORRAL,04-02-2023,0
METEOROLOGICA CORRAL,05-02-2023,0
METEOROLOGICA CORRAL,06-02-2023,0
METEOROLOGICA CORRAL,07-02-2023,0
METEOROLOGICA CORRAL,08-02-2023,0
METEOROLOGICA CORRAL,09-02-2023,8.2
METEOROLOGICA CORRAL,10-02-2023,0
METEOROLOGICA CORRAL,11-02-2023,9.6
METEOROLOGICA CORRAL,12-02-2023,1.7
METEOROLOGICA CORRAL,13-02-2023,2.5
METEOROLOGICA CORRAL,14-02-2023,10.7
METEOROLOGICA CORRAL,15-02-2023,0
METEOROLOGICA CORRAL,16-02-2023,0
METEOROLOGICA CORRAL,17-02-2023,0
METEOROLOGICA CORRAL,18-02-2023,0
METEOROLOGICA CORRAL,19-02-2023,0
METEOROLOGICA CORRAL,20-02-2023,0
METEOROLOGICA CORRAL,21-02-2023,0
METEOROLOGICA CORRAL,22-02-2023,0
METEOROLOGICA CORRAL,23-02-2023,0
METEOROLOGICA CORRAL,24-02-2023,5.2
METEOROLOGICA CORRAL,25-02-2023,0
METEOROLOGICA CORRAL,26-02-2023,0
METEOROLOGICA CORRAL,27-02-2023,0
METEOROLOGICA CORRAL,28-02-2023,0
METEOROLOGICA CORRAL,01-03-2023,0
METEOROLOGICA CORRAL,02-03-2023,0
METEOROLOGICA CORRAL,03-03-2023,0
METEOROLOGICA CORRAL,04-03-2023,0
METEOROLOGICA CORRAL,05-03-2023,0
METEOROLOGICA CORRAL,06-03-2023,16.3
METEOROLOGICA CORRAL,07-03-2023,36
METEOROLOGICA CORRAL,08-03-2023,0.1
METEOROLOGICA CORRAL,09-03-2023,0
METEOROLOGICA CORRAL,10-03-2023,1.8
METEOROLOGICA CORRAL,11-03-2023,14
METEOROLOGICA CORRAL,12-03-2023,0
METEOROLOGICA CORRAL,13-03-2023,0.1
METEOROLOGICA CORRAL,14-03-2023,65.7
METEOROLOGICA CORRAL,15-03-2023,8.3
METEOROLOGICA CORRAL,16-03-2023,10.5
METEOROLOGICA CORRAL,17-03-2023,0.1
METEOROLOGICA CORRAL,18-03-2023,0
METEOROLOGICA CORRAL,19-03-2023,0
METEOROLOGICA CORRAL,20-03-2023,0
METEOROLOGICA CORRAL,21-03-2023,0
METEOROLOGICA CORRAL,22-03-2023,0
METEOROLOGICA CORRAL,23-03-2023,0
METEOROLOGICA CORRAL,24-03-2023,0
METEOROLOGICA CORRAL,25-03-2023,0
METEOROLOGICA CORRAL,26-03-2023,0
METEOROLOGICA CORRAL,27-03-2023,36.3
METEOROLOGICA CORRAL,28-03-2023,5.6
METEOROLOGICA CORRAL,29-03-2023,0
METEOROLOGICA CORRAL,30-03-2023,0
METEOROLOGICA CORRAL,31-03-2023,2.1
METEOROLOGICA CORRAL,01-04-2023,4
METEOROLOGICA CORRAL,02-04-2023,0
METEOROLOGICA CORRAL,03-04-2023,0
METEOROLOGICA CORRAL,04-04-2023,0.1
METEOROLOGICA CORRAL,05-04-2023,52.1
METEOROLOGICA CORRAL,06-04-2023,0
METEOROLOGICA CORRAL,07-04-2023,0
METEOROLOGICA CORRAL,08-04-2023,0.1
METEOROLOGICA CORRAL,09-04-2023,0
METEOROLOGICA CORRAL,10-04-2023,29.8
METEOROLOGICA CORRAL,11-04-2023,0.7
METEOROLOGICA CORRAL,12-04-2023,0
METEOROLOGICA CORRAL,13-04-2023,0.1
METEOROLOGICA CORRAL,14-04-2023,0
METEOROLOGICA CORRAL,15-04-2023,0
METEOROLOGICA CORRAL,16-04-2023,0
METEOROLOGICA CORRAL,17-04-2023,29
METEOROLOGICA CORRAL,18-04-2023,13.8
METEOROLOGICA CORRAL,19-04-2023,0
METEOROLOGICA CORRAL,20-04-2023,7.1
METEOROLOGICA CORRAL,21-04-2023,0.1
METEOROLOGICA CORRAL,22-04-2023,0.2
METEOROLOGICA CORRAL,23-04-2023,0
METEOROLOGICA CORRAL,24-04-2023,0
METEOROLOGICA CORRAL,25-04-2023,16.3
METEOROLOGICA CORRAL,26-04-2023,2
METEOROLOGICA CORRAL,27-04-2023,56.3
METEOROLOGICA CORRAL,28-04-2023,34.2
METEOROLOGICA CORRAL,29-04-2023,18.4
METEOROLOGICA CORRAL,30-04-2023,1.7
METEOROLOGICA CORRAL,01-05-2023,0.6
METEOROLOGICA CORRAL,02-05-2023,0
METEOROLOGICA CORRAL,03-05-2023,0
METEOROLOGICA CORRAL,04-05-2023,0.1
METEOROLOGICA CORRAL,05-05-2023,0
METEOROLOGICA CORRAL,06-05-2023,1.2
METEOROLOGICA CORRAL,07-05-2023,0
METEOROLOGICA CORRAL,08-05-2023,0
METEOROLOGICA CORRAL,09-05-2023,0
METEOROLOGICA CORRAL,10-05-2023,2.5
METEOROLOGICA CORRAL,11-05-2023,15.2
METEOROLOGICA CORRAL,12-05-2023,20.8
METEOROLOGICA CORRAL,13-05-2023,1.1
METEOROLOGICA CORRAL,14-05-2023,0.1
METEOROLOGICA CORRAL,15-05-2023,27.1
METEOROLOGICA CORRAL,16-05-2023,0.1
METEOROLOGICA CORRAL,17-05-2023,33.7
METEOROLOGICA CORRAL,18-05-2023,18.6
METEOROLOGICA CORRAL,19-05-2023,0.1
METEOROLOGICA CORRAL,20-05-2023,64.9
METEOROLOGICA CORRAL,21-05-2023,14.2
METEOROLOGICA CORRAL,22-05-2023,20.2
METEOROLOGICA CORRAL,23-05-2023,26.9
METEOROLOGICA CORRAL,24-05-2023,9.3
METEOROLOGICA CORRAL,25-05-2023,30.8
METEOROLOGICA CORRAL,26-05-2023,2
METEOROLOGICA CORRAL,27-05-2023,0
METEOROLOGICA CORRAL,28-05-2023,0
METEOROLOGICA CORRAL,29-05-2023,0.5
METEOROLOGICA CORRAL,30-05-2023,49.3
METEOROLOGICA CORRAL,31-05-2023,3
METEOROLOGICA CORRAL,01-06-2023,25.2
METEOROLOGICA CORRAL,02-06-2023,22.6
METEOROLOGICA CORRAL,03-06-2023,5.4
METEOROLOGICA CORRAL,04-06-2023,0.4
METEOROLOGICA CORRAL,05-06-2023,79.8
METEOROLOGICA CORRAL,06-06-2023,0
METEOROLOGICA CORRAL,07-06-2023,50.4
METEOROLOGICA CORRAL,08-06-2023,18.4
METEOROLOGICA CORRAL,09-06-2023,15.2
METEOROLOGICA CORRAL,10-06-2023,1
METEOROLOGICA CORRAL,11-06-2023,0.1
METEOROLOGICA CORRAL,12-06-2023,0
METEOROLOGICA CORRAL,13-06-2023,0
METEOROLOGICA CORRAL,14-06-2023,4.9
METEOROLOGICA CORRAL,15-06-2023,0
METEOROLOGICA CORRAL,16-06-2023,0.1
METEOROLOGICA CORRAL,17-06-2023,0
METEOROLOGICA CORRAL,18-06-2023,0.1
METEOROLOGICA CORRAL,19-06-2023,3.3
METEOROLOGICA CORRAL,20-06-2023,3.7
METEOROLOGICA CORRAL,21-06-2023,63.2
METEOROLOGICA CORRAL,22-06-2023,47.2
METEOROLOGICA CORRAL,23-06-2023,46.1
METEOROLOGICA CORRAL,24-06-2023,25.8
METEOROLOGICA CORRAL,25-06-2023,3.2
METEOROLOGICA CORRAL,26-06-2023,22
METEOROLOGICA CORRAL,27-06-2023,3.7
METEOROLOGICA CORRAL,28-06-2023,5.7
METEOROLOGICA CORRAL,29-06-2023,11.6
METEOROLOGICA CORRAL,30-06-2023,7.5
METEOROLOGICA CORRAL,01-07-2023,13.6
METEOROLOGICA CORRAL,02-07-2023,8.3
METEOROLOGICA CORRAL,03-07-2023,18.2
METEOROLOGICA CORRAL,04-07-2023,22.2
METEOROLOGICA CORRAL,05-07-2023,6
METEOROLOGICA CORRAL,06-07-2023,3
METEOROLOGICA CORRAL,07-07-2023,37.3
METEOROLOGICA CORRAL,08-07-2023,8.3
METEOROLOGICA CORRAL,09-07-2023,18.3
METEOROLOGICA CORRAL,10-07-2023,0
METEOROLOGICA CORRAL,11-07-2023,0
METEOROLOGICA CORRAL,12-07-2023,4
METEOROLOGICA CORRAL,13-07-2023,11.6
METEOROLOGICA CORRAL,14-07-2023,13
METEOROLOGICA CORRAL,15-07-2023,1.7
METEOROLOGICA CORRAL,16-07-2023,0.1
METEOROLOGICA CORRAL,17-07-2023,0
METEOROLOGICA CORRAL,18-07-2023,81.2
METEOROLOGICA CORRAL,19-07-2023,34.1
METEOROLOGICA CORRAL,20-07-2023,23.8
METEOROLOGICA CORRAL,21-07-2023,10.4
METEOROLOGICA CORRAL,22-07-2023,5.1
METEOROLOGICA CORRAL,23-07-2023,2.3
METEOROLOGICA CORRAL,24-07-2023,51.3
METEOROLOGICA CORRAL,25-07-2023,10.2
METEOROLOGICA CORRAL,26-07-2023,10.5
METEOROLOGICA CORRAL,27-07-2023,8.6
METEOROLOGICA CORRAL,28-07-2023,29.4
METEOROLOGICA CORRAL,29-07-2023,14
METEOROLOGICA CORRAL,30-07-2023,2.3
METEOROLOGICA CORRAL,31-07-2023,20.5
METEOROLOGICA CORRAL,01-08-2023,2.7
METEOROLOGICA CORRAL,02-08-2023,0
METEOROLOGICA CORRAL,03-08-2023,0
METEOROLOGICA CORRAL,04-08-2023,0
METEOROLOGICA CORRAL,05-08-2023,0
METEOROLOGICA CORRAL,06-08-2023,0
METEOROLOGICA CORRAL,07-08-2023,0
METEOROLOGICA CORRAL,08-08-2023,36.4
METEOROLOGICA CORRAL,09-08-2023,52.2
METEOROLOGICA CORRAL,10-08-2023,17.4
METEOROLOGICA CORRAL,11-08-2023,0.1
METEOROLOGICA CORRAL,12-08-2023,9.4
METEOROLOGICA CORRAL,13-08-2023,53.3
METEOROLOGICA CORRAL,14-08-2023,54.8
METEOROLOGICA CORRAL,15-08-2023,20.5
METEOROLOGICA CORRAL,16-08-2023,5.7
METEOROLOGICA CORRAL,17-08-2023,1.4
METEOROLOGICA CORRAL,18-08-2023,11.2
METEOROLOGICA CORRAL,19-08-2023,24.6
METEOROLOGICA CORRAL,20-08-2023,43.1
METEOROLOGICA CORRAL,21-08-2023,13.4
METEOROLOGICA CORRAL,22-08-2023,7.2
METEOROLOGICA CORRAL,23-08-2023,2.2
METEOROLOGICA CORRAL,24-08-2023,0
METEOROLOGICA CORRAL,25-08-2023,0
METEOROLOGICA CORRAL,26-08-2023,0
METEOROLOGICA CORRAL,27-08-2023,23.2
METEOROLOGICA CORRAL,28-08-2023,0.4
METEOROLOGICA CORRAL,29-08-2023,23.3
METEOROLOGICA CORRAL,30-08-2023,6.7
METEOROLOGICA CORRAL,31-08-2023,60
METEOROLOGICA CORRAL,01-09-2023,0.3
METEOROLOGICA CORRAL,02-09-2023,0
METEOROLOGICA CORRAL,03-09-2023,0.6
METEOROLOGICA CORRAL,04-09-2023,0.7
METEOROLOGICA CORRAL,05-09-2023,52
METEOROLOGICA CORRAL,06-09-2023,19.6
METEOROLOGICA CORRAL,07-09-2023,31.4
METEOROLOGICA CORRAL,08-09-2023,24.2
METEOROLOGICA CORRAL,09-09-2023,0.6
METEOROLOGICA CORRAL,10-09-2023,17.6
METEOROLOGICA CORRAL,11-09-2023,6.5
METEOROLOGICA CORRAL,12-09-2023,7.5
METEOROLOGICA CORRAL,13-09-2023,127.4
METEOROLOGICA CORRAL,14-09-2023,116
METEOROLOGICA CORRAL,15-09-2023,3
METEOROLOGICA CORRAL,16-09-2023,6.1
METEOROLOGICA CORRAL,17-09-2023,0.2
METEOROLOGICA CORRAL,18-09-2023,0
METEOROLOGICA CORRAL,19-09-2023,0.1
METEOROLOGICA CORRAL,20-09-2023,0.6
METEOROLOGICA CORRAL,21-09-2023,27.7
METEOROLOGICA CORRAL,22-09-2023,0.2
METEOROLOGICA CORRAL,23-09-2023,0
METEOROLOGICA CORRAL,24-09-2023,0
METEOROLOGICA CORRAL,25-09-2023,0
METEOROLOGICA CORRAL,26-09-2023,4.5
METEOROLOGICA CORRAL,27-09-2023,23.3
METEOROLOGICA CORRAL,28-09-2023,0
METEOROLOGICA CORRAL,29-09-2023,0
METEOROLOGICA CORRAL,30-09-2023,0
METEOROLOGICA CORRAL,01-10-2023,5.8
METEOROLOGICA CORRAL,02-10-2023,9.9
METEOROLOGICA CORRAL,03-10-2023,0
METEOROLOGICA CORRAL,04-10-2023,0
METEOROLOGICA CORRAL,05-10-2023,7.2
METEOROLOGICA CORRAL,06-10-2023,0.4
METEOROLOGICA CORRAL,07-10-2023,1.5
METEOROLOGICA CORRAL,08-10-2023,2.2
METEOROLOGICA CORRAL,09-10-2023,0.9
METEOROLOGICA CORRAL,10-10-2023,0
METEOROLOGICA CORRAL,11-10-2023,0
METEOROLOGICA CORRAL,12-10-2023,0
METEOROLOGICA CORRAL,13-10-2023,0
METEOROLOGICA CORRAL,14-10-2023,0
METEOROLOGICA CORRAL,15-10-2023,0
METEOROLOGICA CORRAL,16-10-2023,0
METEOROLOGICA CORRAL,17-10-2023,0
METEOROLOGICA CORRAL,18-10-2023,0
METEOROLOGICA CORRAL,19-10-2023,0
METEOROLOGICA CORRAL,20-10-2023,0
METEOROLOGICA CORRAL,21-10-2023,0
METEOROLOGICA CORRAL,22-10-2023,0
METEOROLOGICA CORRAL,23-10-2023,0
METEOROLOGICA CORRAL,24-10-2023,0
METEOROLOGICA CORRAL,25-10-2023,0
METEOROLOGICA CORRAL,26-10-2023,7.7
METEOROLOGICA CORRAL,27-10-2023,44.2
METEOROLOGICA CORRAL,28-10-2023,11.9
METEOROLOGICA CORRAL,29-10-2023,7.6
METEOROLOGICA CORRAL,30-10-2023,5.6
METEOROLOGICA CORRAL,31-10-2023,0
METEOROLOGICA CORRAL,01-11-2023,0
METEOROLOGICA CORRAL,02-11-2023,0
METEOROLOGICA CORRAL,03-11-2023,0
METEOROLOGICA CORRAL,04-11-2023,8.2
METEOROLOGICA CORRAL,05-11-2023,15.4
METEOROLOGICA CORRAL,06-11-2023,67.1
METEOROLOGICA CORRAL,07-11-2023,3.4
METEOROLOGICA CORRAL,08-11-2023,0.7
METEOROLOGICA CORRAL,09-11-2023,0
METEOROLOGICA CORRAL,10-11-2023,45.4
METEOROLOGICA CORRAL,11-11-2023,3.7
METEOROLOGICA CORRAL,12-11-2023,1.8
METEOROLOGICA CORRAL,13-11-2023,10
METEOROLOGICA CORRAL,14-11-2023,2.2
METEOROLOGICA CORRAL,15-11-2023,14.3
METEOROLOGICA CORRAL,16-11-2023,78.8
METEOROLOGICA CORRAL,17-11-2023,15.7
METEOROLOGICA CORRAL,18-11-2023,45.7
METEOROLOGICA CORRAL,19-11-2023,19.2
METEOROLOGICA CORRAL,20-11-2023,1.5
METEOROLOGICA CORRAL,21-11-2023,0.1
METEOROLOGICA CORRAL,22-11-2023,1
METEOROLOGICA CORRAL,23-11-2023,0
METEOROLOGICA CORRAL,24-11-2023,0
METEOROLOGICA CORRAL,25-11-2023,0
METEOROLOGICA CORRAL,26-11-2023,0
METEOROLOGICA CORRAL,27-11-2023,0.7
METEOROLOGICA CORRAL,28-11-2023,0
METEOROLOGICA CORRAL,29-11-2023,1.2
METEOROLOGICA CORRAL,30-11-2023,4.4
METEOROLOGICA CORRAL,01-12-2023,4.5
METEOROLOGICA CORRAL,02-12-2023,0
METEOROLOGICA CORRAL,03-12-2023,0.1
METEOROLOGICA CORRAL,04-12-2023,0
METEOROLOGICA CORRAL,05-12-2023,0
METEOROLOGICA CORRAL,06-12-2023,0
METEOROLOGICA CORRAL,07-12-2023,0
METEOROLOGICA CORRAL,08-12-2023,0
METEOROLOGICA CORRAL,09-12-2023,0
METEOROLOGICA CORRAL,10-12-2023,0
METEOROLOGICA CORRAL,11-12-2023,1.6
METEOROLOGICA CORRAL,12-12-2023,0
METEOROLOGICA CORRAL,13-12-2023,0
METEOROLOGICA CORRAL,14-12-2023,0
METEOROLOGICA CORRAL,15-12-2023,0
METEOROLOGICA CORRAL,16-12-2023,19.4
METEOROLOGICA CORRAL,17-12-2023,0.1
METEOROLOGICA CORRAL,18-12-2023,0
METEOROLOGICA CORRAL,19-12-2023,0
METEOROLOGICA CORRAL,20-12-2023,0
METEOROLOGICA CORRAL,21-12-2023,0
METEOROLOGICA CORRAL,22-12-2023,0
METEOROLOGICA CORRAL,23-12-2023,0
METEOROLOGICA CORRAL,24-12-2023,0
METEOROLOGICA CORRAL,25-12-2023,0
METEOROLOGICA CORRAL,26-12-2023,0
METEOROLOGICA CORRAL,27-12-2023,0
METEOROLOGICA CORRAL,28-12-2023,0
METEOROLOGICA CORRAL,29-12-2023,0
METEOROLOGICA CORRAL,30-12-2023,0
METEOROLOGICA CORRAL,31-12-2023,0
METEOROLOGICA CORRAL,01-01-2024,0
METEOROLOGICA CORRAL,02-01-2024,0
METEOROLOGICA CORRAL,03-01-2024,0
METEOROLOGICA CORRAL,04-01-2024,0
METEOROLOGICA CORRAL,05-01-2024,38.2
METEOROLOGICA CORRAL,06-01-2024,1.8
METEOROLOGICA CORRAL,07-01-2024,0
METEOROLOGICA CORRAL,08-01-2024,0
METEOROLOGICA CORRAL,09-01-2024,0
METEOROLOGICA CORRAL,10-01-2024,0
METEOROLOGICA CORRAL,11-01-2024,0
METEOROLOGICA CORRAL,12-01-2024,0
METEOROLOGICA CORRAL,13-01-2024,0
METEOROLOGICA CORRAL,14-01-2024,0.5
METEOROLOGICA CORRAL,15-01-2024,0
METEOROLOGICA CORRAL,16-01-2024,0
METEOROLOGICA CORRAL,17-01-2024,0.5
METEOROLOGICA CORRAL,18-01-2024,0
METEOROLOGICA CORRAL,19-01-2024,0
METEOROLOGICA CORRAL,20-01-2024,0
METEOROLOGICA CORRAL,21-01-2024,0
METEOROLOGICA CORRAL,22-01-2024,0
METEOROLOGICA CORRAL,23-01-2024,0
METEOROLOGICA CORRAL,24-01-2024,0
METEOROLOGICA CORRAL,25-01-2024,0
METEOROLOGICA CORRAL,26-01-2024,0
METEOROLOGICA CORRAL,27-01-2024,0
METEOROLOGICA CORRAL,28-01-2024,0
METEOROLOGICA CORRAL,29-01-2024,0
METEOROLOGICA CORRAL,30-01-2024,0
METEOROLOGICA CORRAL,31-01-2024,0
METEOROLOGICA CORRAL,01-02-2024,2
METEOROLOGICA CORRAL,02-02-2024,3.1
METEOROLOGICA CORRAL,03-02-2024,0
METEOROLOGICA CORRAL,04-02-2024,0
METEOROLOGICA CORRAL,05-02-2024,4.7
METEOROLOGICA CORRAL,06-02-2024,61.6
METEOROLOGICA CORRAL,07-02-2024,0.1
METEOROLOGICA CORRAL,08-02-2024,0
METEOROLOGICA CORRAL,09-02-2024,0
METEOROLOGICA CORRAL,10-02-2024,0
METEOROLOGICA CORRAL,11-02-2024,0
METEOROLOGICA CORRAL,12-02-2024,0
METEOROLOGICA CORRAL,13-02-2024,0
METEOROLOGICA CORRAL,14-02-2024,0
METEOROLOGICA CORRAL,15-02-2024,0
METEOROLOGICA CORRAL,16-02-2024,0.4
METEOROLOGICA CORRAL,17-02-2024,0
METEOROLOGICA CORRAL,18-02-2024,0
METEOROLOGICA CORRAL,19-02-2024,0
METEOROLOGICA CORRAL,20-02-2024,0
METEOROLOGICA CORRAL,21-02-2024,0.1
METEOROLOGICA CORRAL,22-02-2024,0.1
METEOROLOGICA CORRAL,23-02-2024,0
METEOROLOGICA CORRAL,24-02-2024,0
METEOROLOGICA CORRAL,25-02-2024,0
METEOROLOGICA CORRAL,26-02-2024,0
METEOROLOGICA CORRAL,27-02-2024,3.7
METEOROLOGICA CORRAL,28-02-2024,0.1
METEOROLOGICA CORRAL,29-02-2024,0
METEOROLOGICA CORRAL,01-03-2024,0
METEOROLOGICA CORRAL,02-03-2024,0
METEOROLOGICA CORRAL,03-03-2024,0
METEOROLOGICA CORRAL,04-03-2024,0
METEOROLOGICA CORRAL,05-03-2024,0
METEOROLOGICA CORRAL,06-03-2024,0
METEOROLOGICA CORRAL,07-03-2024,22
METEOROLOGICA CORRAL,08-03-2024,1.4
METEOROLOGICA CORRAL,09-03-2024,1.2
METEOROLOGICA CORRAL,10-03-2024,0
METEOROLOGICA CORRAL,11-03-2024,17.2
METEOROLOGICA CORRAL,12-03-2024,0
METEOROLOGICA CORRAL,13-03-2024,19.3
METEOROLOGICA CORRAL,14-03-2024,0.1
METEOROLOGICA CORRAL,15-03-2024,12.3
METEOROLOGICA CORRAL,16-03-2024,0
METEOROLOGICA CORRAL,17-03-2024,0
METEOROLOGICA CORRAL,18-03-2024,0
METEOROLOGICA CORRAL,19-03-2024,39.7
METEOROLOGICA CORRAL,21-03-2024,2.6
METEOROLOGICA CORRAL,22-03-2024,39.9
METEOROLOGICA CORRAL,23-03-2024,1.1
METEOROLOGICA CORRAL,24-03-2024,0.1
METEOROLOGICA CORRAL,25-03-2024,0.2
METEOROLOGICA CORRAL,26-03-2024,0
METEOROLOGICA CORRAL,27-03-2024,0
METEOROLOGICA CORRAL,28-03-2024,1.9
METEOROLOGICA CORRAL,29-03-2024,0.1
METEOROLOGICA CORRAL,30-03-2024,0
METEOROLOGICA CORRAL,31-03-2024,0
METEOROLOGICA CORRAL,01-04-2024,26.6
METEOROLOGICA CORRAL,02-04-2024,9.8
METEOROLOGICA CORRAL,03-04-2024,13.1
METEOROLOGICA CORRAL,04-04-2024,6.9
METEOROLOGICA CORRAL,05-04-2024,0
METEOROLOGICA CORRAL,06-04-2024,3.8
METEOROLOGICA CORRAL,07-04-2024,0
METEOROLOGICA CORRAL,08-04-2024,0
METEOROLOGICA CORRAL,09-04-2024,0
METEOROLOGICA CORRAL,10-04-2024,0
METEOROLOGICA CORRAL,11-04-2024,0
METEOROLOGICA CORRAL,12-04-2024,0
METEOROLOGICA CORRAL,13-04-2024,0
METEOROLOGICA CORRAL,14-04-2024,0
METEOROLOGICA CORRAL,15-04-2024,0
METEOROLOGICA CORRAL,16-04-2024,0
METEOROLOGICA CORRAL,17-04-2024,0
METEOROLOGICA CORRAL,18-04-2024,11.7
METEOROLOGICA CORRAL,19-04-2024,0
METEOROLOGICA CORRAL,20-04-2024,0.1
METEOROLOGICA CORRAL,21-04-2024,7.8
METEOROLOGICA CORRAL,22-04-2024,1.6
METEOROLOGICA CORRAL,23-04-2024,0.6
METEOROLOGICA CORRAL,24-04-2024,30.5
METEOROLOGICA CORRAL,25-04-2024,20.5
METEOROLOGICA CORRAL,26-04-2024,8.1
METEOROLOGICA CORRAL,27-04-2024,17.5
METEOROLOGICA CORRAL,28-04-2024,56.9
METEOROLOGICA CORRAL,29-04-2024,17.3
METEOROLOGICA CORRAL,30-04-2024,5.1
METEOROLOGICA CORRAL,01-05-2024,0.4
METEOROLOGICA CORRAL,02-05-2024,5.7
METEOROLOGICA CORRAL,03-05-2024,70.9
METEOROLOGICA CORRAL,04-05-2024,11.5
METEOROLOGICA CORRAL,05-05-2024,39
METEOROLOGICA CORRAL,06-05-2024,23.5
METEOROLOGICA CORRAL,07-05-2024,1.4
METEOROLOGICA CORRAL,08-05-2024,31.8
METEOROLOGICA CORRAL,09-05-2024,3.4
METEOROLOGICA CORRAL,10-05-2024,1.8
METEOROLOGICA CORRAL,11-05-2024,0.9
METEOROLOGICA CORRAL,12-05-2024,0.1
METEOROLOGICA CORRAL,13-05-2024,0
METEOROLOGICA CORRAL,14-05-2024,0
METEOROLOGICA CORRAL,15-05-2024,0
METEOROLOGICA CORRAL,16-05-2024,0.3
METEOROLOGICA CORRAL,17-05-2024,0
METEOROLOGICA CORRAL,18-05-2024,13.9
METEOROLOGICA CORRAL,19-05-2024,51.1
METEOROLOGICA CORRAL,20-05-2024,19.8
METEOROLOGICA CORRAL,21-05-2024,0.1
METEOROLOGICA CORRAL,22-05-2024,0
METEOROLOGICA CORRAL,23-05-2024,0
METEOROLOGICA CORRAL,24-05-2024,0
METEOROLOGICA CORRAL,25-05-2024,0
METEOROLOGICA CORRAL,26-05-2024,0
METEOROLOGICA CORRAL,27-05-2024,0
METEOROLOGICA CORRAL,28-05-2024,27.4
METEOROLOGICA CORRAL,29-05-2024,2.4
METEOROLOGICA CORRAL,30-05-2024,6.9
METEOROLOGICA CORRAL,31-05-2024,34.4
METEOROLOGICA CORRAL,01-06-2024,8.9
METEOROLOGICA CORRAL,02-06-2024,0
METEOROLOGICA CORRAL,03-06-2024,3.6
METEOROLOGICA CORRAL,04-06-2024,38.5
METEOROLOGICA CORRAL,05-06-2024,42.7
METEOROLOGICA CORRAL,06-06-2024,10.6
METEOROLOGICA CORRAL,07-06-2024,14.4
METEOROLOGICA CORRAL,08-06-2024,48.7
METEOROLOGICA CORRAL,09-06-2024,15.3
METEOROLOGICA CORRAL,10-06-2024,29.9
METEOROLOGICA CORRAL,11-06-2024,62.9
METEOROLOGICA CORRAL,12-06-2024,60.1
METEOROLOGICA CORRAL,13-06-2024,12.3
METEOROLOGICA CORRAL,14-06-2024,4.6
METEOROLOGICA CORRAL,15-06-2024,0
METEOROLOGICA CORRAL,16-06-2024,33.9
METEOROLOGICA CORRAL,17-06-2024,18.8
METEOROLOGICA CORRAL,18-06-2024,7.6
METEOROLOGICA CORRAL,19-06-2024,23.4
METEOROLOGICA CORRAL,20-06-2024,23.9
METEOROLOGICA CORRAL,21-06-2024,40.4
METEOROLOGICA CORRAL,22-06-2024,15.7
METEOROLOGICA CORRAL,23-06-2024,12.2
METEOROLOGICA CORRAL,24-06-2024,0
METEOROLOGICA CORRAL,25-06-2024,109.4
METEOROLOGICA CORRAL,26-06-2024,117
METEOROLOGICA CORRAL,27-06-2024,1.4
METEOROLOGICA CORRAL,28-06-2024,0.1
METEOROLOGICA CORRAL,29-06-2024,34.5
METEOROLOGICA CORRAL,30-06-2024,25.1
METEOROLOGICA CORRAL,01-07-2024,46.1
METEOROLOGICA CORRAL,02-07-2024,1.7
METEOROLOGICA CORRAL,03-07-2024,9.2
METEOROLOGICA CORRAL,04-07-2024,1.5
METEOROLOGICA CORRAL,05-07-2024,0.1
METEOROLOGICA CORRAL,06-07-2024,0.1
METEOROLOGICA CORRAL,07-07-2024,0
METEOROLOGICA CORRAL,08-07-2024,0
METEOROLOGICA CORRAL,09-07-2024,0
METEOROLOGICA CORRAL,10-07-2024,0.1
METEOROLOGICA CORRAL,11-07-2024,0
METEOROLOGICA CORRAL,12-07-2024,0
METEOROLOGICA CORRAL,13-07-2024,0.1
METEOROLOGICA CORRAL,14-07-2024,0
METEOROLOGICA CORRAL,15-07-2024,12.2
METEOROLOGICA CORRAL,16-07-2024,0
METEOROLOGICA CORRAL,17-07-2024,29.1
METEOROLOGICA CORRAL,18-07-2024,0
METEOROLOGICA CORRAL,19-07-2024,0
METEOROLOGICA CORRAL,20-07-2024,0
METEOROLOGICA CORRAL,21-07-2024,0
METEOROLOGICA CORRAL,22-07-2024,0
METEOROLOGICA CORRAL,23-07-2024,6
METEOROLOGICA CORRAL,24-07-2024,36.4
METEOROLOGICA CORRAL,25-07-2024,0
METEOROLOGICA CORRAL,26-07-2024,3
METEOROLOGICA CORRAL,27-07-2024,0
METEOROLOGICA CORRAL,28-07-2024,0
METEOROLOGICA CORRAL,29-07-2024,0
METEOROLOGICA CORRAL,30-07-2024,0
METEOROLOGICA CORRAL,31-07-2024,76.2
METEOROLOGICA CORRAL,01-08-2024,67.8
METEOROLOGICA CORRAL,02-08-2024,10.8
METEOROLOGICA CORRAL,03-08-2024,8.6
METEOROLOGICA CORRAL,04-08-2024,13.4
METEOROLOGICA CORRAL,05-08-2024,13.1
METEOROLOGICA CORRAL,06-08-2024,0.1
METEOROLOGICA CORRAL,07-08-2024,0
METEOROLOGICA CORRAL,08-08-2024,0
METEOROLOGICA CORRAL,09-08-2024,39.2
METEOROLOGICA CORRAL,10-08-2024,0.5
METEOROLOGICA CORRAL,11-08-2024,0.1
METEOROLOGICA CORRAL,12-08-2024,0
METEOROLOGICA CORRAL,13-08-2024,28.2
METEOROLOGICA CORRAL,14-08-2024,0.6
METEOROLOGICA CORRAL,15-08-2024,0.1
METEOROLOGICA CORRAL,16-08-2024,0
METEOROLOGICA CORRAL,17-08-2024,5.5
METEOROLOGICA CORRAL,18-08-2024,0.1
METEOROLOGICA CORRAL,19-08-2024,0
METEOROLOGICA CORRAL,20-08-2024,2.1
METEOROLOGICA CORRAL,21-08-2024,0
METEOROLOGICA CORRAL,22-08-2024,0
METEOROLOGICA CORRAL,23-08-2024,0
METEOROLOGICA CORRAL,24-08-2024,0
METEOROLOGICA CORRAL,25-08-2024,8.4
METEOROLOGICA CORRAL,26-08-2024,6.9
METEOROLOGICA CORRAL,27-08-2024,0
METEOROLOGICA CORRAL,28-08-2024,0
METEOROLOGICA CORRAL,29-08-2024,0
METEOROLOGICA CORRAL,30-08-2024,0
METEOROLOGICA CORRAL,31-08-2024,0
METEOROLOGICA CORRAL,01-10-2024,0
METEOROLOGICA CORRAL,02-10-2024,3.1
METEOROLOGICA CORRAL,03-10-2024,0
METEOROLOGICA CORRAL,04-10-2024,0
METEOROLOGICA CORRAL,05-10-2024,0
METEOROLOGICA CORRAL,06-10-2024,0
METEOROLOGICA CORRAL,07-10-2024,0
METEOROLOGICA CORRAL,08-10-2024,0
METEOROLOGICA CORRAL,09-10-2024,0
METEOROLOGICA CORRAL,10-10-2024,33.7
METEOROLOGICA CORRAL,11-10-2024,0
METEOROLOGICA CORRAL,12-10-2024,0
METEOROLOGICA CORRAL,13-10-2024,0
METEOROLOGICA CORRAL,14-10-2024,0
METEOROLOGICA CORRAL,15-10-2024,0
METEOROLOGICA CORRAL,16-10-2024,25.5
METEOROLOGICA CORRAL,17-10-2024,0.6
METEOROLOGICA CORRAL,18-10-2024,0.1
METEOROLOGICA CORRAL,19-10-2024,5.4
METEOROLOGICA CORRAL,20-10-2024,5.6
METEOROLOGICA CORRAL,21-10-2024,4.1
METEOROLOGICA CORRAL,22-10-2024,0
METEOROLOGICA CORRAL,23-10-2024,0.8
METEOROLOGICA CORRAL,24-10-2024,3.1
METEOROLOGICA CORRAL,25-10-2024,0
METEOROLOGICA CORRAL,26-10-2024,0
METEOROLOGICA CORRAL,27-10-2024,0
METEOROLOGICA CORRAL,28-10-2024,0
METEOROLOGICA CORRAL,29-10-2024,0
METEOROLOGICA CORRAL,30-10-2024,0
METEOROLOGICA CORRAL,31-10-2024,1
METEOROLOGICA CORRAL,01-11-2024,15.3
METEOROLOGICA CORRAL,02-11-2024,0
METEOROLOGICA CORRAL,03-11-2024,26.7
METEOROLOGICA CORRAL,04-11-2024,8.2
METEOROLOGICA CORRAL,05-11-2024,3.1
METEOROLOGICA CORRAL,06-11-2024,0
METEOROLOGICA CORRAL,07-11-2024,1.7
METEOROLOGICA CORRAL,08-11-2024,65.7
METEOROLOGICA CORRAL,09-11-2024,1.7
METEOROLOGICA CORRAL,10-11-2024,11.4
METEOROLOGICA CORRAL,11-11-2024,0.2
METEOROLOGICA CORRAL,12-11-2024,0
METEOROLOGICA CORRAL,13-11-2024,0
METEOROLOGICA CORRAL,14-11-2024,25.3
METEOROLOGICA CORRAL,15-11-2024,2.7
METEOROLOGICA CORRAL,16-11-2024,0
METEOROLOGICA CORRAL,17-11-2024,0
METEOROLOGICA CORRAL,18-11-2024,0
METEOROLOGICA CORRAL,19-11-2024,0
METEOROLOGICA CORRAL,20-11-2024,0
METEOROLOGICA CORRAL,21-11-2024,0
METEOROLOGICA CORRAL,22-11-2024,7.4
METEOROLOGICA CORRAL,23-11-2024,5
METEOROLOGICA CORRAL,24-11-2024,0.1
METEOROLOGICA CORRAL,25-11-2024,21.9
METEOROLOGICA CORRAL,26-11-2024,5.1
METEOROLOGICA CORRAL,27-11-2024,6
METEOROLOGICA CORRAL,28-11-2024,0
METEOROLOGICA CORRAL,29-11-2024,0
METEOROLOGICA CORRAL,30-11-2024,0.7
METEOROLOGICA CORRAL,01-12-2024,5
METEOROLOGICA CORRAL,02-12-2024,0
METEOROLOGICA CORRAL,03-12-2024,0
METEOROLOGICA CORRAL,04-12-2024,19.9
METEOROLOGICA CORRAL,05-12-2024,5.8
METEOROLOGICA CORRAL,06-12-2024,1.6
METEOROLOGICA CORRAL,07-12-2024,0
METEOROLOGICA CORRAL,08-12-2024,0
METEOROLOGICA CORRAL,09-12-2024,0
METEOROLOGICA CORRAL,10-12-2024,0
METEOROLOGICA CORRAL,11-12-2024,0
METEOROLOGICA CORRAL,12-12-2024,0
METEOROLOGICA CORRAL,13-12-2024,0
METEOROLOGICA CORRAL,14-12-2024,0
METEOROLOGICA CORRAL,15-12-2024,0
METEOROLOGICA CORRAL,16-12-2024,0
METEOROLOGICA CORRAL,17-12-2024,0.9
METEOROLOGICA CORRAL,18-12-2024,0
METEOROLOGICA CORRAL,19-12-2024,22.2
METEOROLOGICA CORRAL,20-12-2024,0.4
METEOROLOGICA CORRAL,21-12-2024,0
METEOROLOGICA CORRAL,22-12-2024,0
METEOROLOGICA CORRAL,23-12-2024,0
METEOROLOGICA CORRAL,24-12-2024,0
METEOROLOGICA CORRAL,25-12-2024,0
METEOROLOGICA CORRAL,26-12-2024,0
METEOROLOGICA CORRAL,27-12-2024,0
METEOROLOGICA CORRAL,28-12-2024,0
METEOROLOGICA CORRAL,29-12-2024,0.1
METEOROLOGICA CORRAL,30-12-2024,2.7
METEOROLOGICA CORRAL,31-12-2024,0
METEOROLOGICA CORRAL,01-08-2025,38.7
METEOROLOGICA CORRAL,02-08-2025,10.4
METEOROLOGICA CORRAL,03-08-2025,4.6
METEOROLOGICA CORRAL,04-08-2025,16.4
METEOROLOGICA CORRAL,05-08-2025,17
METEOROLOGICA CORRAL,06-08-2025,0.2
METEOROLOGICA CORRAL,07-08-2025,0
METEOROLOGICA CORRAL,08-08-2025,0.1
METEOROLOGICA CORRAL,09-08-2025,11.1
METEOROLOGICA CORRAL,10-08-2025,27.2
METEOROLOGICA CORRAL,11-08-2025,41.3
METEOROLOGICA CORRAL,12-08-2025,2.8
METEOROLOGICA CORRAL,13-08-2025,0.1
METEOROLOGICA CORRAL,14-08-2025,0
METEOROLOGICA CORRAL,15-08-2025,0
METEOROLOGICA CORRAL,16-08-2025,0
METEOROLOGICA CORRAL,17-08-2025,0
METEOROLOGICA CORRAL,18-08-2025,7.4
METEOROLOGICA CORRAL,19-08-2025,28.9
METEOROLOGICA CORRAL,20-08-2025,17.8
METEOROLOGICA CORRAL,21-08-2025,13.6
METEOROLOGICA CORRAL,22-08-2025,10.4
METEOROLOGICA CORRAL,23-08-2025,48.2
METEOROLOGICA CORRAL,24-08-2025,20.8
METEOROLOGICA CORRAL,25-08-2025,0.9
METEOROLOGICA CORRAL,26-08-2025,0.1
METEOROLOGICA CORRAL,27-08-2025,0
METEOROLOGICA CORRAL,28-08-2025,0
METEOROLOGICA CORRAL,29-08-2025,0.1
METEOROLOGICA CORRAL,30-08-2025,0
METEOROLOGICA CORRAL,31-08-2025,2.1
METEOROLOGICA CORRAL,01-09-2025,18.1
METEOROLOGICA CORRAL,02-09-2025,3.7
METEOROLOGICA CORRAL,03-09-2025,0.4
METEOROLOGICA CORRAL,04-09-2025,0
METEOROLOGICA CORRAL,05-09-2025,0
METEOROLOGICA CORRAL,06-09-2025,0.3
METEOROLOGICA CORRAL,07-09-2025,2
METEOROLOGICA CORRAL,08-09-2025,38.2
METEOROLOGICA CORRAL,09-09-2025,30.4
METEOROLOGICA CORRAL,10-09-2025,0
METEOROLOGICA CORRAL,11-09-2025,0.1
METEOROLOGICA CORRAL,12-09-2025,44.8
METEOROLOGICA CORRAL,13-09-2025,15.1
METEOROLOGICA CORRAL,14-09-2025,0
METEOROLOGICA CORRAL,15-09-2025,13.7
METEOROLOGICA CORRAL,16-09-2025,5.9
METEOROLOGICA CORRAL,17-09-2025,14.4
METEOROLOGICA CORRAL,18-09-2025,26.6
METEOROLOGICA CORRAL,19-09-2025,55.2
METEOROLOGICA CORRAL,20-09-2025,17.2
METEOROLOGICA CORRAL,21-09-2025,2.8
METEOROLOGICA CORRAL,22-09-2025,0.3
METEOROLOGICA CORRAL,23-09-2025,0
METEOROLOGICA CORRAL,24-09-2025,0
METEOROLOGICA CORRAL,25-09-2025,13
METEOROLOGICA CORRAL,26-09-2025,2.7
METEOROLOGICA CORRAL,27-09-2025,25.6
METEOROLOGICA CORRAL,28-09-2025,2.3
METEOROLOGICA CORRAL,29-09-2025,12.9
METEOROLOGICA CORRAL,30-09-2025,0.4
METEOROLOGICA CORRAL,01-10-2025,0
METEOROLOGICA CORRAL,02-10-2025,0.2
METEOROLOGICA CORRAL,03-10-2025,35.6
METEOROLOGICA CORRAL,04-10-2025,0.2
METEOROLOGICA CORRAL,05-10-2025,11.5
METEOROLOGICA CORRAL,06-10-2025,51.4
METEOROLOGICA CORRAL,07-10-2025,0
METEOROLOGICA CORRAL,08-10-2025,3.5
METEOROLOGICA CORRAL,09-10-2025,17.8
METEOROLOGICA CORRAL,10-10-2025,43.3
METEOROLOGICA CORRAL,11-10-2025,1.8
METEOROLOGICA CORRAL,12-10-2025,0.3
METEOROLOGICA CORRAL,13-10-2025,11.8
METEOROLOGICA CORRAL,14-10-2025,34.6
METEOROLOGICA CORRAL,15-10-2025,0.6
METEOROLOGICA CORRAL,16-10-2025,0
METEOROLOGICA CORRAL,17-10-2025,0
METEOROLOGICA CORRAL,18-10-2025,0
METEOROLOGICA CORRAL,19-10-2025,16.1
METEOROLOGICA CORRAL,20-10-2025,7.5
METEOROLOGICA CORRAL,21-10-2025,0
METEOROLOGICA CORRAL,22-10-2025,0.6
METEOROLOGICA CORRAL,23-10-2025,6
METEOROLOGICA CORRAL,24-10-2025,2.6
METEOROLOGICA CORRAL,25-10-2025,55.4
METEOROLOGICA CORRAL,26-10-2025,0
METEOROLOGICA CORRAL,27-10-2025,0
METEOROLOGICA CORRAL,28-10-2025,0
METEOROLOGICA CORRAL,29-10-2025,0
METEOROLOGICA CORRAL,30-10-2025,5
METEOROLOGICA CORRAL,31-10-2025,0.3
METEOROLOGICA CORRAL,01-11-2025,0
METEOROLOGICA CORRAL,02-11-2025,0
METEOROLOGICA CORRAL,03-11-2025,0
METEOROLOGICA CORRAL,04-11-2025,0
METEOROLOGICA CORRAL,05-11-2025,0
METEOROLOGICA CORRAL,06-11-2025,0
METEOROLOGICA CORRAL,07-11-2025,0
METEOROLOGICA CORRAL,08-11-2025,3.3
METEOROLOGICA CORRAL,09-11-2025,0.1
METEOROLOGICA CORRAL,10-11-2025,7.7
METEOROLOGICA CORRAL,11-11-2025,0.2
METEOROLOGICA CORRAL,12-11-2025,0
METEOROLOGICA CORRAL,13-11-2025,0
METEOROLOGICA CORRAL,14-11-2025,0
METEOROLOGICA CORRAL,15-11-2025,0.7
METEOROLOGICA CORRAL,16-11-2025,0
METEOROLOGICA CORRAL,17-11-2025,4.7
METEOROLOGICA CORRAL,18-11-2025,0
METEOROLOGICA CORRAL,19-11-2025,9.3
METEOROLOGICA CORRAL,20-11-2025,0
METEOROLOGICA CORRAL,21-11-2025,0
METEOROLOGICA CORRAL,22-11-2025,0
METEOROLOGICA CORRAL,23-11-2025,0
METEOROLOGICA CORRAL,24-11-2025,0
METEOROLOGICA CORRAL,25-11-2025,0
METEOROLOGICA CORRAL,26-11-2025,0
METEOROLOGICA CORRAL,27-11-2025,0
METEOROLOGICA CORRAL,28-11-2025,2.5
METEOROLOGICA CORRAL,29-11-2025,4.6
METEOROLOGICA CORRAL,30-11-2025,2
METEOROLOGICA CORRAL,01-12-2025,0
METEOROLOGICA CORRAL,02-12-2025,18.4
METEOROLOGICA CORRAL,03-12-2025,5.5
METEOROLOGICA CORRAL,04-12-2025,1.5
METEOROLOGICA CORRAL,05-12-2025,0
METEOROLOGICA CORRAL,06-12-2025,0
METEOROLOGICA CORRAL,07-12-2025,0
METEOROLOGICA CORRAL,08-12-2025,0
METEOROLOGICA CORRAL,09-12-2025,0
METEOROLOGICA CORRAL,10-12-2025,0
METEOROLOGICA CORRAL,11-12-2025,19.4
METEOROLOGICA CORRAL,12-12-2025,1.8
METEOROLOGICA CORRAL,13-12-2025,0.4
METEOROLOGICA CORRAL,14-12-2025,3.9
METEOROLOGICA CORRAL,15-12-2025,0.7
METEOROLOGICA CORRAL,16-12-2025,0
METEOROLOGICA CORRAL,17-12-2025,0
METEOROLOGICA CORRAL,18-12-2025,0
METEOROLOGICA CORRAL,19-12-2025,37.8
METEOROLOGICA CORRAL,20-12-2025,49.2
METEOROLOGICA CORRAL,21-12-2025,0
METEOROLOGICA CORRAL,22-12-2025,33.3
METEOROLOGICA CORRAL,23-12-2025,2.6
METEOROLOGICA CORRAL,24-12-2025,8.1
METEOROLOGICA CORRAL,25-12-2025,1.9
METEOROLOGICA CORRAL,26-12-2025,1.3
METEOROLOGICA CORRAL,27-12-2025,0
METEOROLOGICA CORRAL,28-12-2025,0
METEOROLOGICA CORRAL,29-12-2025,0
METEOROLOGICA CORRAL,30-12-2025,0
METEOROLOGICA CORRAL,31-12-2025,0
METEOROLOGICA CORRAL,01-01-2026,0
METEOROLOGICA CORRAL,02-01-2026,0
METEOROLOGICA CORRAL,03-01-2026,0
METEOROLOGICA CORRAL,04-01-2026,1.5
METEOROLOGICA CORRAL,05-01-2026,0
METEOROLOGICA CORRAL,06-01-2026,0
METEOROLOGICA CORRAL,07-01-2026,0
METEOROLOGICA CORRAL,08-01-2026,0
METEOROLOGICA CORRAL,09-01-2026,0
METEOROLOGICA CORRAL,10-01-2026,0
METEOROLOGICA CORRAL,11-01-2026,0
METEOROLOGICA CORRAL,12-01-2026,0
METEOROLOGICA CORRAL,13-01-2026,0
METEOROLOGICA CORRAL,14-01-2026,10.4
METEOROLOGICA CORRAL,15-01-2026,0
METEOROLOGICA CORRAL,16-01-2026,0
METEOROLOGICA CORRAL,17-01-2026,0
METEOROLOGICA CORRAL,18-01-2026,0
METEOROLOGICA CORRAL,19-01-2026,0
METEOROLOGICA CORRAL,20-01-2026,0
METEOROLOGICA CORRAL,21-01-2026,0
METEOROLOGICA CORRAL,22-01-2026,0
METEOROLOGICA CORRAL,23-01-2026,0
METEOROLOGICA CORRAL,24-01-2026,0
METEOROLOGICA CORRAL,25-01-2026,0
METEOROLOGICA CORRAL,26-01-2026,0
METEOROLOGICA CORRAL,27-01-2026,39.5
METEOROLOGICA CORRAL,28-01-2026,0.6
METEOROLOGICA CORRAL,29-01-2026,0.2
METEOROLOGICA CORRAL,30-01-2026,0.9
METEOROLOGICA CORRAL,31-01-2026,0
METEOROLOGICA CORRAL,01-02-2026,3
METEOROLOGICA CORRAL,02-02-2026,24.6
METEOROLOGICA CORRAL,03-02-2026,1.3
METEOROLOGICA CORRAL,04-02-2026,0.1
METEOROLOGICA CORRAL,05-02-2026,0
METEOROLOGICA CORRAL,06-02-2026,0
METEOROLOGICA CORRAL,07-02-2026,0
METEOROLOGICA CORRAL,08-02-2026,7.9
METEOROLOGICA CORRAL,09-02-2026,0.9
METEOROLOGICA CORRAL,10-02-2026,22.1
METEOROLOGICA CORRAL,11-02-2026,1.2
METEOROLOGICA CORRAL,12-02-2026,0
METEOROLOGICA CORRAL,13-02-2026,0.1
METEOROLOGICA CORRAL,14-02-2026,0.1
METEOROLOGICA CORRAL,15-02-2026,0
METEOROLOGICA CORRAL,16-02-2026,18.5
METEOROLOGICA CORRAL,17-02-2026,2.7
METEOROLOGICA CORRAL,18-02-2026,0
METEOROLOGICA CORRAL,19-02-2026,0
METEOROLOGICA CORRAL,20-02-2026,0
METEOROLOGICA CORRAL,21-02-2026,0
METEOROLOGICA CORRAL,22-02-2026,0
METEOROLOGICA CORRAL,23-02-2026,0
METEOROLOGICA CORRAL,24-02-2026,0
METEOROLOGICA CORRAL,25-02-2026,0
METEOROLOGICA CORRAL,26-02-2026,0
METEOROLOGICA CORRAL,27-02-2026,0.4
METEOROLOGICA CORRAL,28-02-2026,60.5
METEOROLOGICA CORRAL,01-03-2026,24.6
METEOROLOGICA CORRAL,02-03-2026,0
METEOROLOGICA CORRAL,03-03-2026,10
METEOROLOGICA CORRAL,04-03-2026,0
METEOROLOGICA CORRAL,05-03-2026,0
METEOROLOGICA CORRAL,06-03-2026,0
METEOROLOGICA CORRAL,07-03-2026,0
METEOROLOGICA CORRAL,08-03-2026,10.5
METEOROLOGICA CORRAL,09-03-2026,2.3
METEOROLOGICA CORRAL,10-03-2026,0
METEOROLOGICA CORRAL,11-03-2026,7.2
METEOROLOGICA CORRAL,12-03-2026,0.1
METEOROLOGICA CORRAL,13-03-2026,0
METEOROLOGICA CORRAL,14-03-2026,86.1
METEOROLOGICA CORRAL,15-03-2026,2.3
METEOROLOGICA CORRAL,16-03-2026,58.7
METEOROLOGICA CORRAL,17-03-2026,2.6
METEOROLOGICA CORRAL,18-03-2026,71.6
METEOROLOGICA CORRAL,19-03-2026,1.6
METEOROLOGICA CORRAL,20-03-2026,2.9
METEOROLOGICA CORRAL,21-03-2026,46.3
METEOROLOGICA CORRAL,22-03-2026,3.5
METEOROLOGICA CORRAL,23-03-2026,59.3
METEOROLOGICA CORRAL,24-03-2026,0.1
METEOROLOGICA CORRAL,25-03-2026,0.4
METEOROLOGICA CORRAL,26-03-2026,0
METEOROLOGICA CORRAL,27-03-2026,0
METEOROLOGICA CORRAL,28-03-2026,8.6
METEOROLOGICA CORRAL,29-03-2026,24.6
METEOROLOGICA CORRAL,30-03-2026,20.3
METEOROLOGICA CORRAL,31-03-2026,0.1
METEOROLOGICA CORRAL,01-04-2026,0
METEOROLOGICA CORRAL,02-04-2026,3.1
METEOROLOGICA CORRAL,03-04-2026,0.6
METEOROLOGICA CORRAL,04-04-2026,0
METEOROLOGICA CORRAL,05-04-2026,0
METEOROLOGICA CORRAL,06-04-2026,0.1
METEOROLOGICA CORRAL,07-04-2026,0
METEOROLOGICA CORRAL,08-04-2026,0
METEOROLOGICA CORRAL,09-04-2026,0
METEOROLOGICA CORRAL,10-04-2026,3.8
METEOROLOGICA CORRAL,11-04-2026,15.4
METEOROLOGICA CORRAL,12-04-2026,0
METEOROLOGICA CORRAL,13-04-2026,38.1
METEOROLOGICA CORRAL,14-04-2026,16.8
METEOROLOGICA CORRAL,15-04-2026,22.6
METEOROLOGICA CORRAL,16-04-2026,49.5
METEOROLOGICA CORRAL,17-04-2026,22.5
METEOROLOGICA CORRAL,18-04-2026,1.6
METEOROLOGICA CORRAL,19-04-2026,0.1
METEOROLOGICA CORRAL,20-04-2026,0
METEOROLOGICA CORRAL,21-04-2026,6.8
METEOROLOGICA CORRAL,22-04-2026,2.6
METEOROLOGICA CORRAL,23-04-2026,14.2
METEOROLOGICA CORRAL,24-04-2026,0
METEOROLOGICA CORRAL,25-04-2026,12.4
METEOROLOGICA CORRAL,26-04-2026,5.8
METEOROLOGICA CORRAL,27-04-2026,8.6
METEOROLOGICA CORRAL,28-04-2026,56
METEOROLOGICA CORRAL,29-04-2026,0.1
METEOROLOGICA CORRAL,30-04-2026,8.2
METEOROLOGICA CORRAL,01-05-2026,0.1
METEOROLOGICA CORRAL,02-05-2026,19.9
METEOROLOGICA CORRAL,03-05-2026,17.4
METEOROLOGICA CORRAL,04-05-2026,57.4
METEOROLOGICA CORRAL,05-05-2026,72.3
METEOROLOGICA CORRAL,06-05-2026,0.2
METEOROLOGICA CORRAL,07-05-2026,16
METEOROLOGICA CORRAL,08-05-2026,0.1
METEOROLOGICA CORRAL,09-05-2026,0
METEOROLOGICA CORRAL,10-05-2026,0
METEOROLOGICA CORRAL,11-05-2026,0
METEOROLOGICA CORRAL,12-05-2026,0
METEOROLOGICA CORRAL,13-05-2026,0
METEOROLOGICA CORRAL,14-05-2026,0
METEOROLOGICA CORRAL,15-05-2026,0
METEOROLOGICA CORRAL,16-05-2026,0
METEOROLOGICA CORRAL,17-05-2026,0
METEOROLOGICA CORRAL,18-05-2026,0
METEOROLOGICA CORRAL,19-05-2026,0
METEOROLOGICA CORRAL,20-05-2026,0
METEOROLOGICA CORRAL,21-05-2026,0
METEOROLOGICA CORRAL,22-05-2026,0
METEOROLOGICA CORRAL,23-05-2026,3.2
METEOROLOGICA CORRAL,24-05-2026,0
METEOROLOGICA CORRAL,25-05-2026,0.1
METEOROLOGICA CORRAL,26-05-2026,0
METEOROLOGICA CORRAL,27-05-2026,20.9
METEOROLOGICA CORRAL,28-05-2026,13.7
METEOROLOGICA CORRAL,29-05-2026,0.2
METEOROLOGICA CORRAL,30-05-2026,0
METEOROLOGICA CORRAL,31-05-2026,1.2
METEOROLOGICA ESCUELA RURAL CHAIHUIN,09-01-2023,0
METEOROLOGICA ESCUELA RURAL CHAIHUIN,10-01-2023,0
METEOROLOGICA ESCUELA RURAL CHAIHUIN,11-01-2023,0
METEOROLOGICA ESCUELA RURAL CHAIHUIN,12-01-2023,0
METEOROLOGICA ESCUELA RURAL CHAIHUIN,13-01-2023,0
METEOROLOGICA ESCUELA RURAL CHAIHUIN,14-01-2023,0
METEOROLOGICA ESCUELA RURAL CHAIHUIN,15-01-2023,0
METEOROLOGICA ESCUELA RURAL CHAIHUIN,16-01-2023,0
METEOROLOGICA ESCUELA RURAL CHAIHUIN,17-01-2023,0
METEOROLOGICA ESCUELA RURAL CHAIHUIN,18-01-2023,0.1
METEOROLOGICA ESCUELA RURAL CHAIHUIN,19-01-2023,0
METEOROLOGICA ESCUELA RURAL CHAIHUIN,20-01-2023,0
METEOROLOGICA ESCUELA RURAL CHAIHUIN,21-01-2023,0
METEOROLOGICA ESCUELA RURAL CHAIHUIN,22-01-2023,0
METEOROLOGICA ESCUELA RURAL CHAIHUIN,23-01-2023,0
METEOROLOGICA ESCUELA RURAL CHAIHUIN,24-01-2023,0.1
METEOROLOGICA ESCUELA RURAL CHAIHUIN,25-01-2023,0
METEOROLOGICA ESCUELA RURAL CHAIHUIN,26-01-2023,0
METEOROLOGICA ESCUELA RURAL CHAIHUIN,27-01-2023,0
METEOROLOGICA ESCUELA RURAL CHAIHUIN,28-01-2023,0
METEOROLOGICA ESCUELA RURAL CHAIHUIN,29-01-2023,0
METEOROLOGICA ESCUELA RURAL CHAIHUIN,30-01-2023,0
METEOROLOGICA ESCUELA RURAL CHAIHUIN,01-02-2023,0
METEOROLOGICA ESCUELA RURAL CHAIHUIN,02-02-2023,0
METEOROLOGICA ESCUELA RURAL CHAIHUIN,03-02-2023,0
METEOROLOGICA ESCUELA RURAL CHAIHUIN,04-02-2023,0
METEOROLOGICA ESCUELA RURAL CHAIHUIN,05-02-2023,0
METEOROLOGICA ESCUELA RURAL CHAIHUIN,06-02-2023,0
METEOROLOGICA ESCUELA RURAL CHAIHUIN,07-02-2023,0
METEOROLOGICA ESCUELA RURAL CHAIHUIN,08-02-2023,0
METEOROLOGICA ESCUELA RURAL CHAIHUIN,09-02-2023,8
METEOROLOGICA ESCUELA RURAL CHAIHUIN,10-02-2023,0
METEOROLOGICA ESCUELA RURAL CHAIHUIN,11-02-2023,7.7
METEOROLOGICA ESCUELA RURAL CHAIHUIN,12-02-2023,0.4
METEOROLOGICA ESCUELA RURAL CHAIHUIN,13-02-2023,0.4
METEOROLOGICA ESCUELA RURAL CHAIHUIN,14-02-2023,5.5
METEOROLOGICA ESCUELA RURAL CHAIHUIN,15-02-2023,0.1
METEOROLOGICA ESCUELA RURAL CHAIHUIN,16-02-2023,0
METEOROLOGICA ESCUELA RURAL CHAIHUIN,17-02-2023,0
METEOROLOGICA ESCUELA RURAL CHAIHUIN,18-02-2023,0
METEOROLOGICA ESCUELA RURAL CHAIHUIN,19-02-2023,0
METEOROLOGICA ESCUELA RURAL CHAIHUIN,20-02-2023,0
METEOROLOGICA ESCUELA RURAL CHAIHUIN,21-02-2023,0
METEOROLOGICA ESCUELA RURAL CHAIHUIN,22-02-2023,0
METEOROLOGICA ESCUELA RURAL CHAIHUIN,23-02-2023,0
METEOROLOGICA ESCUELA RURAL CHAIHUIN,24-02-2023,6.7
METEOROLOGICA ESCUELA RURAL CHAIHUIN,25-02-2023,0.1
METEOROLOGICA ESCUELA RURAL CHAIHUIN,26-02-2023,0
METEOROLOGICA ESCUELA RURAL CHAIHUIN,27-02-2023,0
METEOROLOGICA ESCUELA RURAL CHAIHUIN,28-02-2023,1.4
METEOROLOGICA ESCUELA RURAL CHAIHUIN,01-03-2023,0
METEOROLOGICA ESCUELA RURAL CHAIHUIN,02-03-2023,0
METEOROLOGICA ESCUELA RURAL CHAIHUIN,03-03-2023,0.1
METEOROLOGICA ESCUELA RURAL CHAIHUIN,04-03-2023,0
METEOROLOGICA ESCUELA RURAL CHAIHUIN,05-03-2023,0
METEOROLOGICA ESCUELA RURAL CHAIHUIN,06-03-2023,13.2
METEOROLOGICA ESCUELA RURAL CHAIHUIN,07-03-2023,30.4
METEOROLOGICA ESCUELA RURAL CHAIHUIN,08-03-2023,0
METEOROLOGICA ESCUELA RURAL CHAIHUIN,09-03-2023,0
METEOROLOGICA ESCUELA RURAL CHAIHUIN,10-03-2023,2.6
METEOROLOGICA ESCUELA RURAL CHAIHUIN,11-03-2023,8.6
METEOROLOGICA ESCUELA RURAL CHAIHUIN,12-03-2023,0
METEOROLOGICA ESCUELA RURAL CHAIHUIN,13-03-2023,0
METEOROLOGICA ESCUELA RURAL CHAIHUIN,14-03-2023,45.6
METEOROLOGICA ESCUELA RURAL CHAIHUIN,15-03-2023,1.5
METEOROLOGICA ESCUELA RURAL CHAIHUIN,16-03-2023,5
METEOROLOGICA ESCUELA RURAL CHAIHUIN,17-03-2023,0
METEOROLOGICA ESCUELA RURAL CHAIHUIN,18-03-2023,0
METEOROLOGICA ESCUELA RURAL CHAIHUIN,19-03-2023,0
METEOROLOGICA ESCUELA RURAL CHAIHUIN,20-03-2023,0
METEOROLOGICA ESCUELA RURAL CHAIHUIN,21-03-2023,0
METEOROLOGICA ESCUELA RURAL CHAIHUIN,22-03-2023,0
METEOROLOGICA ESCUELA RURAL CHAIHUIN,23-03-2023,0
METEOROLOGICA ESCUELA RURAL CHAIHUIN,24-03-2023,0
METEOROLOGICA ESCUELA RURAL CHAIHUIN,25-03-2023,0
METEOROLOGICA ESCUELA RURAL CHAIHUIN,26-03-2023,0
METEOROLOGICA ESCUELA RURAL CHAIHUIN,27-03-2023,29.4
METEOROLOGICA ESCUELA RURAL CHAIHUIN,28-03-2023,3.8
METEOROLOGICA ESCUELA RURAL CHAIHUIN,29-03-2023,0.1
METEOROLOGICA ESCUELA RURAL CHAIHUIN,30-03-2023,0.1
METEOROLOGICA ESCUELA RURAL CHAIHUIN,31-03-2023,1.6
METEOROLOGICA ESCUELA RURAL CHAIHUIN,01-04-2023,2
METEOROLOGICA ESCUELA RURAL CHAIHUIN,02-04-2023,0
METEOROLOGICA ESCUELA RURAL CHAIHUIN,03-04-2023,0
METEOROLOGICA ESCUELA RURAL CHAIHUIN,04-04-2023,0.2
METEOROLOGICA ESCUELA RURAL CHAIHUIN,05-04-2023,32.6
METEOROLOGICA ESCUELA RURAL CHAIHUIN,06-04-2023,0.1
METEOROLOGICA ESCUELA RURAL CHAIHUIN,07-04-2023,0
METEOROLOGICA ESCUELA RURAL CHAIHUIN,08-04-2023,0
METEOROLOGICA ESCUELA RURAL CHAIHUIN,09-04-2023,0
METEOROLOGICA ESCUELA RURAL CHAIHUIN,10-04-2023,15.3
METEOROLOGICA ESCUELA RURAL CHAIHUIN,11-04-2023,0.2
METEOROLOGICA ESCUELA RURAL CHAIHUIN,12-04-2023,0
METEOROLOGICA ESCUELA RURAL CHAIHUIN,13-04-2023,0.2
METEOROLOGICA ESCUELA RURAL CHAIHUIN,14-04-2023,0
METEOROLOGICA ESCUELA RURAL CHAIHUIN,15-04-2023,0
METEOROLOGICA ESCUELA RURAL CHAIHUIN,16-04-2023,0
METEOROLOGICA ESCUELA RURAL CHAIHUIN,17-04-2023,9.4
METEOROLOGICA ESCUELA RURAL CHAIHUIN,18-04-2023,5.8
METEOROLOGICA ESCUELA RURAL CHAIHUIN,19-04-2023,0.1
METEOROLOGICA ESCUELA RURAL CHAIHUIN,20-04-2023,3.9
METEOROLOGICA ESCUELA RURAL CHAIHUIN,21-04-2023,0.2
METEOROLOGICA ESCUELA RURAL CHAIHUIN,22-04-2023,0.1
METEOROLOGICA ESCUELA RURAL CHAIHUIN,23-04-2023,0.1
METEOROLOGICA ESCUELA RURAL CHAIHUIN,24-04-2023,0
METEOROLOGICA ESCUELA RURAL CHAIHUIN,25-04-2023,7
METEOROLOGICA ESCUELA RURAL CHAIHUIN,26-04-2023,1.8
METEOROLOGICA ESCUELA RURAL CHAIHUIN,27-04-2023,66.8
METEOROLOGICA ESCUELA RURAL CHAIHUIN,28-04-2023,43.8
METEOROLOGICA ESCUELA RURAL CHAIHUIN,29-04-2023,8.7
METEOROLOGICA ESCUELA RURAL CHAIHUIN,30-04-2023,0.7
METEOROLOGICA ESCUELA RURAL CHAIHUIN,01-05-2023,1.7
METEOROLOGICA ESCUELA RURAL CHAIHUIN,02-05-2023,0.1
METEOROLOGICA ESCUELA RURAL CHAIHUIN,03-05-2023,0
METEOROLOGICA ESCUELA RURAL CHAIHUIN,04-05-2023,0.1
METEOROLOGICA ESCUELA RURAL CHAIHUIN,05-05-2023,0.2
METEOROLOGICA ESCUELA RURAL CHAIHUIN,06-05-2023,0.1
METEOROLOGICA ESCUELA RURAL CHAIHUIN,07-05-2023,0
METEOROLOGICA ESCUELA RURAL CHAIHUIN,08-05-2023,0.1
METEOROLOGICA ESCUELA RURAL CHAIHUIN,09-05-2023,0
METEOROLOGICA ESCUELA RURAL CHAIHUIN,10-05-2023,2.9
METEOROLOGICA ESCUELA RURAL CHAIHUIN,11-05-2023,9.3
METEOROLOGICA ESCUELA RURAL CHAIHUIN,12-05-2023,8
METEOROLOGICA ESCUELA RURAL CHAIHUIN,13-05-2023,2.8
METEOROLOGICA ESCUELA RURAL CHAIHUIN,14-05-2023,0.1
METEOROLOGICA ESCUELA RURAL CHAIHUIN,15-05-2023,25
METEOROLOGICA ESCUELA RURAL CHAIHUIN,16-05-2023,0.5
METEOROLOGICA ESCUELA RURAL CHAIHUIN,17-05-2023,8
METEOROLOGICA ESCUELA RURAL CHAIHUIN,18-05-2023,53
METEOROLOGICA ESCUELA RURAL CHAIHUIN,19-05-2023,0.2
METEOROLOGICA ESCUELA RURAL CHAIHUIN,20-05-2023,50.5
METEOROLOGICA ESCUELA RURAL CHAIHUIN,21-05-2023,12.3
METEOROLOGICA ESCUELA RURAL CHAIHUIN,22-05-2023,28.6
METEOROLOGICA ESCUELA RURAL CHAIHUIN,23-05-2023,25.2
METEOROLOGICA ESCUELA RURAL CHAIHUIN,24-05-2023,7.2
METEOROLOGICA ESCUELA RURAL CHAIHUIN,25-05-2023,21.3
METEOROLOGICA ESCUELA RURAL CHAIHUIN,26-05-2023,2.9
METEOROLOGICA ESCUELA RURAL CHAIHUIN,27-05-2023,0
METEOROLOGICA ESCUELA RURAL CHAIHUIN,28-05-2023,0
METEOROLOGICA ESCUELA RURAL CHAIHUIN,29-05-2023,0.3
METEOROLOGICA ESCUELA RURAL CHAIHUIN,30-05-2023,28.5
METEOROLOGICA ESCUELA RURAL CHAIHUIN,31-05-2023,0.1
METEOROLOGICA ESCUELA RURAL CHAIHUIN,01-06-2023,18.7
METEOROLOGICA ESCUELA RURAL CHAIHUIN,02-06-2023,21.4
METEOROLOGICA ESCUELA RURAL CHAIHUIN,03-06-2023,3.5
METEOROLOGICA ESCUELA RURAL CHAIHUIN,04-06-2023,0.4
METEOROLOGICA ESCUELA RURAL CHAIHUIN,05-06-2023,58.6
METEOROLOGICA ESCUELA RURAL CHAIHUIN,06-06-2023,0.1
METEOROLOGICA ESCUELA RURAL CHAIHUIN,07-06-2023,53.9
METEOROLOGICA ESCUELA RURAL CHAIHUIN,08-06-2023,8.7
METEOROLOGICA ESCUELA RURAL CHAIHUIN,09-06-2023,10.7
METEOROLOGICA ESCUELA RURAL CHAIHUIN,10-06-2023,0.3
METEOROLOGICA ESCUELA RURAL CHAIHUIN,11-06-2023,0.2
METEOROLOGICA ESCUELA RURAL CHAIHUIN,12-06-2023,0.1
METEOROLOGICA ESCUELA RURAL CHAIHUIN,13-06-2023,0
METEOROLOGICA ESCUELA RURAL CHAIHUIN,14-06-2023,2
METEOROLOGICA ESCUELA RURAL CHAIHUIN,15-06-2023,0
METEOROLOGICA ESCUELA RURAL CHAIHUIN,16-06-2023,0
METEOROLOGICA ESCUELA RURAL CHAIHUIN,17-06-2023,0
METEOROLOGICA ESCUELA RURAL CHAIHUIN,18-06-2023,0
METEOROLOGICA ESCUELA RURAL CHAIHUIN,19-06-2023,0.6
METEOROLOGICA ESCUELA RURAL CHAIHUIN,20-06-2023,3.4
METEOROLOGICA ESCUELA RURAL CHAIHUIN,21-06-2023,56.6
METEOROLOGICA ESCUELA RURAL CHAIHUIN,22-06-2023,23.5
METEOROLOGICA ESCUELA RURAL CHAIHUIN,23-06-2023,25.2
METEOROLOGICA ESCUELA RURAL CHAIHUIN,24-06-2023,12
METEOROLOGICA ESCUELA RURAL CHAIHUIN,25-06-2023,6.5
METEOROLOGICA ESCUELA RURAL CHAIHUIN,26-06-2023,13
METEOROLOGICA ESCUELA RURAL CHAIHUIN,27-06-2023,5.7
METEOROLOGICA ESCUELA RURAL CHAIHUIN,28-06-2023,3.8
METEOROLOGICA ESCUELA RURAL CHAIHUIN,29-06-2023,4.6
METEOROLOGICA ESCUELA RURAL CHAIHUIN,30-06-2023,7.4
METEOROLOGICA ESCUELA RURAL CHAIHUIN,01-07-2023,11.9
METEOROLOGICA ESCUELA RURAL CHAIHUIN,02-07-2023,13.6
METEOROLOGICA ESCUELA RURAL CHAIHUIN,03-07-2023,21.2
METEOROLOGICA ESCUELA RURAL CHAIHUIN,04-07-2023,12.2
METEOROLOGICA ESCUELA RURAL CHAIHUIN,05-07-2023,6
METEOROLOGICA ESCUELA RURAL CHAIHUIN,06-07-2023,0.8
METEOROLOGICA ESCUELA RURAL CHAIHUIN,07-07-2023,22.4
METEOROLOGICA ESCUELA RURAL CHAIHUIN,08-07-2023,6.6
METEOROLOGICA ESCUELA RURAL CHAIHUIN,09-07-2023,6.1
METEOROLOGICA ESCUELA RURAL CHAIHUIN,10-07-2023,0.1
METEOROLOGICA ESCUELA RURAL CHAIHUIN,11-07-2023,0
METEOROLOGICA ESCUELA RURAL CHAIHUIN,12-07-2023,2
METEOROLOGICA ESCUELA RURAL CHAIHUIN,13-07-2023,15.4
METEOROLOGICA ESCUELA RURAL CHAIHUIN,14-07-2023,8.6
METEOROLOGICA ESCUELA RURAL CHAIHUIN,15-07-2023,1.9
METEOROLOGICA ESCUELA RURAL CHAIHUIN,16-07-2023,0.2
METEOROLOGICA ESCUELA RURAL CHAIHUIN,17-07-2023,0
METEOROLOGICA ESCUELA RURAL CHAIHUIN,18-07-2023,56.1
METEOROLOGICA ESCUELA RURAL CHAIHUIN,19-07-2023,23.2
METEOROLOGICA ESCUELA RURAL CHAIHUIN,20-07-2023,22
METEOROLOGICA ESCUELA RURAL CHAIHUIN,21-07-2023,6.8
METEOROLOGICA ESCUELA RURAL CHAIHUIN,22-07-2023,2.8
METEOROLOGICA ESCUELA RURAL CHAIHUIN,23-07-2023,1.6
METEOROLOGICA ESCUELA RURAL CHAIHUIN,24-07-2023,37.5
METEOROLOGICA ESCUELA RURAL CHAIHUIN,25-07-2023,5
METEOROLOGICA ESCUELA RURAL CHAIHUIN,26-07-2023,7.6
METEOROLOGICA ESCUELA RURAL CHAIHUIN,27-07-2023,3.5
METEOROLOGICA ESCUELA RURAL CHAIHUIN,28-07-2023,7.3
METEOROLOGICA ESCUELA RURAL CHAIHUIN,29-07-2023,6.4
METEOROLOGICA ESCUELA RURAL CHAIHUIN,30-07-2023,0.9
METEOROLOGICA ESCUELA RURAL CHAIHUIN,31-07-2023,12.6
METEOROLOGICA ESCUELA RURAL CHAIHUIN,01-08-2023,2.9
METEOROLOGICA ESCUELA RURAL CHAIHUIN,02-08-2023,0.1
METEOROLOGICA ESCUELA RURAL CHAIHUIN,03-08-2023,0.1
METEOROLOGICA ESCUELA RURAL CHAIHUIN,04-08-2023,0.2
METEOROLOGICA ESCUELA RURAL CHAIHUIN,05-08-2023,0
METEOROLOGICA ESCUELA RURAL CHAIHUIN,06-08-2023,0
METEOROLOGICA ESCUELA RURAL CHAIHUIN,07-08-2023,0.9
METEOROLOGICA ESCUELA RURAL CHAIHUIN,08-08-2023,30.5
METEOROLOGICA ESCUELA RURAL CHAIHUIN,09-08-2023,50.9
METEOROLOGICA ESCUELA RURAL CHAIHUIN,10-08-2023,16.8
METEOROLOGICA ESCUELA RURAL CHAIHUIN,11-08-2023,0.2
METEOROLOGICA ESCUELA RURAL CHAIHUIN,12-08-2023,5.6
METEOROLOGICA ESCUELA RURAL CHAIHUIN,13-08-2023,35.2
METEOROLOGICA ESCUELA RURAL CHAIHUIN,14-08-2023,38
METEOROLOGICA ESCUELA RURAL CHAIHUIN,15-08-2023,15.8
METEOROLOGICA ESCUELA RURAL CHAIHUIN,16-08-2023,8.2
METEOROLOGICA ESCUELA RURAL CHAIHUIN,17-08-2023,4.7
METEOROLOGICA ESCUELA RURAL CHAIHUIN,18-08-2023,6.2
METEOROLOGICA ESCUELA RURAL CHAIHUIN,19-08-2023,16.8
METEOROLOGICA ESCUELA RURAL CHAIHUIN,20-08-2023,38.4
METEOROLOGICA ESCUELA RURAL CHAIHUIN,21-08-2023,3.7
METEOROLOGICA ESCUELA RURAL CHAIHUIN,22-08-2023,3.6
METEOROLOGICA ESCUELA RURAL CHAIHUIN,23-08-2023,0.7
METEOROLOGICA ESCUELA RURAL CHAIHUIN,24-08-2023,0.1
METEOROLOGICA ESCUELA RURAL CHAIHUIN,25-08-2023,0.1
METEOROLOGICA ESCUELA RURAL CHAIHUIN,26-08-2023,0
METEOROLOGICA ESCUELA RURAL CHAIHUIN,27-08-2023,17
METEOROLOGICA ESCUELA RURAL CHAIHUIN,28-08-2023,0
METEOROLOGICA ESCUELA RURAL CHAIHUIN,29-08-2023,16.7
METEOROLOGICA ESCUELA RURAL CHAIHUIN,30-08-2023,3.7
METEOROLOGICA ESCUELA RURAL CHAIHUIN,31-08-2023,37.7
METEOROLOGICA ESCUELA RURAL CHAIHUIN,01-09-2023,1.7
METEOROLOGICA ESCUELA RURAL CHAIHUIN,02-09-2023,0
METEOROLOGICA ESCUELA RURAL CHAIHUIN,03-09-2023,0.1
METEOROLOGICA ESCUELA RURAL CHAIHUIN,04-09-2023,0.2
METEOROLOGICA ESCUELA RURAL CHAIHUIN,05-09-2023,32.8
METEOROLOGICA ESCUELA RURAL CHAIHUIN,06-09-2023,17.1
METEOROLOGICA ESCUELA RURAL CHAIHUIN,07-09-2023,5.9
METEOROLOGICA ESCUELA RURAL CHAIHUIN,08-09-2023,23.7
METEOROLOGICA ESCUELA RURAL CHAIHUIN,09-09-2023,0.1
METEOROLOGICA ESCUELA RURAL CHAIHUIN,10-09-2023,10.6
METEOROLOGICA ESCUELA RURAL CHAIHUIN,11-09-2023,3.1
METEOROLOGICA ESCUELA RURAL CHAIHUIN,12-09-2023,10
METEOROLOGICA ESCUELA RURAL CHAIHUIN,13-09-2023,91.9
METEOROLOGICA ESCUELA RURAL CHAIHUIN,14-09-2023,68
METEOROLOGICA ESCUELA RURAL CHAIHUIN,15-09-2023,2.8
METEOROLOGICA ESCUELA RURAL CHAIHUIN,16-09-2023,2.7
METEOROLOGICA ESCUELA RURAL CHAIHUIN,17-09-2023,0.1
METEOROLOGICA ESCUELA RURAL CHAIHUIN,18-09-2023,0
METEOROLOGICA ESCUELA RURAL CHAIHUIN,19-09-2023,0
METEOROLOGICA ESCUELA RURAL CHAIHUIN,20-09-2023,2.9
METEOROLOGICA ESCUELA RURAL CHAIHUIN,21-09-2023,18.7
METEOROLOGICA ESCUELA RURAL CHAIHUIN,22-09-2023,0.1
METEOROLOGICA ESCUELA RURAL CHAIHUIN,23-09-2023,0.1
METEOROLOGICA ESCUELA RURAL CHAIHUIN,24-09-2023,0
METEOROLOGICA ESCUELA RURAL CHAIHUIN,25-09-2023,0
METEOROLOGICA ESCUELA RURAL CHAIHUIN,26-09-2023,0.9
METEOROLOGICA ESCUELA RURAL CHAIHUIN,27-09-2023,16.7
METEOROLOGICA ESCUELA RURAL CHAIHUIN,28-09-2023,0.1
METEOROLOGICA ESCUELA RURAL CHAIHUIN,29-09-2023,0
METEOROLOGICA ESCUELA RURAL CHAIHUIN,30-09-2023,0
METEOROLOGICA ESCUELA RURAL CHAIHUIN,01-10-2023,1.4
METEOROLOGICA ESCUELA RURAL CHAIHUIN,02-10-2023,0.2
METEOROLOGICA ESCUELA RURAL CHAIHUIN,03-10-2023,0
METEOROLOGICA ESCUELA RURAL CHAIHUIN,04-10-2023,0
METEOROLOGICA ESCUELA RURAL CHAIHUIN,05-10-2023,3.6
METEOROLOGICA ESCUELA RURAL CHAIHUIN,06-10-2023,0.2
METEOROLOGICA ESCUELA RURAL CHAIHUIN,07-10-2023,3
METEOROLOGICA ESCUELA RURAL CHAIHUIN,08-10-2023,3.2
METEOROLOGICA ESCUELA RURAL CHAIHUIN,09-10-2023,3.7
METEOROLOGICA ESCUELA RURAL CHAIHUIN,10-10-2023,0
METEOROLOGICA ESCUELA RURAL CHAIHUIN,11-10-2023,0
METEOROLOGICA ESCUELA RURAL CHAIHUIN,12-10-2023,0
METEOROLOGICA ESCUELA RURAL CHAIHUIN,13-10-2023,0
METEOROLOGICA ESCUELA RURAL CHAIHUIN,14-10-2023,0
METEOROLOGICA ESCUELA RURAL CHAIHUIN,15-10-2023,0
METEOROLOGICA ESCUELA RURAL CHAIHUIN,16-10-2023,0
METEOROLOGICA ESCUELA RURAL CHAIHUIN,17-10-2023,0
METEOROLOGICA ESCUELA RURAL CHAIHUIN,18-10-2023,0
METEOROLOGICA ESCUELA RURAL CHAIHUIN,19-10-2023,0
METEOROLOGICA ESCUELA RURAL CHAIHUIN,20-10-2023,0
METEOROLOGICA ESCUELA RURAL CHAIHUIN,21-10-2023,0
METEOROLOGICA ESCUELA RURAL CHAIHUIN,22-10-2023,0
METEOROLOGICA ESCUELA RURAL CHAIHUIN,23-10-2023,0
METEOROLOGICA ESCUELA RURAL CHAIHUIN,24-10-2023,0
METEOROLOGICA ESCUELA RURAL CHAIHUIN,25-10-2023,0
METEOROLOGICA ESCUELA RURAL CHAIHUIN,26-10-2023,2
METEOROLOGICA ESCUELA RURAL CHAIHUIN,27-10-2023,31.8
METEOROLOGICA ESCUELA RURAL CHAIHUIN,28-10-2023,7.4
METEOROLOGICA ESCUELA RURAL CHAIHUIN,29-10-2023,5.6
METEOROLOGICA ESCUELA RURAL CHAIHUIN,30-10-2023,2.2
METEOROLOGICA ESCUELA RURAL CHAIHUIN,31-10-2023,0
METEOROLOGICA ESCUELA RURAL CHAIHUIN,01-11-2023,2.5
METEOROLOGICA ESCUELA RURAL CHAIHUIN,02-11-2023,0
METEOROLOGICA ESCUELA RURAL CHAIHUIN,03-11-2023,0
METEOROLOGICA ESCUELA RURAL CHAIHUIN,04-11-2023,1.7
METEOROLOGICA ESCUELA RURAL CHAIHUIN,05-11-2023,13.6
METEOROLOGICA ESCUELA RURAL CHAIHUIN,06-11-2023,51.2
METEOROLOGICA ESCUELA RURAL CHAIHUIN,07-11-2023,3.4
METEOROLOGICA ESCUELA RURAL CHAIHUIN,08-11-2023,0.1
METEOROLOGICA ESCUELA RURAL CHAIHUIN,09-11-2023,0
METEOROLOGICA ESCUELA RURAL CHAIHUIN,10-11-2023,33.4
METEOROLOGICA ESCUELA RURAL CHAIHUIN,11-11-2023,3
METEOROLOGICA ESCUELA RURAL CHAIHUIN,12-11-2023,1.2
METEOROLOGICA ESCUELA RURAL CHAIHUIN,13-11-2023,5.2
METEOROLOGICA ESCUELA RURAL CHAIHUIN,14-11-2023,1.3
METEOROLOGICA ESCUELA RURAL CHAIHUIN,15-11-2023,7.5
METEOROLOGICA ESCUELA RURAL CHAIHUIN,16-11-2023,41.4
METEOROLOGICA ESCUELA RURAL CHAIHUIN,17-11-2023,6.3
METEOROLOGICA ESCUELA RURAL CHAIHUIN,18-11-2023,16.9
METEOROLOGICA ESCUELA RURAL CHAIHUIN,19-11-2023,6.7
METEOROLOGICA ESCUELA RURAL CHAIHUIN,20-11-2023,3.1
METEOROLOGICA ESCUELA RURAL CHAIHUIN,21-11-2023,0.1
METEOROLOGICA ESCUELA RURAL CHAIHUIN,22-11-2023,0
METEOROLOGICA ESCUELA RURAL CHAIHUIN,23-11-2023,0
METEOROLOGICA ESCUELA RURAL CHAIHUIN,24-11-2023,0
METEOROLOGICA ESCUELA RURAL CHAIHUIN,25-11-2023,0
METEOROLOGICA ESCUELA RURAL CHAIHUIN,26-11-2023,0
METEOROLOGICA ESCUELA RURAL CHAIHUIN,27-11-2023,0.7
METEOROLOGICA ESCUELA RURAL CHAIHUIN,28-11-2023,0
METEOROLOGICA ESCUELA RURAL CHAIHUIN,29-11-2023,0.4
METEOROLOGICA ESCUELA RURAL CHAIHUIN,30-11-2023,2.3
METEOROLOGICA ESCUELA RURAL CHAIHUIN,01-12-2023,2.2
METEOROLOGICA ESCUELA RURAL CHAIHUIN,02-12-2023,0
METEOROLOGICA ESCUELA RURAL CHAIHUIN,03-12-2023,0
METEOROLOGICA ESCUELA RURAL CHAIHUIN,04-12-2023,0
METEOROLOGICA ESCUELA RURAL CHAIHUIN,05-12-2023,0
METEOROLOGICA ESCUELA RURAL CHAIHUIN,06-12-2023,0
METEOROLOGICA ESCUELA RURAL CHAIHUIN,07-12-2023,0
METEOROLOGICA ESCUELA RURAL CHAIHUIN,08-12-2023,0
METEOROLOGICA ESCUELA RURAL CHAIHUIN,09-12-2023,0
METEOROLOGICA ESCUELA RURAL CHAIHUIN,10-12-2023,0
METEOROLOGICA ESCUELA RURAL CHAIHUIN,11-12-2023,2.4
METEOROLOGICA ESCUELA RURAL CHAIHUIN,12-12-2023,0
METEOROLOGICA ESCUELA RURAL CHAIHUIN,13-12-2023,0
METEOROLOGICA ESCUELA RURAL CHAIHUIN,14-12-2023,0
METEOROLOGICA ESCUELA RURAL CHAIHUIN,15-12-2023,1
METEOROLOGICA ESCUELA RURAL CHAIHUIN,16-12-2023,24.7
METEOROLOGICA ESCUELA RURAL CHAIHUIN,17-12-2023,0.1
METEOROLOGICA ESCUELA RURAL CHAIHUIN,18-12-2023,0
METEOROLOGICA ESCUELA RURAL CHAIHUIN,19-12-2023,0
METEOROLOGICA ESCUELA RURAL CHAIHUIN,20-12-2023,0
METEOROLOGICA ESCUELA RURAL CHAIHUIN,21-12-2023,0
METEOROLOGICA ESCUELA RURAL CHAIHUIN,22-12-2023,0
METEOROLOGICA ESCUELA RURAL CHAIHUIN,23-12-2023,0
METEOROLOGICA ESCUELA RURAL CHAIHUIN,24-12-2023,0
METEOROLOGICA ESCUELA RURAL CHAIHUIN,25-12-2023,0
METEOROLOGICA ESCUELA RURAL CHAIHUIN,26-12-2023,0
METEOROLOGICA ESCUELA RURAL CHAIHUIN,27-12-2023,0
METEOROLOGICA ESCUELA RURAL CHAIHUIN,28-12-2023,0
METEOROLOGICA ESCUELA RURAL CHAIHUIN,29-12-2023,0
METEOROLOGICA ESCUELA RURAL CHAIHUIN,30-12-2023,0
METEOROLOGICA ESCUELA RURAL CHAIHUIN,31-12-2023,0
METEOROLOGICA ESCUELA RURAL CHAIHUIN,01-01-2024,0
METEOROLOGICA ESCUELA RURAL CHAIHUIN,02-01-2024,0
METEOROLOGICA ESCUELA RURAL CHAIHUIN,03-01-2024,0
METEOROLOGICA ESCUELA RURAL CHAIHUIN,04-01-2024,0
METEOROLOGICA ESCUELA RURAL CHAIHUIN,05-01-2024,15.2
METEOROLOGICA ESCUELA RURAL CHAIHUIN,06-01-2024,1.2
METEOROLOGICA ESCUELA RURAL CHAIHUIN,07-01-2024,0
METEOROLOGICA ESCUELA RURAL CHAIHUIN,08-01-2024,0
METEOROLOGICA ESCUELA RURAL CHAIHUIN,09-01-2024,0
METEOROLOGICA ESCUELA RURAL CHAIHUIN,10-01-2024,0
METEOROLOGICA ESCUELA RURAL CHAIHUIN,11-01-2024,0
METEOROLOGICA ESCUELA RURAL CHAIHUIN,12-01-2024,0
METEOROLOGICA ESCUELA RURAL CHAIHUIN,13-01-2024,0
METEOROLOGICA ESCUELA RURAL CHAIHUIN,14-01-2024,0
METEOROLOGICA ESCUELA RURAL CHAIHUIN,15-01-2024,0
METEOROLOGICA ESCUELA RURAL CHAIHUIN,16-01-2024,0
METEOROLOGICA ESCUELA RURAL CHAIHUIN,17-01-2024,0.9
METEOROLOGICA ESCUELA RURAL CHAIHUIN,18-01-2024,0.1
METEOROLOGICA ESCUELA RURAL CHAIHUIN,19-01-2024,0
METEOROLOGICA ESCUELA RURAL CHAIHUIN,20-01-2024,0
METEOROLOGICA ESCUELA RURAL CHAIHUIN,21-01-2024,0
METEOROLOGICA ESCUELA RURAL CHAIHUIN,22-01-2024,0
METEOROLOGICA ESCUELA RURAL CHAIHUIN,23-01-2024,0
METEOROLOGICA ESCUELA RURAL CHAIHUIN,24-01-2024,0
METEOROLOGICA ESCUELA RURAL CHAIHUIN,25-01-2024,0
METEOROLOGICA ESCUELA RURAL CHAIHUIN,26-01-2024,1
METEOROLOGICA ESCUELA RURAL CHAIHUIN,27-01-2024,0
METEOROLOGICA ESCUELA RURAL CHAIHUIN,28-01-2024,0
METEOROLOGICA ESCUELA RURAL CHAIHUIN,29-01-2024,0
METEOROLOGICA ESCUELA RURAL CHAIHUIN,30-01-2024,0
METEOROLOGICA ESCUELA RURAL CHAIHUIN,31-01-2024,0
METEOROLOGICA ESCUELA RURAL CHAIHUIN,01-02-2024,1.5
METEOROLOGICA ESCUELA RURAL CHAIHUIN,02-02-2024,3.3
METEOROLOGICA ESCUELA RURAL CHAIHUIN,03-02-2024,0
METEOROLOGICA ESCUELA RURAL CHAIHUIN,04-02-2024,0.7
METEOROLOGICA ESCUELA RURAL CHAIHUIN,05-02-2024,8.5
METEOROLOGICA ESCUELA RURAL CHAIHUIN,06-02-2024,28.9
METEOROLOGICA ESCUELA RURAL CHAIHUIN,07-02-2024,0.1
METEOROLOGICA ESCUELA RURAL CHAIHUIN,08-02-2024,0
METEOROLOGICA ESCUELA RURAL CHAIHUIN,09-02-2024,0
METEOROLOGICA ESCUELA RURAL CHAIHUIN,10-02-2024,0
METEOROLOGICA ESCUELA RURAL CHAIHUIN,11-02-2024,0
METEOROLOGICA ESCUELA RURAL CHAIHUIN,12-02-2024,0
METEOROLOGICA ESCUELA RURAL CHAIHUIN,13-02-2024,0
METEOROLOGICA ESCUELA RURAL CHAIHUIN,14-02-2024,0
METEOROLOGICA ESCUELA RURAL CHAIHUIN,15-02-2024,0
METEOROLOGICA ESCUELA RURAL CHAIHUIN,16-02-2024,3.5
METEOROLOGICA ESCUELA RURAL CHAIHUIN,17-02-2024,0
METEOROLOGICA ESCUELA RURAL CHAIHUIN,18-02-2024,0
METEOROLOGICA ESCUELA RURAL CHAIHUIN,19-02-2024,0
METEOROLOGICA ESCUELA RURAL CHAIHUIN,20-02-2024,0
METEOROLOGICA ESCUELA RURAL CHAIHUIN,21-02-2024,3.2
METEOROLOGICA ESCUELA RURAL CHAIHUIN,22-02-2024,0.1
METEOROLOGICA ESCUELA RURAL CHAIHUIN,23-02-2024,0
METEOROLOGICA ESCUELA RURAL CHAIHUIN,24-02-2024,0
METEOROLOGICA ESCUELA RURAL CHAIHUIN,25-02-2024,0
METEOROLOGICA ESCUELA RURAL CHAIHUIN,26-02-2024,0
METEOROLOGICA ESCUELA RURAL CHAIHUIN,27-02-2024,3.6
METEOROLOGICA ESCUELA RURAL CHAIHUIN,28-02-2024,0
METEOROLOGICA ESCUELA RURAL CHAIHUIN,29-02-2024,0
METEOROLOGICA ESCUELA RURAL CHAIHUIN,01-03-2024,0
METEOROLOGICA ESCUELA RURAL CHAIHUIN,02-03-2024,0
METEOROLOGICA ESCUELA RURAL CHAIHUIN,03-03-2024,0
METEOROLOGICA ESCUELA RURAL CHAIHUIN,04-03-2024,0
METEOROLOGICA ESCUELA RURAL CHAIHUIN,05-03-2024,0
METEOROLOGICA ESCUELA RURAL CHAIHUIN,06-03-2024,0
METEOROLOGICA ESCUELA RURAL CHAIHUIN,07-03-2024,11.7
METEOROLOGICA ESCUELA RURAL CHAIHUIN,08-03-2024,0.1
METEOROLOGICA ESCUELA RURAL CHAIHUIN,09-03-2024,2
METEOROLOGICA ESCUELA RURAL CHAIHUIN,10-03-2024,0
METEOROLOGICA ESCUELA RURAL CHAIHUIN,11-03-2024,17.7
METEOROLOGICA ESCUELA RURAL CHAIHUIN,12-03-2024,0.1
METEOROLOGICA ESCUELA RURAL CHAIHUIN,13-03-2024,7.8
METEOROLOGICA ESCUELA RURAL CHAIHUIN,14-03-2024,0.1
METEOROLOGICA ESCUELA RURAL CHAIHUIN,15-03-2024,4.9
METEOROLOGICA ESCUELA RURAL CHAIHUIN,16-03-2024,0
METEOROLOGICA ESCUELA RURAL CHAIHUIN,17-03-2024,0
METEOROLOGICA ESCUELA RURAL CHAIHUIN,18-03-2024,0
METEOROLOGICA ESCUELA RURAL CHAIHUIN,19-03-2024,18
METEOROLOGICA ESCUELA RURAL CHAIHUIN,20-03-2024,0.1
METEOROLOGICA ESCUELA RURAL CHAIHUIN,21-03-2024,1.8
METEOROLOGICA ESCUELA RURAL CHAIHUIN,22-03-2024,23.8
METEOROLOGICA ESCUELA RURAL CHAIHUIN,23-03-2024,0.4
METEOROLOGICA ESCUELA RURAL CHAIHUIN,24-03-2024,0.2
METEOROLOGICA ESCUELA RURAL CHAIHUIN,25-03-2024,0.9
METEOROLOGICA ESCUELA RURAL CHAIHUIN,26-03-2024,0
METEOROLOGICA ESCUELA RURAL CHAIHUIN,27-03-2024,0
METEOROLOGICA ESCUELA RURAL CHAIHUIN,28-03-2024,1
METEOROLOGICA ESCUELA RURAL CHAIHUIN,29-03-2024,0.1
METEOROLOGICA ESCUELA RURAL CHAIHUIN,30-03-2024,0
METEOROLOGICA ESCUELA RURAL CHAIHUIN,31-03-2024,0
METEOROLOGICA ESCUELA RURAL CHAIHUIN,01-04-2024,25.9
METEOROLOGICA ESCUELA RURAL CHAIHUIN,02-04-2024,8.7
METEOROLOGICA ESCUELA RURAL CHAIHUIN,03-04-2024,7.6
METEOROLOGICA ESCUELA RURAL CHAIHUIN,04-04-2024,2.7
METEOROLOGICA ESCUELA RURAL CHAIHUIN,05-04-2024,0.1
METEOROLOGICA ESCUELA RURAL CHAIHUIN,06-04-2024,6.1
METEOROLOGICA ESCUELA RURAL CHAIHUIN,07-04-2024,19.3
METEOROLOGICA ESCUELA RURAL CHAIHUIN,08-04-2024,0.6
METEOROLOGICA ESCUELA RURAL CHAIHUIN,09-04-2024,0
METEOROLOGICA ESCUELA RURAL CHAIHUIN,10-04-2024,0
METEOROLOGICA ESCUELA RURAL CHAIHUIN,11-04-2024,0
METEOROLOGICA ESCUELA RURAL CHAIHUIN,12-04-2024,0
METEOROLOGICA ESCUELA RURAL CHAIHUIN,13-04-2024,0
METEOROLOGICA ESCUELA RURAL CHAIHUIN,14-04-2024,0
METEOROLOGICA ESCUELA RURAL CHAIHUIN,15-04-2024,9.7
METEOROLOGICA ESCUELA RURAL CHAIHUIN,16-04-2024,1.1
METEOROLOGICA ESCUELA RURAL CHAIHUIN,17-04-2024,0
METEOROLOGICA ESCUELA RURAL CHAIHUIN,18-04-2024,14.3
METEOROLOGICA ESCUELA RURAL CHAIHUIN,19-04-2024,0.2
METEOROLOGICA ESCUELA RURAL CHAIHUIN,20-04-2024,0
METEOROLOGICA ESCUELA RURAL CHAIHUIN,21-04-2024,8.3
METEOROLOGICA ESCUELA RURAL CHAIHUIN,22-04-2024,1.7
METEOROLOGICA ESCUELA RURAL CHAIHUIN,23-04-2024,0.2
METEOROLOGICA ESCUELA RURAL CHAIHUIN,24-04-2024,24.6
METEOROLOGICA ESCUELA RURAL CHAIHUIN,25-04-2024,9.8
METEOROLOGICA ESCUELA RURAL CHAIHUIN,26-04-2024,3.5
METEOROLOGICA ESCUELA RURAL CHAIHUIN,27-04-2024,12.8
METEOROLOGICA ESCUELA RURAL CHAIHUIN,28-04-2024,40.3
METEOROLOGICA ESCUELA RURAL CHAIHUIN,29-04-2024,10.1
METEOROLOGICA ESCUELA RURAL CHAIHUIN,30-04-2024,1.1
METEOROLOGICA ESCUELA RURAL CHAIHUIN,01-05-2024,0.7
METEOROLOGICA ESCUELA RURAL CHAIHUIN,02-05-2024,9
METEOROLOGICA ESCUELA RURAL CHAIHUIN,03-05-2024,48.5
METEOROLOGICA ESCUELA RURAL CHAIHUIN,04-05-2024,1.9
METEOROLOGICA ESCUELA RURAL CHAIHUIN,05-05-2024,32.9
METEOROLOGICA ESCUELA RURAL CHAIHUIN,06-05-2024,24.6
METEOROLOGICA ESCUELA RURAL CHAIHUIN,07-05-2024,2.7
METEOROLOGICA ESCUELA RURAL CHAIHUIN,08-05-2024,8.9
METEOROLOGICA ESCUELA RURAL CHAIHUIN,09-05-2024,7.1
METEOROLOGICA ESCUELA RURAL CHAIHUIN,10-05-2024,1.3
METEOROLOGICA ESCUELA RURAL CHAIHUIN,11-05-2024,9.1
METEOROLOGICA ESCUELA RURAL CHAIHUIN,12-05-2024,0
METEOROLOGICA ESCUELA RURAL CHAIHUIN,13-05-2024,0
METEOROLOGICA ESCUELA RURAL CHAIHUIN,14-05-2024,0
METEOROLOGICA ESCUELA RURAL CHAIHUIN,15-05-2024,0
METEOROLOGICA ESCUELA RURAL CHAIHUIN,16-05-2024,0
METEOROLOGICA ESCUELA RURAL CHAIHUIN,17-05-2024,0.1
METEOROLOGICA ESCUELA RURAL CHAIHUIN,18-05-2024,12.1
METEOROLOGICA ESCUELA RURAL CHAIHUIN,19-05-2024,17
METEOROLOGICA ESCUELA RURAL CHAIHUIN,20-05-2024,19.9
METEOROLOGICA ESCUELA RURAL CHAIHUIN,21-05-2024,1
METEOROLOGICA ESCUELA RURAL CHAIHUIN,22-05-2024,0.2
METEOROLOGICA ESCUELA RURAL CHAIHUIN,23-05-2024,0
METEOROLOGICA ESCUELA RURAL CHAIHUIN,24-05-2024,0.1
METEOROLOGICA ESCUELA RURAL CHAIHUIN,25-05-2024,0
METEOROLOGICA ESCUELA RURAL CHAIHUIN,26-05-2024,0
METEOROLOGICA ESCUELA RURAL CHAIHUIN,27-05-2024,0
METEOROLOGICA ESCUELA RURAL CHAIHUIN,28-05-2024,24.4
METEOROLOGICA ESCUELA RURAL CHAIHUIN,29-05-2024,2.2
METEOROLOGICA ESCUELA RURAL CHAIHUIN,30-05-2024,4.5
METEOROLOGICA ESCUELA RURAL CHAIHUIN,31-05-2024,34.5
METEOROLOGICA ESCUELA RURAL CHAIHUIN,01-06-2024,13.7
METEOROLOGICA ESCUELA RURAL CHAIHUIN,02-06-2024,0.1
METEOROLOGICA ESCUELA RURAL CHAIHUIN,03-06-2024,3.6
METEOROLOGICA ESCUELA RURAL CHAIHUIN,04-06-2024,26.2
METEOROLOGICA ESCUELA RURAL CHAIHUIN,05-06-2024,16.8
METEOROLOGICA ESCUELA RURAL CHAIHUIN,06-06-2024,2.2
METEOROLOGICA ESCUELA RURAL CHAIHUIN,07-06-2024,17.3
METEOROLOGICA ESCUELA RURAL CHAIHUIN,08-06-2024,42.1
METEOROLOGICA ESCUELA RURAL CHAIHUIN,09-06-2024,6.2
METEOROLOGICA ESCUELA RURAL CHAIHUIN,10-06-2024,44.7
METEOROLOGICA ESCUELA RURAL CHAIHUIN,11-06-2024,26.7
METEOROLOGICA ESCUELA RURAL CHAIHUIN,12-06-2024,30.1
METEOROLOGICA ESCUELA RURAL CHAIHUIN,13-06-2024,4.4
METEOROLOGICA ESCUELA RURAL CHAIHUIN,14-06-2024,0.7
METEOROLOGICA ESCUELA RURAL CHAIHUIN,15-06-2024,0
METEOROLOGICA ESCUELA RURAL CHAIHUIN,16-06-2024,32.9
METEOROLOGICA ESCUELA RURAL CHAIHUIN,17-06-2024,13.9
METEOROLOGICA ESCUELA RURAL CHAIHUIN,18-06-2024,11.5
METEOROLOGICA ESCUELA RURAL CHAIHUIN,19-06-2024,27.3
METEOROLOGICA ESCUELA RURAL CHAIHUIN,20-06-2024,17.6
METEOROLOGICA ESCUELA RURAL CHAIHUIN,21-06-2024,47.6
METEOROLOGICA ESCUELA RURAL CHAIHUIN,22-06-2024,15.6
METEOROLOGICA ESCUELA RURAL CHAIHUIN,23-06-2024,17.3
METEOROLOGICA ESCUELA RURAL CHAIHUIN,24-06-2024,0.2
METEOROLOGICA ESCUELA RURAL CHAIHUIN,25-06-2024,62.8
METEOROLOGICA ESCUELA RURAL CHAIHUIN,26-06-2024,52
METEOROLOGICA ESCUELA RURAL CHAIHUIN,27-06-2024,3.7
METEOROLOGICA ESCUELA RURAL CHAIHUIN,28-06-2024,0.1
METEOROLOGICA ESCUELA RURAL CHAIHUIN,29-06-2024,29.9
METEOROLOGICA ESCUELA RURAL CHAIHUIN,30-06-2024,10.4
METEOROLOGICA ESCUELA RURAL CHAIHUIN,01-07-2024,20.9
METEOROLOGICA ESCUELA RURAL CHAIHUIN,02-07-2024,2.9
METEOROLOGICA ESCUELA RURAL CHAIHUIN,03-07-2024,6.1
METEOROLOGICA ESCUELA RURAL CHAIHUIN,04-07-2024,0.1
METEOROLOGICA ESCUELA RURAL CHAIHUIN,05-07-2024,0.2
METEOROLOGICA ESCUELA RURAL CHAIHUIN,06-07-2024,0.3
METEOROLOGICA ESCUELA RURAL CHAIHUIN,07-07-2024,0
METEOROLOGICA ESCUELA RURAL CHAIHUIN,08-07-2024,0.1
METEOROLOGICA ESCUELA RURAL CHAIHUIN,09-07-2024,0.1
METEOROLOGICA ESCUELA RURAL CHAIHUIN,10-07-2024,0
METEOROLOGICA ESCUELA RURAL CHAIHUIN,11-07-2024,0
METEOROLOGICA ESCUELA RURAL CHAIHUIN,12-07-2024,0
METEOROLOGICA ESCUELA RURAL CHAIHUIN,13-07-2024,0
METEOROLOGICA ESCUELA RURAL CHAIHUIN,14-07-2024,0
METEOROLOGICA ESCUELA RURAL CHAIHUIN,15-07-2024,9.7
METEOROLOGICA ESCUELA RURAL CHAIHUIN,16-07-2024,0.2
METEOROLOGICA ESCUELA RURAL CHAIHUIN,17-07-2024,21.6
METEOROLOGICA ESCUELA RURAL CHAIHUIN,18-07-2024,0.1
METEOROLOGICA ESCUELA RURAL CHAIHUIN,19-07-2024,0
METEOROLOGICA ESCUELA RURAL CHAIHUIN,20-07-2024,0
METEOROLOGICA ESCUELA RURAL CHAIHUIN,21-07-2024,0.1
METEOROLOGICA ESCUELA RURAL CHAIHUIN,22-07-2024,0
METEOROLOGICA ESCUELA RURAL CHAIHUIN,23-07-2024,11.8
METEOROLOGICA ESCUELA RURAL CHAIHUIN,24-07-2024,20.3
METEOROLOGICA ESCUELA RURAL CHAIHUIN,25-07-2024,0
METEOROLOGICA ESCUELA RURAL CHAIHUIN,26-07-2024,6.3
METEOROLOGICA ESCUELA RURAL CHAIHUIN,27-07-2024,0.4
METEOROLOGICA ESCUELA RURAL CHAIHUIN,28-07-2024,0.2
METEOROLOGICA ESCUELA RURAL CHAIHUIN,29-07-2024,0
METEOROLOGICA ESCUELA RURAL CHAIHUIN,30-07-2024,0
METEOROLOGICA ESCUELA RURAL CHAIHUIN,31-07-2024,82
METEOROLOGICA ESCUELA RURAL CHAIHUIN,01-08-2024,50.3
METEOROLOGICA ESCUELA RURAL CHAIHUIN,02-08-2024,8.8
METEOROLOGICA ESCUELA RURAL CHAIHUIN,03-08-2024,9.7
METEOROLOGICA ESCUELA RURAL CHAIHUIN,04-08-2024,20.3
METEOROLOGICA ESCUELA RURAL CHAIHUIN,05-08-2024,5.4
METEOROLOGICA ESCUELA RURAL CHAIHUIN,06-08-2024,0
METEOROLOGICA ESCUELA RURAL CHAIHUIN,07-08-2024,0.2
METEOROLOGICA ESCUELA RURAL CHAIHUIN,08-08-2024,0
METEOROLOGICA ESCUELA RURAL CHAIHUIN,09-08-2024,26.4
METEOROLOGICA ESCUELA RURAL CHAIHUIN,10-08-2024,0.6
METEOROLOGICA ESCUELA RURAL CHAIHUIN,11-08-2024,0
METEOROLOGICA ESCUELA RURAL CHAIHUIN,12-08-2024,0
METEOROLOGICA ESCUELA RURAL CHAIHUIN,13-08-2024,23.1
METEOROLOGICA ESCUELA RURAL CHAIHUIN,14-08-2024,2.5
METEOROLOGICA ESCUELA RURAL CHAIHUIN,15-08-2024,0
METEOROLOGICA ESCUELA RURAL CHAIHUIN,16-08-2024,0
METEOROLOGICA ESCUELA RURAL CHAIHUIN,17-08-2024,0.1
METEOROLOGICA ESCUELA RURAL CHAIHUIN,18-08-2024,0.1
METEOROLOGICA ESCUELA RURAL CHAIHUIN,19-08-2024,0
METEOROLOGICA ESCUELA RURAL CHAIHUIN,20-08-2024,0.6
METEOROLOGICA ESCUELA RURAL CHAIHUIN,21-08-2024,0.7
METEOROLOGICA ESCUELA RURAL CHAIHUIN,22-08-2024,0.1
METEOROLOGICA ESCUELA RURAL CHAIHUIN,23-08-2024,0
METEOROLOGICA ESCUELA RURAL CHAIHUIN,24-08-2024,0.1
METEOROLOGICA ESCUELA RURAL CHAIHUIN,25-08-2024,38.3
METEOROLOGICA ESCUELA RURAL CHAIHUIN,26-08-2024,1.9
METEOROLOGICA ESCUELA RURAL CHAIHUIN,27-08-2024,0
METEOROLOGICA ESCUELA RURAL CHAIHUIN,28-08-2024,0
METEOROLOGICA ESCUELA RURAL CHAIHUIN,29-08-2024,0
METEOROLOGICA ESCUELA RURAL CHAIHUIN,30-08-2024,0
METEOROLOGICA ESCUELA RURAL CHAIHUIN,31-08-2024,0
METEOROLOGICA ESCUELA RURAL CHAIHUIN,01-09-2024,29.8
METEOROLOGICA ESCUELA RURAL CHAIHUIN,02-09-2024,3.5
METEOROLOGICA ESCUELA RURAL CHAIHUIN,03-09-2024,11.7
METEOROLOGICA ESCUELA RURAL CHAIHUIN,04-09-2024,0.7
METEOROLOGICA ESCUELA RURAL CHAIHUIN,05-09-2024,24
METEOROLOGICA ESCUELA RURAL CHAIHUIN,06-09-2024,2.7
METEOROLOGICA ESCUELA RURAL CHAIHUIN,07-09-2024,2.8
METEOROLOGICA ESCUELA RURAL CHAIHUIN,08-09-2024,0.3
METEOROLOGICA ESCUELA RURAL CHAIHUIN,09-09-2024,24
METEOROLOGICA ESCUELA RURAL CHAIHUIN,10-09-2024,0.2
METEOROLOGICA ESCUELA RURAL CHAIHUIN,11-09-2024,0
METEOROLOGICA ESCUELA RURAL CHAIHUIN,12-09-2024,1.1
METEOROLOGICA ESCUELA RURAL CHAIHUIN,13-09-2024,2.7
METEOROLOGICA ESCUELA RURAL CHAIHUIN,14-09-2024,1.7
METEOROLOGICA ESCUELA RURAL CHAIHUIN,15-09-2024,0
METEOROLOGICA ESCUELA RURAL CHAIHUIN,16-09-2024,0
METEOROLOGICA ESCUELA RURAL CHAIHUIN,17-09-2024,0
METEOROLOGICA ESCUELA RURAL CHAIHUIN,18-09-2024,33
METEOROLOGICA ESCUELA RURAL CHAIHUIN,19-09-2024,3.6
METEOROLOGICA ESCUELA RURAL CHAIHUIN,20-09-2024,31.9
METEOROLOGICA ESCUELA RURAL CHAIHUIN,21-09-2024,0.4
METEOROLOGICA ESCUELA RURAL CHAIHUIN,22-09-2024,10.6
METEOROLOGICA ESCUELA RURAL CHAIHUIN,23-09-2024,0.6
METEOROLOGICA ESCUELA RURAL CHAIHUIN,24-09-2024,8.4
METEOROLOGICA ESCUELA RURAL CHAIHUIN,25-09-2024,0.1
METEOROLOGICA ESCUELA RURAL CHAIHUIN,26-09-2024,0
METEOROLOGICA ESCUELA RURAL CHAIHUIN,27-09-2024,25.7
METEOROLOGICA ESCUELA RURAL CHAIHUIN,28-09-2024,10.3
METEOROLOGICA ESCUELA RURAL CHAIHUIN,29-09-2024,41.5
METEOROLOGICA ESCUELA RURAL CHAIHUIN,30-09-2024,0
METEOROLOGICA ESCUELA RURAL CHAIHUIN,01-10-2024,0
METEOROLOGICA ESCUELA RURAL CHAIHUIN,02-10-2024,0
METEOROLOGICA ESCUELA RURAL CHAIHUIN,03-10-2024,0
METEOROLOGICA ESCUELA RURAL CHAIHUIN,04-10-2024,0
METEOROLOGICA ESCUELA RURAL CHAIHUIN,05-10-2024,0
METEOROLOGICA ESCUELA RURAL CHAIHUIN,06-10-2024,0
METEOROLOGICA ESCUELA RURAL CHAIHUIN,07-10-2024,0
METEOROLOGICA ESCUELA RURAL CHAIHUIN,08-10-2024,0
METEOROLOGICA ESCUELA RURAL CHAIHUIN,09-10-2024,0.1
METEOROLOGICA ESCUELA RURAL CHAIHUIN,10-10-2024,22.4
METEOROLOGICA ESCUELA RURAL CHAIHUIN,11-10-2024,0.1
METEOROLOGICA ESCUELA RURAL CHAIHUIN,12-10-2024,0
METEOROLOGICA ESCUELA RURAL CHAIHUIN,13-10-2024,0
METEOROLOGICA ESCUELA RURAL CHAIHUIN,14-10-2024,0
METEOROLOGICA ESCUELA RURAL CHAIHUIN,15-10-2024,0
METEOROLOGICA ESCUELA RURAL CHAIHUIN,16-10-2024,15.2
METEOROLOGICA ESCUELA RURAL CHAIHUIN,17-10-2024,0.2
METEOROLOGICA ESCUELA RURAL CHAIHUIN,18-10-2024,0
METEOROLOGICA ESCUELA RURAL CHAIHUIN,19-10-2024,3.3
METEOROLOGICA ESCUELA RURAL CHAIHUIN,20-10-2024,4.9
METEOROLOGICA ESCUELA RURAL CHAIHUIN,21-10-2024,0.1
METEOROLOGICA ESCUELA RURAL CHAIHUIN,22-10-2024,0
METEOROLOGICA ESCUELA RURAL CHAIHUIN,23-10-2024,1.1
METEOROLOGICA ESCUELA RURAL CHAIHUIN,24-10-2024,1.9
METEOROLOGICA ESCUELA RURAL CHAIHUIN,25-10-2024,0
METEOROLOGICA ESCUELA RURAL CHAIHUIN,26-10-2024,0
METEOROLOGICA ESCUELA RURAL CHAIHUIN,27-10-2024,0
METEOROLOGICA ESCUELA RURAL CHAIHUIN,28-10-2024,0
METEOROLOGICA ESCUELA RURAL CHAIHUIN,29-10-2024,0
METEOROLOGICA ESCUELA RURAL CHAIHUIN,30-10-2024,0
METEOROLOGICA ESCUELA RURAL CHAIHUIN,31-10-2024,19
METEOROLOGICA ESCUELA RURAL CHAIHUIN,01-11-2024,8.9
METEOROLOGICA ESCUELA RURAL CHAIHUIN,02-11-2024,0
METEOROLOGICA ESCUELA RURAL CHAIHUIN,03-11-2024,16.2
METEOROLOGICA ESCUELA RURAL CHAIHUIN,04-11-2024,0.6
METEOROLOGICA ESCUELA RURAL CHAIHUIN,05-11-2024,1.3
METEOROLOGICA ESCUELA RURAL CHAIHUIN,06-11-2024,0.1
METEOROLOGICA ESCUELA RURAL CHAIHUIN,07-11-2024,1.6
METEOROLOGICA ESCUELA RURAL CHAIHUIN,08-11-2024,41.9
METEOROLOGICA ESCUELA RURAL CHAIHUIN,09-11-2024,0.7
METEOROLOGICA ESCUELA RURAL CHAIHUIN,10-11-2024,6.6
METEOROLOGICA ESCUELA RURAL CHAIHUIN,11-11-2024,0.1
METEOROLOGICA ESCUELA RURAL CHAIHUIN,12-11-2024,0.1
METEOROLOGICA ESCUELA RURAL CHAIHUIN,13-11-2024,0.4
METEOROLOGICA ESCUELA RURAL CHAIHUIN,14-11-2024,18
METEOROLOGICA ESCUELA RURAL CHAIHUIN,15-11-2024,0.5
METEOROLOGICA ESCUELA RURAL CHAIHUIN,16-11-2024,0.2
METEOROLOGICA ESCUELA RURAL CHAIHUIN,17-11-2024,0
METEOROLOGICA ESCUELA RURAL CHAIHUIN,18-11-2024,0
METEOROLOGICA ESCUELA RURAL CHAIHUIN,19-11-2024,0
METEOROLOGICA ESCUELA RURAL CHAIHUIN,20-11-2024,0
METEOROLOGICA ESCUELA RURAL CHAIHUIN,21-11-2024,0
METEOROLOGICA ESCUELA RURAL CHAIHUIN,22-11-2024,1.8
METEOROLOGICA ESCUELA RURAL CHAIHUIN,23-11-2024,4.1
METEOROLOGICA ESCUELA RURAL CHAIHUIN,24-11-2024,0.5
METEOROLOGICA ESCUELA RURAL CHAIHUIN,25-11-2024,10.5
METEOROLOGICA ESCUELA RURAL CHAIHUIN,26-11-2024,3.1
METEOROLOGICA ESCUELA RURAL CHAIHUIN,27-11-2024,8.4
METEOROLOGICA ESCUELA RURAL CHAIHUIN,28-11-2024,0
METEOROLOGICA ESCUELA RURAL CHAIHUIN,29-11-2024,0
METEOROLOGICA ESCUELA RURAL CHAIHUIN,30-11-2024,0.8
METEOROLOGICA ESCUELA RURAL CHAIHUIN,01-12-2024,2.4
METEOROLOGICA ESCUELA RURAL CHAIHUIN,02-12-2024,0
METEOROLOGICA ESCUELA RURAL CHAIHUIN,03-12-2024,0
METEOROLOGICA ESCUELA RURAL CHAIHUIN,04-12-2024,14.8
METEOROLOGICA ESCUELA RURAL CHAIHUIN,05-12-2024,6.6
METEOROLOGICA ESCUELA RURAL CHAIHUIN,06-12-2024,0.1
METEOROLOGICA ESCUELA RURAL CHAIHUIN,07-12-2024,0
METEOROLOGICA ESCUELA RURAL CHAIHUIN,08-12-2024,0
METEOROLOGICA ESCUELA RURAL CHAIHUIN,09-12-2024,0
METEOROLOGICA ESCUELA RURAL CHAIHUIN,10-12-2024,0
METEOROLOGICA ESCUELA RURAL CHAIHUIN,11-12-2024,0
METEOROLOGICA ESCUELA RURAL CHAIHUIN,12-12-2024,0
METEOROLOGICA ESCUELA RURAL CHAIHUIN,13-12-2024,0
METEOROLOGICA ESCUELA RURAL CHAIHUIN,14-12-2024,0
METEOROLOGICA ESCUELA RURAL CHAIHUIN,15-12-2024,0
METEOROLOGICA ESCUELA RURAL CHAIHUIN,16-12-2024,0
METEOROLOGICA ESCUELA RURAL CHAIHUIN,17-12-2024,0.5
METEOROLOGICA ESCUELA RURAL CHAIHUIN,18-12-2024,0.2
METEOROLOGICA ESCUELA RURAL CHAIHUIN,19-12-2024,3.3
METEOROLOGICA ESCUELA RURAL CHAIHUIN,20-12-2024,0.6
METEOROLOGICA ESCUELA RURAL CHAIHUIN,21-12-2024,0
METEOROLOGICA ESCUELA RURAL CHAIHUIN,22-12-2024,0
METEOROLOGICA ESCUELA RURAL CHAIHUIN,23-12-2024,0
METEOROLOGICA ESCUELA RURAL CHAIHUIN,24-12-2024,0
METEOROLOGICA ESCUELA RURAL CHAIHUIN,25-12-2024,0
METEOROLOGICA ESCUELA RURAL CHAIHUIN,26-12-2024,0
METEOROLOGICA ESCUELA RURAL CHAIHUIN,27-12-2024,0
METEOROLOGICA ESCUELA RURAL CHAIHUIN,28-12-2024,0
METEOROLOGICA ESCUELA RURAL CHAIHUIN,29-12-2024,0.2
METEOROLOGICA ESCUELA RURAL CHAIHUIN,30-12-2024,3.5
METEOROLOGICA ESCUELA RURAL CHAIHUIN,31-12-2024,0
METEOROLOGICA ESCUELA RURAL CHAIHUIN,01-08-2025,21.2
METEOROLOGICA ESCUELA RURAL CHAIHUIN,02-08-2025,5.2
METEOROLOGICA ESCUELA RURAL CHAIHUIN,03-08-2025,0.2
METEOROLOGICA ESCUELA RURAL CHAIHUIN,04-08-2025,11.9
METEOROLOGICA ESCUELA RURAL CHAIHUIN,05-08-2025,2.7
METEOROLOGICA ESCUELA RURAL CHAIHUIN,06-08-2025,0.2
METEOROLOGICA ESCUELA RURAL CHAIHUIN,07-08-2025,0
METEOROLOGICA ESCUELA RURAL CHAIHUIN,08-08-2025,0
METEOROLOGICA ESCUELA RURAL CHAIHUIN,09-08-2025,8.4
METEOROLOGICA ESCUELA RURAL CHAIHUIN,10-08-2025,29.4
METEOROLOGICA ESCUELA RURAL CHAIHUIN,11-08-2025,29.8
METEOROLOGICA ESCUELA RURAL CHAIHUIN,12-08-2025,2
METEOROLOGICA ESCUELA RURAL CHAIHUIN,13-08-2025,0
METEOROLOGICA ESCUELA RURAL CHAIHUIN,14-08-2025,0
METEOROLOGICA ESCUELA RURAL CHAIHUIN,15-08-2025,0
METEOROLOGICA ESCUELA RURAL CHAIHUIN,16-08-2025,0
METEOROLOGICA ESCUELA RURAL CHAIHUIN,17-08-2025,0
METEOROLOGICA ESCUELA RURAL CHAIHUIN,18-08-2025,2.2
METEOROLOGICA ESCUELA RURAL CHAIHUIN,19-08-2025,14.4
METEOROLOGICA ESCUELA RURAL CHAIHUIN,20-08-2025,11.2
METEOROLOGICA ESCUELA RURAL CHAIHUIN,21-08-2025,9.3
METEOROLOGICA ESCUELA RURAL CHAIHUIN,22-08-2025,2.9
METEOROLOGICA ESCUELA RURAL CHAIHUIN,23-08-2025,27.8
METEOROLOGICA ESCUELA RURAL CHAIHUIN,24-08-2025,27.4
METEOROLOGICA ESCUELA RURAL CHAIHUIN,25-08-2025,0.4
METEOROLOGICA ESCUELA RURAL CHAIHUIN,26-08-2025,0.1
METEOROLOGICA ESCUELA RURAL CHAIHUIN,27-08-2025,0
METEOROLOGICA ESCUELA RURAL CHAIHUIN,28-08-2025,0
METEOROLOGICA ESCUELA RURAL CHAIHUIN,29-08-2025,0
METEOROLOGICA ESCUELA RURAL CHAIHUIN,30-08-2025,0
METEOROLOGICA ESCUELA RURAL CHAIHUIN,31-08-2025,0.4
METEOROLOGICA ESCUELA RURAL CHAIHUIN,01-09-2025,10.9
METEOROLOGICA ESCUELA RURAL CHAIHUIN,02-09-2025,3.7
METEOROLOGICA ESCUELA RURAL CHAIHUIN,03-09-2025,0.6
METEOROLOGICA ESCUELA RURAL CHAIHUIN,04-09-2025,0
METEOROLOGICA ESCUELA RURAL CHAIHUIN,05-09-2025,0
METEOROLOGICA ESCUELA RURAL CHAIHUIN,06-09-2025,0
METEOROLOGICA ESCUELA RURAL CHAIHUIN,07-09-2025,0.7
METEOROLOGICA ESCUELA RURAL CHAIHUIN,08-09-2025,56.1
METEOROLOGICA ESCUELA RURAL CHAIHUIN,09-09-2025,11.6
METEOROLOGICA ESCUELA RURAL CHAIHUIN,10-09-2025,0.4
METEOROLOGICA ESCUELA RURAL CHAIHUIN,11-09-2025,0
METEOROLOGICA ESCUELA RURAL CHAIHUIN,12-09-2025,26
METEOROLOGICA ESCUELA RURAL CHAIHUIN,13-09-2025,13.3
METEOROLOGICA ESCUELA RURAL CHAIHUIN,14-09-2025,0
METEOROLOGICA ESCUELA RURAL CHAIHUIN,15-09-2025,7.5
METEOROLOGICA ESCUELA RURAL CHAIHUIN,16-09-2025,3.2
METEOROLOGICA ESCUELA RURAL CHAIHUIN,17-09-2025,20.3
METEOROLOGICA ESCUELA RURAL CHAIHUIN,18-09-2025,24.8
METEOROLOGICA ESCUELA RURAL CHAIHUIN,19-09-2025,33.1
METEOROLOGICA ESCUELA RURAL CHAIHUIN,20-09-2025,31.2
METEOROLOGICA ESCUELA RURAL CHAIHUIN,21-09-2025,7
METEOROLOGICA ESCUELA RURAL CHAIHUIN,22-09-2025,0
METEOROLOGICA ESCUELA RURAL CHAIHUIN,23-09-2025,0
METEOROLOGICA ESCUELA RURAL CHAIHUIN,24-09-2025,0
METEOROLOGICA ESCUELA RURAL CHAIHUIN,25-09-2025,8.9
METEOROLOGICA ESCUELA RURAL CHAIHUIN,26-09-2025,0.9
METEOROLOGICA ESCUELA RURAL CHAIHUIN,27-09-2025,20.5
METEOROLOGICA ESCUELA RURAL CHAIHUIN,28-09-2025,2.3
METEOROLOGICA ESCUELA RURAL CHAIHUIN,29-09-2025,2.5
METEOROLOGICA ESCUELA RURAL CHAIHUIN,30-09-2025,0.1
METEOROLOGICA ESCUELA RURAL CHAIHUIN,01-10-2025,0.1
METEOROLOGICA ESCUELA RURAL CHAIHUIN,02-10-2025,0
METEOROLOGICA ESCUELA RURAL CHAIHUIN,03-10-2025,57.3
METEOROLOGICA ESCUELA RURAL CHAIHUIN,04-10-2025,0.1
METEOROLOGICA ESCUELA RURAL CHAIHUIN,05-10-2025,10.1
METEOROLOGICA ESCUELA RURAL CHAIHUIN,06-10-2025,7
METEOROLOGICA ESCUELA RURAL CHAIHUIN,07-10-2025,0.1
METEOROLOGICA ESCUELA RURAL CHAIHUIN,08-10-2025,1.3
METEOROLOGICA ESCUELA RURAL CHAIHUIN,09-10-2025,8.7
METEOROLOGICA ESCUELA RURAL CHAIHUIN,10-10-2025,31.3
METEOROLOGICA ESCUELA RURAL CHAIHUIN,11-10-2025,4.8
METEOROLOGICA ESCUELA RURAL CHAIHUIN,12-10-2025,0.7
METEOROLOGICA ESCUELA RURAL CHAIHUIN,13-10-2025,2.4
METEOROLOGICA ESCUELA RURAL CHAIHUIN,14-10-2025,30.4
METEOROLOGICA ESCUELA RURAL CHAIHUIN,15-10-2025,0.3
METEOROLOGICA ESCUELA RURAL CHAIHUIN,16-10-2025,0
METEOROLOGICA ESCUELA RURAL CHAIHUIN,17-10-2025,0
METEOROLOGICA ESCUELA RURAL CHAIHUIN,18-10-2025,0
METEOROLOGICA ESCUELA RURAL CHAIHUIN,19-10-2025,15.4
METEOROLOGICA ESCUELA RURAL CHAIHUIN,20-10-2025,3.5
METEOROLOGICA ESCUELA RURAL CHAIHUIN,21-10-2025,0
METEOROLOGICA ESCUELA RURAL CHAIHUIN,22-10-2025,0.6
METEOROLOGICA ESCUELA RURAL CHAIHUIN,23-10-2025,6.7
METEOROLOGICA ESCUELA RURAL CHAIHUIN,24-10-2025,1.4
METEOROLOGICA ESCUELA RURAL CHAIHUIN,25-10-2025,32.1
METEOROLOGICA ESCUELA RURAL CHAIHUIN,26-10-2025,0
METEOROLOGICA ESCUELA RURAL CHAIHUIN,27-10-2025,0
METEOROLOGICA ESCUELA RURAL CHAIHUIN,28-10-2025,0
METEOROLOGICA ESCUELA RURAL CHAIHUIN,29-10-2025,0
METEOROLOGICA ESCUELA RURAL CHAIHUIN,30-10-2025,10.4
METEOROLOGICA ESCUELA RURAL CHAIHUIN,31-10-2025,0.1
METEOROLOGICA ESCUELA RURAL CHAIHUIN,01-11-2025,0.2
METEOROLOGICA ESCUELA RURAL CHAIHUIN,02-11-2025,0
METEOROLOGICA ESCUELA RURAL CHAIHUIN,03-11-2025,0
METEOROLOGICA ESCUELA RURAL CHAIHUIN,04-11-2025,0
METEOROLOGICA ESCUELA RURAL CHAIHUIN,05-11-2025,0
METEOROLOGICA ESCUELA RURAL CHAIHUIN,06-11-2025,0
METEOROLOGICA ESCUELA RURAL CHAIHUIN,07-11-2025,0
METEOROLOGICA ESCUELA RURAL CHAIHUIN,08-11-2025,0.5
METEOROLOGICA ESCUELA RURAL CHAIHUIN,09-11-2025,0.1
METEOROLOGICA ESCUELA RURAL CHAIHUIN,10-11-2025,9.1
METEOROLOGICA ESCUELA RURAL CHAIHUIN,11-11-2025,1.5
METEOROLOGICA ESCUELA RURAL CHAIHUIN,12-11-2025,0
METEOROLOGICA ESCUELA RURAL CHAIHUIN,13-11-2025,0
METEOROLOGICA ESCUELA RURAL CHAIHUIN,14-11-2025,0
METEOROLOGICA ESCUELA RURAL CHAIHUIN,15-11-2025,1.1
METEOROLOGICA ESCUELA RURAL CHAIHUIN,16-11-2025,0
METEOROLOGICA ESCUELA RURAL CHAIHUIN,17-11-2025,6.4
METEOROLOGICA ESCUELA RURAL CHAIHUIN,18-11-2025,0.1
METEOROLOGICA ESCUELA RURAL CHAIHUIN,19-11-2025,6.7
METEOROLOGICA ESCUELA RURAL CHAIHUIN,20-11-2025,0.1
METEOROLOGICA ESCUELA RURAL CHAIHUIN,21-11-2025,0
METEOROLOGICA ESCUELA RURAL CHAIHUIN,22-11-2025,0
METEOROLOGICA ESCUELA RURAL CHAIHUIN,23-11-2025,0
METEOROLOGICA ESCUELA RURAL CHAIHUIN,24-11-2025,0
METEOROLOGICA ESCUELA RURAL CHAIHUIN,25-11-2025,0
METEOROLOGICA ESCUELA RURAL CHAIHUIN,26-11-2025,0.1
METEOROLOGICA ESCUELA RURAL CHAIHUIN,27-11-2025,0.1
METEOROLOGICA ESCUELA RURAL CHAIHUIN,28-11-2025,4.9
METEOROLOGICA ESCUELA RURAL CHAIHUIN,29-11-2025,4
METEOROLOGICA ESCUELA RURAL CHAIHUIN,30-11-2025,0.1
METEOROLOGICA ESCUELA RURAL CHAIHUIN,01-12-2025,0.2
METEOROLOGICA ESCUELA RURAL CHAIHUIN,02-12-2025,13.2
METEOROLOGICA ESCUELA RURAL CHAIHUIN,03-12-2025,2.6
METEOROLOGICA ESCUELA RURAL CHAIHUIN,04-12-2025,0
METEOROLOGICA ESCUELA RURAL CHAIHUIN,05-12-2025,0
METEOROLOGICA ESCUELA RURAL CHAIHUIN,06-12-2025,0
METEOROLOGICA ESCUELA RURAL CHAIHUIN,07-12-2025,0
METEOROLOGICA ESCUELA RURAL CHAIHUIN,08-12-2025,0
METEOROLOGICA ESCUELA RURAL CHAIHUIN,09-12-2025,0
METEOROLOGICA ESCUELA RURAL CHAIHUIN,10-12-2025,0
METEOROLOGICA ESCUELA RURAL CHAIHUIN,11-12-2025,7
METEOROLOGICA ESCUELA RURAL CHAIHUIN,12-12-2025,0.7
METEOROLOGICA ESCUELA RURAL CHAIHUIN,13-12-2025,1.1
METEOROLOGICA ESCUELA RURAL CHAIHUIN,14-12-2025,7.3
METEOROLOGICA ESCUELA RURAL CHAIHUIN,15-12-2025,3.4
METEOROLOGICA ESCUELA RURAL CHAIHUIN,16-12-2025,0.1
METEOROLOGICA ESCUELA RURAL CHAIHUIN,17-12-2025,0
METEOROLOGICA ESCUELA RURAL CHAIHUIN,18-12-2025,0
METEOROLOGICA ESCUELA RURAL CHAIHUIN,19-12-2025,38.5
METEOROLOGICA ESCUELA RURAL CHAIHUIN,20-12-2025,57.1
METEOROLOGICA ESCUELA RURAL CHAIHUIN,21-12-2025,2.7
METEOROLOGICA ESCUELA RURAL CHAIHUIN,22-12-2025,9.5
METEOROLOGICA ESCUELA RURAL CHAIHUIN,23-12-2025,2.8
METEOROLOGICA ESCUELA RURAL CHAIHUIN,24-12-2025,2.5
METEOROLOGICA ESCUELA RURAL CHAIHUIN,25-12-2025,1.1
METEOROLOGICA ESCUELA RURAL CHAIHUIN,26-12-2025,0.6
METEOROLOGICA ESCUELA RURAL CHAIHUIN,27-12-2025,0
METEOROLOGICA ESCUELA RURAL CHAIHUIN,28-12-2025,0
METEOROLOGICA ESCUELA RURAL CHAIHUIN,29-12-2025,0
METEOROLOGICA ESCUELA RURAL CHAIHUIN,30-12-2025,0
METEOROLOGICA ESCUELA RURAL CHAIHUIN,31-12-2025,0
METEOROLOGICA ESCUELA RURAL CHAIHUIN,01-01-2026,0
METEOROLOGICA ESCUELA RURAL CHAIHUIN,02-01-2026,0
METEOROLOGICA ESCUELA RURAL CHAIHUIN,03-01-2026,0
METEOROLOGICA ESCUELA RURAL CHAIHUIN,04-01-2026,0.9
METEOROLOGICA ESCUELA RURAL CHAIHUIN,05-01-2026,0
METEOROLOGICA ESCUELA RURAL CHAIHUIN,06-01-2026,0
METEOROLOGICA ESCUELA RURAL CHAIHUIN,07-01-2026,0
METEOROLOGICA ESCUELA RURAL CHAIHUIN,08-01-2026,0
METEOROLOGICA ESCUELA RURAL CHAIHUIN,09-01-2026,0
METEOROLOGICA ESCUELA RURAL CHAIHUIN,10-01-2026,0
METEOROLOGICA ESCUELA RURAL CHAIHUIN,11-01-2026,0
METEOROLOGICA ESCUELA RURAL CHAIHUIN,12-01-2026,0
METEOROLOGICA ESCUELA RURAL CHAIHUIN,13-01-2026,0
METEOROLOGICA ESCUELA RURAL CHAIHUIN,14-01-2026,16
METEOROLOGICA ESCUELA RURAL CHAIHUIN,15-01-2026,0.1
METEOROLOGICA ESCUELA RURAL CHAIHUIN,16-01-2026,0
METEOROLOGICA ESCUELA RURAL CHAIHUIN,17-01-2026,0
METEOROLOGICA ESCUELA RURAL CHAIHUIN,18-01-2026,0
METEOROLOGICA ESCUELA RURAL CHAIHUIN,19-01-2026,0
METEOROLOGICA ESCUELA RURAL CHAIHUIN,20-01-2026,0
METEOROLOGICA ESCUELA RURAL CHAIHUIN,21-01-2026,0
METEOROLOGICA ESCUELA RURAL CHAIHUIN,22-01-2026,0
METEOROLOGICA ESCUELA RURAL CHAIHUIN,23-01-2026,0
METEOROLOGICA ESCUELA RURAL CHAIHUIN,24-01-2026,0
METEOROLOGICA ESCUELA RURAL CHAIHUIN,25-01-2026,0
METEOROLOGICA ESCUELA RURAL CHAIHUIN,26-01-2026,0
METEOROLOGICA ESCUELA RURAL CHAIHUIN,27-01-2026,23.9
METEOROLOGICA ESCUELA RURAL CHAIHUIN,28-01-2026,0.1
METEOROLOGICA ESCUELA RURAL CHAIHUIN,29-01-2026,0
METEOROLOGICA ESCUELA RURAL CHAIHUIN,30-01-2026,0
METEOROLOGICA ESCUELA RURAL CHAIHUIN,31-01-2026,0
METEOROLOGICA ESCUELA RURAL CHAIHUIN,01-02-2026,5.4
METEOROLOGICA ESCUELA RURAL CHAIHUIN,02-02-2026,13.2
METEOROLOGICA ESCUELA RURAL CHAIHUIN,03-02-2026,4.2
METEOROLOGICA ESCUELA RURAL CHAIHUIN,04-02-2026,0
METEOROLOGICA ESCUELA RURAL CHAIHUIN,05-02-2026,0
METEOROLOGICA ESCUELA RURAL CHAIHUIN,06-02-2026,0
METEOROLOGICA ESCUELA RURAL CHAIHUIN,07-02-2026,0
METEOROLOGICA ESCUELA RURAL CHAIHUIN,08-02-2026,6
METEOROLOGICA ESCUELA RURAL CHAIHUIN,09-02-2026,0.2
METEOROLOGICA ESCUELA RURAL CHAIHUIN,10-02-2026,18
METEOROLOGICA ESCUELA RURAL CHAIHUIN,11-02-2026,0.9
METEOROLOGICA ESCUELA RURAL CHAIHUIN,12-02-2026,0
METEOROLOGICA ESCUELA RURAL CHAIHUIN,13-02-2026,0
METEOROLOGICA ESCUELA RURAL CHAIHUIN,14-02-2026,0
METEOROLOGICA ESCUELA RURAL CHAIHUIN,15-02-2026,0
METEOROLOGICA ESCUELA RURAL CHAIHUIN,16-02-2026,13.1
METEOROLOGICA ESCUELA RURAL CHAIHUIN,17-02-2026,3.2
METEOROLOGICA ESCUELA RURAL CHAIHUIN,18-02-2026,0.1
METEOROLOGICA ESCUELA RURAL CHAIHUIN,19-02-2026,0
METEOROLOGICA ESCUELA RURAL CHAIHUIN,20-02-2026,0
METEOROLOGICA ESCUELA RURAL CHAIHUIN,21-02-2026,0
METEOROLOGICA ESCUELA RURAL CHAIHUIN,22-02-2026,0
METEOROLOGICA ESCUELA RURAL CHAIHUIN,23-02-2026,0
METEOROLOGICA ESCUELA RURAL CHAIHUIN,24-02-2026,0
METEOROLOGICA ESCUELA RURAL CHAIHUIN,25-02-2026,0
METEOROLOGICA ESCUELA RURAL CHAIHUIN,26-02-2026,0.4
METEOROLOGICA ESCUELA RURAL CHAIHUIN,27-02-2026,3.5
METEOROLOGICA ESCUELA RURAL CHAIHUIN,28-02-2026,31
METEOROLOGICA ESCUELA RURAL CHAIHUIN,01-03-2026,15.3
METEOROLOGICA ESCUELA RURAL CHAIHUIN,02-03-2026,0.2
METEOROLOGICA ESCUELA RURAL CHAIHUIN,03-03-2026,3.8
METEOROLOGICA ESCUELA RURAL CHAIHUIN,04-03-2026,0.1
METEOROLOGICA ESCUELA RURAL CHAIHUIN,05-03-2026,0
METEOROLOGICA ESCUELA RURAL CHAIHUIN,06-03-2026,0
METEOROLOGICA ESCUELA RURAL CHAIHUIN,07-03-2026,0
METEOROLOGICA ESCUELA RURAL CHAIHUIN,08-03-2026,11
METEOROLOGICA ESCUELA RURAL CHAIHUIN,09-03-2026,2.3
METEOROLOGICA ESCUELA RURAL CHAIHUIN,10-03-2026,0.1
METEOROLOGICA ESCUELA RURAL CHAIHUIN,11-03-2026,7.6
METEOROLOGICA ESCUELA RURAL CHAIHUIN,12-03-2026,0.1
METEOROLOGICA ESCUELA RURAL CHAIHUIN,13-03-2026,0
METEOROLOGICA ESCUELA RURAL CHAIHUIN,14-03-2026,59.9
METEOROLOGICA ESCUELA RURAL CHAIHUIN,15-03-2026,11.3
METEOROLOGICA ESCUELA RURAL CHAIHUIN,16-03-2026,17.5
METEOROLOGICA ESCUELA RURAL CHAIHUIN,17-03-2026,1
METEOROLOGICA ESCUELA RURAL CHAIHUIN,18-03-2026,58.3
METEOROLOGICA ESCUELA RURAL CHAIHUIN,19-03-2026,3.3
METEOROLOGICA ESCUELA RURAL CHAIHUIN,20-03-2026,4.9
METEOROLOGICA ESCUELA RURAL CHAIHUIN,21-03-2026,39
METEOROLOGICA ESCUELA RURAL CHAIHUIN,22-03-2026,5
METEOROLOGICA ESCUELA RURAL CHAIHUIN,23-03-2026,40.7
METEOROLOGICA ESCUELA RURAL CHAIHUIN,24-03-2026,0.4
METEOROLOGICA ESCUELA RURAL CHAIHUIN,25-03-2026,0.6
METEOROLOGICA ESCUELA RURAL CHAIHUIN,26-03-2026,0
METEOROLOGICA ESCUELA RURAL CHAIHUIN,27-03-2026,0
METEOROLOGICA ESCUELA RURAL CHAIHUIN,28-03-2026,9.3
METEOROLOGICA ESCUELA RURAL CHAIHUIN,29-03-2026,17.3
METEOROLOGICA ESCUELA RURAL CHAIHUIN,30-03-2026,6.6
METEOROLOGICA ESCUELA RURAL CHAIHUIN,31-03-2026,0.2
METEOROLOGICA ESCUELA RURAL CHAIHUIN,01-04-2026,0
METEOROLOGICA ESCUELA RURAL CHAIHUIN,02-04-2026,1.7
METEOROLOGICA ESCUELA RURAL CHAIHUIN,03-04-2026,0.2
METEOROLOGICA ESCUELA RURAL CHAIHUIN,04-04-2026,0
METEOROLOGICA ESCUELA RURAL CHAIHUIN,05-04-2026,0
METEOROLOGICA ESCUELA RURAL CHAIHUIN,06-04-2026,0.1
METEOROLOGICA ESCUELA RURAL CHAIHUIN,07-04-2026,0.1
METEOROLOGICA ESCUELA RURAL CHAIHUIN,08-04-2026,0.1
METEOROLOGICA ESCUELA RURAL CHAIHUIN,09-04-2026,0
METEOROLOGICA ESCUELA RURAL CHAIHUIN,10-04-2026,6.9
METEOROLOGICA ESCUELA RURAL CHAIHUIN,11-04-2026,15.4
METEOROLOGICA ESCUELA RURAL CHAIHUIN,12-04-2026,0.1
METEOROLOGICA ESCUELA RURAL CHAIHUIN,13-04-2026,66.7
METEOROLOGICA ESCUELA RURAL CHAIHUIN,14-04-2026,3.1
METEOROLOGICA ESCUELA RURAL CHAIHUIN,15-04-2026,9.6
METEOROLOGICA ESCUELA RURAL CHAIHUIN,16-04-2026,43.4
METEOROLOGICA ESCUELA RURAL CHAIHUIN,17-04-2026,25.8
METEOROLOGICA ESCUELA RURAL CHAIHUIN,18-04-2026,1.1
METEOROLOGICA ESCUELA RURAL CHAIHUIN,19-04-2026,0.1
METEOROLOGICA ESCUELA RURAL CHAIHUIN,20-04-2026,0.1
METEOROLOGICA ESCUELA RURAL CHAIHUIN,21-04-2026,4
METEOROLOGICA ESCUELA RURAL CHAIHUIN,22-04-2026,1.6
METEOROLOGICA ESCUELA RURAL CHAIHUIN,23-04-2026,5.1
METEOROLOGICA ESCUELA RURAL CHAIHUIN,24-04-2026,0.1
METEOROLOGICA ESCUELA RURAL CHAIHUIN,25-04-2026,9.5
METEOROLOGICA ESCUELA RURAL CHAIHUIN,26-04-2026,8.2
METEOROLOGICA ESCUELA RURAL CHAIHUIN,27-04-2026,3.3
METEOROLOGICA ESCUELA RURAL CHAIHUIN,28-04-2026,27.1
METEOROLOGICA ESCUELA RURAL CHAIHUIN,29-04-2026,0
METEOROLOGICA ESCUELA RURAL CHAIHUIN,30-04-2026,5.5
METEOROLOGICA ESCUELA RURAL CHAIHUIN,01-05-2026,0.1
METEOROLOGICA ESCUELA RURAL CHAIHUIN,02-05-2026,17.1
METEOROLOGICA ESCUELA RURAL CHAIHUIN,03-05-2026,6.8
METEOROLOGICA ESCUELA RURAL CHAIHUIN,04-05-2026,30.1
METEOROLOGICA ESCUELA RURAL CHAIHUIN,05-05-2026,85.3
METEOROLOGICA ESCUELA RURAL CHAIHUIN,06-05-2026,0.5
METEOROLOGICA ESCUELA RURAL CHAIHUIN,07-05-2026,10.1
METEOROLOGICA ESCUELA RURAL CHAIHUIN,08-05-2026,0
METEOROLOGICA ESCUELA RURAL CHAIHUIN,09-05-2026,0.1
METEOROLOGICA ESCUELA RURAL CHAIHUIN,10-05-2026,0
METEOROLOGICA ESCUELA RURAL CHAIHUIN,11-05-2026,0
METEOROLOGICA ESCUELA RURAL CHAIHUIN,12-05-2026,0
METEOROLOGICA ESCUELA RURAL CHAIHUIN,13-05-2026,0
METEOROLOGICA ESCUELA RURAL CHAIHUIN,14-05-2026,0
METEOROLOGICA ESCUELA RURAL CHAIHUIN,15-05-2026,0
METEOROLOGICA ESCUELA RURAL CHAIHUIN,16-05-2026,0.1
METEOROLOGICA ESCUELA RURAL CHAIHUIN,17-05-2026,0
METEOROLOGICA ESCUELA RURAL CHAIHUIN,18-05-2026,0
METEOROLOGICA ESCUELA RURAL CHAIHUIN,19-05-2026,0.3
METEOROLOGICA ESCUELA RURAL CHAIHUIN,20-05-2026,0
METEOROLOGICA ESCUELA RURAL CHAIHUIN,21-05-2026,0
METEOROLOGICA ESCUELA RURAL CHAIHUIN,22-05-2026,0
METEOROLOGICA ESCUELA RURAL CHAIHUIN,23-05-2026,2.6
METEOROLOGICA ESCUELA RURAL CHAIHUIN,24-05-2026,0.1
METEOROLOGICA ESCUELA RURAL CHAIHUIN,25-05-2026,0
METEOROLOGICA ESCUELA RURAL CHAIHUIN,26-05-2026,0
METEOROLOGICA ESCUELA RURAL CHAIHUIN,27-05-2026,17.4
METEOROLOGICA ESCUELA RURAL CHAIHUIN,28-05-2026,4.5
METEOROLOGICA ESCUELA RURAL CHAIHUIN,29-05-2026,0
METEOROLOGICA ESCUELA RURAL CHAIHUIN,30-05-2026,0.1
METEOROLOGICA ESCUELA RURAL CHAIHUIN,31-05-2026,0.2
FUNDO SICHAHUE (Meteo),04-11-2022,0
FUNDO SICHAHUE (Meteo),05-11-2022,0
FUNDO SICHAHUE (Meteo),06-11-2022,0
FUNDO SICHAHUE (Meteo),07-11-2022,0
FUNDO SICHAHUE (Meteo),08-11-2022,0
FUNDO SICHAHUE (Meteo),09-11-2022,3.3
FUNDO SICHAHUE (Meteo),10-11-2022,3.7
FUNDO SICHAHUE (Meteo),11-11-2022,6.7
FUNDO SICHAHUE (Meteo),12-11-2022,20.9
FUNDO SICHAHUE (Meteo),13-11-2022,12.8
FUNDO SICHAHUE (Meteo),14-11-2022,3.1
FUNDO SICHAHUE (Meteo),15-11-2022,0
FUNDO SICHAHUE (Meteo),16-11-2022,0
FUNDO SICHAHUE (Meteo),17-11-2022,0
FUNDO SICHAHUE (Meteo),18-11-2022,0
FUNDO SICHAHUE (Meteo),19-11-2022,3.4
FUNDO SICHAHUE (Meteo),20-11-2022,0
FUNDO SICHAHUE (Meteo),21-11-2022,0
FUNDO SICHAHUE (Meteo),22-11-2022,0.1
FUNDO SICHAHUE (Meteo),23-11-2022,0.2
FUNDO SICHAHUE (Meteo),24-11-2022,0
FUNDO SICHAHUE (Meteo),25-11-2022,0
FUNDO SICHAHUE (Meteo),26-11-2022,0
FUNDO SICHAHUE (Meteo),27-11-2022,0
FUNDO SICHAHUE (Meteo),28-11-2022,0
FUNDO SICHAHUE (Meteo),29-11-2022,0.4
FUNDO SICHAHUE (Meteo),30-11-2022,0
FUNDO SICHAHUE (Meteo),01-12-2022,0
FUNDO SICHAHUE (Meteo),02-12-2022,2.7
FUNDO SICHAHUE (Meteo),03-12-2022,0
FUNDO SICHAHUE (Meteo),04-12-2022,0
FUNDO SICHAHUE (Meteo),05-12-2022,1.3
FUNDO SICHAHUE (Meteo),06-12-2022,0
FUNDO SICHAHUE (Meteo),07-12-2022,4
FUNDO SICHAHUE (Meteo),08-12-2022,15.2
FUNDO SICHAHUE (Meteo),09-12-2022,0
FUNDO SICHAHUE (Meteo),10-12-2022,0
FUNDO SICHAHUE (Meteo),11-12-2022,0.6
FUNDO SICHAHUE (Meteo),12-12-2022,0
FUNDO SICHAHUE (Meteo),13-12-2022,0
FUNDO SICHAHUE (Meteo),14-12-2022,0
FUNDO SICHAHUE (Meteo),15-12-2022,0
FUNDO SICHAHUE (Meteo),16-12-2022,0
FUNDO SICHAHUE (Meteo),17-12-2022,0
FUNDO SICHAHUE (Meteo),18-12-2022,0
FUNDO SICHAHUE (Meteo),19-12-2022,0.2
FUNDO SICHAHUE (Meteo),20-12-2022,0.5
FUNDO SICHAHUE (Meteo),21-12-2022,17.4
FUNDO SICHAHUE (Meteo),22-12-2022,3.74
FUNDO SICHAHUE (Meteo),23-12-2022,0
FUNDO SICHAHUE (Meteo),24-12-2022,0
FUNDO SICHAHUE (Meteo),25-12-2022,0
FUNDO SICHAHUE (Meteo),26-12-2022,0
FUNDO SICHAHUE (Meteo),27-12-2022,0
FUNDO SICHAHUE (Meteo),28-12-2022,0
FUNDO SICHAHUE (Meteo),29-12-2022,0
FUNDO SICHAHUE (Meteo),30-12-2022,0
FUNDO SICHAHUE (Meteo),31-12-2022,3.7
FUNDO SICHAHUE (Meteo),01-01-2023,0.5
FUNDO SICHAHUE (Meteo),02-01-2023,0.7
FUNDO SICHAHUE (Meteo),03-01-2023,0
FUNDO SICHAHUE (Meteo),04-01-2023,0
FUNDO SICHAHUE (Meteo),05-01-2023,0
FUNDO SICHAHUE (Meteo),06-01-2023,0
FUNDO SICHAHUE (Meteo),07-01-2023,0
FUNDO SICHAHUE (Meteo),08-01-2023,0
FUNDO SICHAHUE (Meteo),09-01-2023,0.8
FUNDO SICHAHUE (Meteo),10-01-2023,0
FUNDO SICHAHUE (Meteo),11-01-2023,0
FUNDO SICHAHUE (Meteo),12-01-2023,0
FUNDO SICHAHUE (Meteo),13-01-2023,0
FUNDO SICHAHUE (Meteo),14-01-2023,0
FUNDO SICHAHUE (Meteo),15-01-2023,0
FUNDO SICHAHUE (Meteo),16-01-2023,0
FUNDO SICHAHUE (Meteo),17-01-2023,0
FUNDO SICHAHUE (Meteo),18-01-2023,0
FUNDO SICHAHUE (Meteo),19-01-2023,0
FUNDO SICHAHUE (Meteo),20-01-2023,0
FUNDO SICHAHUE (Meteo),21-01-2023,0
FUNDO SICHAHUE (Meteo),22-01-2023,0
FUNDO SICHAHUE (Meteo),23-01-2023,33
FUNDO SICHAHUE (Meteo),24-01-2023,0
FUNDO SICHAHUE (Meteo),25-01-2023,0
FUNDO SICHAHUE (Meteo),26-01-2023,0
FUNDO SICHAHUE (Meteo),27-01-2023,0
FUNDO SICHAHUE (Meteo),28-01-2023,0
FUNDO SICHAHUE (Meteo),29-01-2023,0
FUNDO SICHAHUE (Meteo),30-01-2023,0
FUNDO SICHAHUE (Meteo),31-01-2023,0
FUNDO SICHAHUE (Meteo),01-02-2023,1.2
FUNDO SICHAHUE (Meteo),02-02-2023,2.7
FUNDO SICHAHUE (Meteo),03-02-2023,0
FUNDO SICHAHUE (Meteo),04-02-2023,0
FUNDO SICHAHUE (Meteo),05-02-2023,0
FUNDO SICHAHUE (Meteo),06-02-2023,0
FUNDO SICHAHUE (Meteo),07-02-2023,0
FUNDO SICHAHUE (Meteo),08-02-2023,0
FUNDO SICHAHUE (Meteo),09-02-2023,0.2
FUNDO SICHAHUE (Meteo),10-02-2023,3.4
FUNDO SICHAHUE (Meteo),11-02-2023,0.1
FUNDO SICHAHUE (Meteo),12-02-2023,51.6
FUNDO SICHAHUE (Meteo),13-02-2023,10.9
FUNDO SICHAHUE (Meteo),14-02-2023,3.4
FUNDO SICHAHUE (Meteo),15-02-2023,0
FUNDO SICHAHUE (Meteo),16-02-2023,0
FUNDO SICHAHUE (Meteo),17-02-2023,0
FUNDO SICHAHUE (Meteo),18-02-2023,0
FUNDO SICHAHUE (Meteo),19-02-2023,0
FUNDO SICHAHUE (Meteo),20-02-2023,0
FUNDO SICHAHUE (Meteo),21-02-2023,0
FUNDO SICHAHUE (Meteo),22-02-2023,0
FUNDO SICHAHUE (Meteo),23-02-2023,0
FUNDO SICHAHUE (Meteo),24-02-2023,7.4
FUNDO SICHAHUE (Meteo),25-02-2023,0
FUNDO SICHAHUE (Meteo),26-02-2023,0
FUNDO SICHAHUE (Meteo),27-02-2023,0
FUNDO SICHAHUE (Meteo),28-02-2023,0.3
FUNDO SICHAHUE (Meteo),01-03-2023,0.1
FUNDO SICHAHUE (Meteo),02-03-2023,0
FUNDO SICHAHUE (Meteo),03-03-2023,0
FUNDO SICHAHUE (Meteo),04-03-2023,0
FUNDO SICHAHUE (Meteo),05-03-2023,0
FUNDO SICHAHUE (Meteo),06-03-2023,13
FUNDO SICHAHUE (Meteo),07-03-2023,34.1
FUNDO SICHAHUE (Meteo),08-03-2023,0.3
FUNDO SICHAHUE (Meteo),09-03-2023,1.6
FUNDO SICHAHUE (Meteo),10-03-2023,0
FUNDO SICHAHUE (Meteo),11-03-2023,0.5
FUNDO SICHAHUE (Meteo),12-03-2023,2.2
FUNDO SICHAHUE (Meteo),13-03-2023,0
FUNDO SICHAHUE (Meteo),14-03-2023,27.4
FUNDO SICHAHUE (Meteo),15-03-2023,11.3
FUNDO SICHAHUE (Meteo),16-03-2023,8.7
FUNDO SICHAHUE (Meteo),17-03-2023,3.2
FUNDO SICHAHUE (Meteo),18-03-2023,0
FUNDO SICHAHUE (Meteo),19-03-2023,0
FUNDO SICHAHUE (Meteo),20-03-2023,0
FUNDO SICHAHUE (Meteo),21-03-2023,0
FUNDO SICHAHUE (Meteo),22-03-2023,0
FUNDO SICHAHUE (Meteo),23-03-2023,0
FUNDO SICHAHUE (Meteo),24-03-2023,0
FUNDO SICHAHUE (Meteo),25-03-2023,0
FUNDO SICHAHUE (Meteo),26-03-2023,0
FUNDO SICHAHUE (Meteo),27-03-2023,38.2
FUNDO SICHAHUE (Meteo),28-03-2023,9.2
FUNDO SICHAHUE (Meteo),29-03-2023,0.1
FUNDO SICHAHUE (Meteo),30-03-2023,0
FUNDO SICHAHUE (Meteo),31-03-2023,4.2
FUNDO SICHAHUE (Meteo),01-04-2023,1.7
FUNDO SICHAHUE (Meteo),02-04-2023,0.1
FUNDO SICHAHUE (Meteo),03-04-2023,0.1
FUNDO SICHAHUE (Meteo),04-04-2023,0
FUNDO SICHAHUE (Meteo),05-04-2023,5.8
FUNDO SICHAHUE (Meteo),06-04-2023,0
FUNDO SICHAHUE (Meteo),07-04-2023,0.1
FUNDO SICHAHUE (Meteo),08-04-2023,0
FUNDO SICHAHUE (Meteo),09-04-2023,0.1
FUNDO SICHAHUE (Meteo),10-04-2023,47
FUNDO SICHAHUE (Meteo),11-04-2023,0.3
FUNDO SICHAHUE (Meteo),12-04-2023,0
FUNDO SICHAHUE (Meteo),13-04-2023,0
FUNDO SICHAHUE (Meteo),14-04-2023,0
FUNDO SICHAHUE (Meteo),15-04-2023,0
FUNDO SICHAHUE (Meteo),16-04-2023,0.3
FUNDO SICHAHUE (Meteo),17-04-2023,8
FUNDO SICHAHUE (Meteo),18-04-2023,8
FUNDO SICHAHUE (Meteo),19-04-2023,0
FUNDO SICHAHUE (Meteo),20-04-2023,13
FUNDO SICHAHUE (Meteo),21-04-2023,0.3
FUNDO SICHAHUE (Meteo),22-04-2023,0.1
FUNDO SICHAHUE (Meteo),23-04-2023,0
FUNDO SICHAHUE (Meteo),24-04-2023,0
FUNDO SICHAHUE (Meteo),25-04-2023,6.5
FUNDO SICHAHUE (Meteo),26-04-2023,0.8
FUNDO SICHAHUE (Meteo),27-04-2023,12.8
FUNDO SICHAHUE (Meteo),28-04-2023,30.7
FUNDO SICHAHUE (Meteo),29-04-2023,27.1
FUNDO SICHAHUE (Meteo),30-04-2023,3.2
FUNDO SICHAHUE (Meteo),01-05-2023,0.3
FUNDO SICHAHUE (Meteo),02-05-2023,0.1
FUNDO SICHAHUE (Meteo),03-05-2023,0
FUNDO SICHAHUE (Meteo),04-05-2023,0
FUNDO SICHAHUE (Meteo),05-05-2023,0
FUNDO SICHAHUE (Meteo),06-05-2023,0.8
FUNDO SICHAHUE (Meteo),07-05-2023,0
FUNDO SICHAHUE (Meteo),08-05-2023,0
FUNDO SICHAHUE (Meteo),09-05-2023,0
FUNDO SICHAHUE (Meteo),10-05-2023,0.1
FUNDO SICHAHUE (Meteo),11-05-2023,2.7
FUNDO SICHAHUE (Meteo),12-05-2023,1.2
FUNDO SICHAHUE (Meteo),13-05-2023,0.1
FUNDO SICHAHUE (Meteo),14-05-2023,0.2
FUNDO SICHAHUE (Meteo),15-05-2023,14.6
FUNDO SICHAHUE (Meteo),16-05-2023,3
FUNDO SICHAHUE (Meteo),17-05-2023,14.3
FUNDO SICHAHUE (Meteo),18-05-2023,16.1
FUNDO SICHAHUE (Meteo),19-05-2023,0
FUNDO SICHAHUE (Meteo),20-05-2023,18.1
FUNDO SICHAHUE (Meteo),21-05-2023,44.1
FUNDO SICHAHUE (Meteo),22-05-2023,18.2
FUNDO SICHAHUE (Meteo),23-05-2023,20.5
FUNDO SICHAHUE (Meteo),24-05-2023,11.3
FUNDO SICHAHUE (Meteo),25-05-2023,37.1
FUNDO SICHAHUE (Meteo),26-05-2023,6.8
FUNDO SICHAHUE (Meteo),27-05-2023,0.2
FUNDO SICHAHUE (Meteo),28-05-2023,0.1
FUNDO SICHAHUE (Meteo),29-05-2023,0
FUNDO SICHAHUE (Meteo),30-05-2023,19.5
FUNDO SICHAHUE (Meteo),31-05-2023,7
FUNDO SICHAHUE (Meteo),01-06-2023,7.6
FUNDO SICHAHUE (Meteo),02-06-2023,26.2
FUNDO SICHAHUE (Meteo),03-06-2023,18.1
FUNDO SICHAHUE (Meteo),04-06-2023,0.5
FUNDO SICHAHUE (Meteo),05-06-2023,66.7
FUNDO SICHAHUE (Meteo),06-06-2023,3.9
FUNDO SICHAHUE (Meteo),07-06-2023,15.1
FUNDO SICHAHUE (Meteo),08-06-2023,29.9
FUNDO SICHAHUE (Meteo),09-06-2023,35.4
FUNDO SICHAHUE (Meteo),10-06-2023,0.6
FUNDO SICHAHUE (Meteo),11-06-2023,0.2
FUNDO SICHAHUE (Meteo),12-06-2023,0.3
FUNDO SICHAHUE (Meteo),13-06-2023,0.1
FUNDO SICHAHUE (Meteo),14-06-2023,7.6
FUNDO SICHAHUE (Meteo),15-06-2023,0
FUNDO SICHAHUE (Meteo),16-06-2023,0
FUNDO SICHAHUE (Meteo),17-06-2023,0
FUNDO SICHAHUE (Meteo),18-06-2023,0.1
FUNDO SICHAHUE (Meteo),19-06-2023,0.3
FUNDO SICHAHUE (Meteo),20-06-2023,0.2
FUNDO SICHAHUE (Meteo),21-06-2023,13.5
FUNDO SICHAHUE (Meteo),22-06-2023,36.1
FUNDO SICHAHUE (Meteo),23-06-2023,27.3
FUNDO SICHAHUE (Meteo),24-06-2023,16.6
FUNDO SICHAHUE (Meteo),25-06-2023,18.6
FUNDO SICHAHUE (Meteo),26-06-2023,27.9
FUNDO SICHAHUE (Meteo),27-06-2023,17.8
FUNDO SICHAHUE (Meteo),28-06-2023,1.6
FUNDO SICHAHUE (Meteo),29-06-2023,0.8
FUNDO SICHAHUE (Meteo),30-06-2023,13.8
FUNDO SICHAHUE (Meteo),01-07-2023,8.8
FUNDO SICHAHUE (Meteo),02-07-2023,2.6
FUNDO SICHAHUE (Meteo),03-07-2023,29.8
FUNDO SICHAHUE (Meteo),04-07-2023,11.1
FUNDO SICHAHUE (Meteo),05-07-2023,13.5
FUNDO SICHAHUE (Meteo),06-07-2023,2.2
FUNDO SICHAHUE (Meteo),07-07-2023,6.6
FUNDO SICHAHUE (Meteo),08-07-2023,10.2
FUNDO SICHAHUE (Meteo),09-07-2023,3.4
FUNDO SICHAHUE (Meteo),10-07-2023,0.2
FUNDO SICHAHUE (Meteo),11-07-2023,8.9
FUNDO SICHAHUE (Meteo),12-07-2023,0.2
FUNDO SICHAHUE (Meteo),13-07-2023,8.4
FUNDO SICHAHUE (Meteo),14-07-2023,7
FUNDO SICHAHUE (Meteo),15-07-2023,0.2
FUNDO SICHAHUE (Meteo),16-07-2023,0
FUNDO SICHAHUE (Meteo),17-07-2023,0
FUNDO SICHAHUE (Meteo),18-07-2023,56.8
FUNDO SICHAHUE (Meteo),19-07-2023,12.7
FUNDO SICHAHUE (Meteo),20-07-2023,36.6
FUNDO SICHAHUE (Meteo),21-07-2023,18
FUNDO SICHAHUE (Meteo),22-07-2023,12.6
FUNDO SICHAHUE (Meteo),23-07-2023,0.1
FUNDO SICHAHUE (Meteo),24-07-2023,32.5
FUNDO SICHAHUE (Meteo),25-07-2023,7.8
FUNDO SICHAHUE (Meteo),26-07-2023,1.3
FUNDO SICHAHUE (Meteo),27-07-2023,0.1
FUNDO SICHAHUE (Meteo),28-07-2023,0.6
FUNDO SICHAHUE (Meteo),29-07-2023,49
FUNDO SICHAHUE (Meteo),30-07-2023,0
FUNDO SICHAHUE (Meteo),31-07-2023,15.5
FUNDO SICHAHUE (Meteo),01-08-2023,5.6
FUNDO SICHAHUE (Meteo),02-08-2023,0
FUNDO SICHAHUE (Meteo),03-08-2023,0.3
FUNDO SICHAHUE (Meteo),04-08-2023,0.2
FUNDO SICHAHUE (Meteo),05-08-2023,0
FUNDO SICHAHUE (Meteo),06-08-2023,0
FUNDO SICHAHUE (Meteo),07-08-2023,0
FUNDO SICHAHUE (Meteo),08-08-2023,9.2
FUNDO SICHAHUE (Meteo),09-08-2023,19.9
FUNDO SICHAHUE (Meteo),10-08-2023,17.9
FUNDO SICHAHUE (Meteo),11-08-2023,0.2
FUNDO SICHAHUE (Meteo),12-08-2023,0
FUNDO SICHAHUE (Meteo),13-08-2023,9.1
FUNDO SICHAHUE (Meteo),14-08-2023,56.5
FUNDO SICHAHUE (Meteo),15-08-2023,25.5
FUNDO SICHAHUE (Meteo),16-08-2023,12.8
FUNDO SICHAHUE (Meteo),17-08-2023,7.3
FUNDO SICHAHUE (Meteo),18-08-2023,2
FUNDO SICHAHUE (Meteo),19-08-2023,11.8
FUNDO SICHAHUE (Meteo),20-08-2023,62.6
FUNDO SICHAHUE (Meteo),21-08-2023,14.2
FUNDO SICHAHUE (Meteo),22-08-2023,17.2
FUNDO SICHAHUE (Meteo),23-08-2023,4.8
FUNDO SICHAHUE (Meteo),24-08-2023,0
FUNDO SICHAHUE (Meteo),25-08-2023,0.1
FUNDO SICHAHUE (Meteo),26-08-2023,0
FUNDO SICHAHUE (Meteo),27-08-2023,27.1
FUNDO SICHAHUE (Meteo),28-08-2023,0.2
FUNDO SICHAHUE (Meteo),29-08-2023,9.6
FUNDO SICHAHUE (Meteo),30-08-2023,3.2
FUNDO SICHAHUE (Meteo),31-08-2023,20.9
FUNDO SICHAHUE (Meteo),01-09-2023,3.5
FUNDO SICHAHUE (Meteo),02-09-2023,0.1
FUNDO SICHAHUE (Meteo),03-09-2023,0.1
FUNDO SICHAHUE (Meteo),04-09-2023,0
FUNDO SICHAHUE (Meteo),05-09-2023,34
FUNDO SICHAHUE (Meteo),06-09-2023,20.3
FUNDO SICHAHUE (Meteo),07-09-2023,17.7
FUNDO SICHAHUE (Meteo),08-09-2023,15.6
FUNDO SICHAHUE (Meteo),09-09-2023,25.1
FUNDO SICHAHUE (Meteo),10-09-2023,23
FUNDO SICHAHUE (Meteo),11-09-2023,6.9
FUNDO SICHAHUE (Meteo),12-09-2023,4
FUNDO SICHAHUE (Meteo),13-09-2023,72.2
FUNDO SICHAHUE (Meteo),14-09-2023,83.3
FUNDO SICHAHUE (Meteo),15-09-2023,15.7
FUNDO SICHAHUE (Meteo),16-09-2023,16.4
FUNDO SICHAHUE (Meteo),17-09-2023,1
FUNDO SICHAHUE (Meteo),18-09-2023,0
FUNDO SICHAHUE (Meteo),19-09-2023,0
FUNDO SICHAHUE (Meteo),20-09-2023,3.5
FUNDO SICHAHUE (Meteo),21-09-2023,22.1
FUNDO SICHAHUE (Meteo),22-09-2023,12.8
FUNDO SICHAHUE (Meteo),23-09-2023,0
FUNDO SICHAHUE (Meteo),24-09-2023,0
FUNDO SICHAHUE (Meteo),25-09-2023,0
FUNDO SICHAHUE (Meteo),26-09-2023,0
FUNDO SICHAHUE (Meteo),27-09-2023,9.7
FUNDO SICHAHUE (Meteo),28-09-2023,0
FUNDO SICHAHUE (Meteo),29-09-2023,0
FUNDO SICHAHUE (Meteo),30-09-2023,0
FUNDO SICHAHUE (Meteo),01-10-2023,3.1
FUNDO SICHAHUE (Meteo),02-10-2023,8.8
FUNDO SICHAHUE (Meteo),03-10-2023,0
FUNDO SICHAHUE (Meteo),04-10-2023,0
FUNDO SICHAHUE (Meteo),05-10-2023,9.3
FUNDO SICHAHUE (Meteo),06-10-2023,1.3
FUNDO SICHAHUE (Meteo),07-10-2023,0.1
FUNDO SICHAHUE (Meteo),08-10-2023,0.2
FUNDO SICHAHUE (Meteo),09-10-2023,5.9
FUNDO SICHAHUE (Meteo),10-10-2023,0.8
FUNDO SICHAHUE (Meteo),11-10-2023,0.1
FUNDO SICHAHUE (Meteo),12-10-2023,0
FUNDO SICHAHUE (Meteo),13-10-2023,0
FUNDO SICHAHUE (Meteo),14-10-2023,0
FUNDO SICHAHUE (Meteo),15-10-2023,0
FUNDO SICHAHUE (Meteo),16-10-2023,0
FUNDO SICHAHUE (Meteo),17-10-2023,0
FUNDO SICHAHUE (Meteo),18-10-2023,0
FUNDO SICHAHUE (Meteo),19-10-2023,0
FUNDO SICHAHUE (Meteo),20-10-2023,0
FUNDO SICHAHUE (Meteo),21-10-2023,0
FUNDO SICHAHUE (Meteo),22-10-2023,0
FUNDO SICHAHUE (Meteo),23-10-2023,0
FUNDO SICHAHUE (Meteo),24-10-2023,0
FUNDO SICHAHUE (Meteo),25-10-2023,0
FUNDO SICHAHUE (Meteo),26-10-2023,0.2
FUNDO SICHAHUE (Meteo),27-10-2023,17.1
FUNDO SICHAHUE (Meteo),28-10-2023,37.5
FUNDO SICHAHUE (Meteo),29-10-2023,20.1
FUNDO SICHAHUE (Meteo),30-10-2023,19.4
FUNDO SICHAHUE (Meteo),31-10-2023,0.1
FUNDO SICHAHUE (Meteo),01-11-2023,0
FUNDO SICHAHUE (Meteo),02-11-2023,0
FUNDO SICHAHUE (Meteo),03-11-2023,0
FUNDO SICHAHUE (Meteo),04-11-2023,0
FUNDO SICHAHUE (Meteo),05-11-2023,0.8
FUNDO SICHAHUE (Meteo),06-11-2023,35.3
FUNDO SICHAHUE (Meteo),07-11-2023,6
FUNDO SICHAHUE (Meteo),08-11-2023,0.1
FUNDO SICHAHUE (Meteo),09-11-2023,0
FUNDO SICHAHUE (Meteo),10-11-2023,27.2
FUNDO SICHAHUE (Meteo),11-11-2023,24.6
FUNDO SICHAHUE (Meteo),12-11-2023,0
FUNDO SICHAHUE (Meteo),13-11-2023,10.1
FUNDO SICHAHUE (Meteo),14-11-2023,1.2
FUNDO SICHAHUE (Meteo),15-11-2023,17.5
FUNDO SICHAHUE (Meteo),16-11-2023,42.1
FUNDO SICHAHUE (Meteo),17-11-2023,17.9
FUNDO SICHAHUE (Meteo),18-11-2023,16.2
FUNDO SICHAHUE (Meteo),19-11-2023,3.3
FUNDO SICHAHUE (Meteo),20-11-2023,8.9
FUNDO SICHAHUE (Meteo),21-11-2023,1.6
FUNDO SICHAHUE (Meteo),22-11-2023,0
FUNDO SICHAHUE (Meteo),23-11-2023,0
FUNDO SICHAHUE (Meteo),24-11-2023,0
FUNDO SICHAHUE (Meteo),25-11-2023,0
FUNDO SICHAHUE (Meteo),26-11-2023,0
FUNDO SICHAHUE (Meteo),27-11-2023,0.2
FUNDO SICHAHUE (Meteo),28-11-2023,0.2
FUNDO SICHAHUE (Meteo),29-11-2023,0
FUNDO SICHAHUE (Meteo),30-11-2023,1
FUNDO SICHAHUE (Meteo),01-12-2023,26.2
FUNDO SICHAHUE (Meteo),02-12-2023,0.4
FUNDO SICHAHUE (Meteo),03-12-2023,0
FUNDO SICHAHUE (Meteo),04-12-2023,0
FUNDO SICHAHUE (Meteo),05-12-2023,0
FUNDO SICHAHUE (Meteo),06-12-2023,0
FUNDO SICHAHUE (Meteo),07-12-2023,0
FUNDO SICHAHUE (Meteo),08-12-2023,0.2
FUNDO SICHAHUE (Meteo),09-12-2023,0
FUNDO SICHAHUE (Meteo),10-12-2023,0
FUNDO SICHAHUE (Meteo),11-12-2023,5.5
FUNDO SICHAHUE (Meteo),12-12-2023,0.1
FUNDO SICHAHUE (Meteo),13-12-2023,0
FUNDO SICHAHUE (Meteo),14-12-2023,0
FUNDO SICHAHUE (Meteo),15-12-2023,0
FUNDO SICHAHUE (Meteo),16-12-2023,45
FUNDO SICHAHUE (Meteo),17-12-2023,0.1
FUNDO SICHAHUE (Meteo),18-12-2023,0
FUNDO SICHAHUE (Meteo),19-12-2023,0
FUNDO SICHAHUE (Meteo),20-12-2023,0
FUNDO SICHAHUE (Meteo),21-12-2023,0
FUNDO SICHAHUE (Meteo),22-12-2023,0
FUNDO SICHAHUE (Meteo),23-12-2023,0
FUNDO SICHAHUE (Meteo),24-12-2023,0
FUNDO SICHAHUE (Meteo),25-12-2023,0
FUNDO SICHAHUE (Meteo),26-12-2023,0
FUNDO SICHAHUE (Meteo),27-12-2023,0
FUNDO SICHAHUE (Meteo),28-12-2023,0
FUNDO SICHAHUE (Meteo),29-12-2023,0
FUNDO SICHAHUE (Meteo),30-12-2023,0
FUNDO SICHAHUE (Meteo),31-12-2023,0
FUNDO SICHAHUE (Meteo),01-01-2024,0
FUNDO SICHAHUE (Meteo),02-01-2024,0
FUNDO SICHAHUE (Meteo),03-01-2024,0
FUNDO SICHAHUE (Meteo),04-01-2024,0
FUNDO SICHAHUE (Meteo),05-01-2024,17.8
FUNDO SICHAHUE (Meteo),06-01-2024,4.5
FUNDO SICHAHUE (Meteo),07-01-2024,4.7
FUNDO SICHAHUE (Meteo),08-01-2024,0.1
FUNDO SICHAHUE (Meteo),09-01-2024,0
FUNDO SICHAHUE (Meteo),10-01-2024,0
FUNDO SICHAHUE (Meteo),11-01-2024,0
FUNDO SICHAHUE (Meteo),12-01-2024,0
FUNDO SICHAHUE (Meteo),13-01-2024,0.1
FUNDO SICHAHUE (Meteo),14-01-2024,0
FUNDO SICHAHUE (Meteo),15-01-2024,0
FUNDO SICHAHUE (Meteo),16-01-2024,0
FUNDO SICHAHUE (Meteo),17-01-2024,1.9
FUNDO SICHAHUE (Meteo),18-01-2024,0
FUNDO SICHAHUE (Meteo),19-01-2024,0
FUNDO SICHAHUE (Meteo),20-01-2024,0
FUNDO SICHAHUE (Meteo),21-01-2024,0
FUNDO SICHAHUE (Meteo),22-01-2024,0
FUNDO SICHAHUE (Meteo),23-01-2024,0
FUNDO SICHAHUE (Meteo),24-01-2024,0
FUNDO SICHAHUE (Meteo),25-01-2024,0
FUNDO SICHAHUE (Meteo),26-01-2024,0
FUNDO SICHAHUE (Meteo),27-01-2024,0
FUNDO SICHAHUE (Meteo),28-01-2024,0
FUNDO SICHAHUE (Meteo),29-01-2024,0
FUNDO SICHAHUE (Meteo),30-01-2024,0
FUNDO SICHAHUE (Meteo),31-01-2024,0
FUNDO SICHAHUE (Meteo),01-02-2024,0
FUNDO SICHAHUE (Meteo),02-02-2024,1.1
FUNDO SICHAHUE (Meteo),03-02-2024,0
FUNDO SICHAHUE (Meteo),04-02-2024,0
FUNDO SICHAHUE (Meteo),05-02-2024,0
FUNDO SICHAHUE (Meteo),06-02-2024,54.2
FUNDO SICHAHUE (Meteo),07-02-2024,0
FUNDO SICHAHUE (Meteo),08-02-2024,0
FUNDO SICHAHUE (Meteo),09-02-2024,6.5
FUNDO SICHAHUE (Meteo),10-02-2024,0
FUNDO SICHAHUE (Meteo),11-02-2024,0
FUNDO SICHAHUE (Meteo),12-02-2024,0
FUNDO SICHAHUE (Meteo),13-02-2024,0
FUNDO SICHAHUE (Meteo),14-02-2024,0
FUNDO SICHAHUE (Meteo),15-02-2024,0
FUNDO SICHAHUE (Meteo),16-02-2024,3.2
FUNDO SICHAHUE (Meteo),17-02-2024,0
FUNDO SICHAHUE (Meteo),18-02-2024,0
FUNDO SICHAHUE (Meteo),19-02-2024,0
FUNDO SICHAHUE (Meteo),20-02-2024,0
FUNDO SICHAHUE (Meteo),21-02-2024,1.3
FUNDO SICHAHUE (Meteo),22-02-2024,0
FUNDO SICHAHUE (Meteo),23-02-2024,0
FUNDO SICHAHUE (Meteo),24-02-2024,0
FUNDO SICHAHUE (Meteo),25-02-2024,0
FUNDO SICHAHUE (Meteo),26-02-2024,0
FUNDO SICHAHUE (Meteo),27-02-2024,9.8
FUNDO SICHAHUE (Meteo),28-02-2024,0
FUNDO SICHAHUE (Meteo),29-02-2024,0
FUNDO SICHAHUE (Meteo),01-03-2024,0.2
FUNDO SICHAHUE (Meteo),02-03-2024,0
FUNDO SICHAHUE (Meteo),03-03-2024,0
FUNDO SICHAHUE (Meteo),04-03-2024,0
FUNDO SICHAHUE (Meteo),05-03-2024,0
FUNDO SICHAHUE (Meteo),06-03-2024,0
FUNDO SICHAHUE (Meteo),07-03-2024,13.1
FUNDO SICHAHUE (Meteo),08-03-2024,0.7
FUNDO SICHAHUE (Meteo),09-03-2024,0.1
FUNDO SICHAHUE (Meteo),10-03-2024,0
FUNDO SICHAHUE (Meteo),11-03-2024,7.7
FUNDO SICHAHUE (Meteo),12-03-2024,0.7
FUNDO SICHAHUE (Meteo),13-03-2024,20.9
FUNDO SICHAHUE (Meteo),14-03-2024,0
FUNDO SICHAHUE (Meteo),15-03-2024,3.7
FUNDO SICHAHUE (Meteo),16-03-2024,0
FUNDO SICHAHUE (Meteo),17-03-2024,0
FUNDO SICHAHUE (Meteo),18-03-2024,0
FUNDO SICHAHUE (Meteo),19-03-2024,70.5
FUNDO SICHAHUE (Meteo),20-03-2024,0.5
FUNDO SICHAHUE (Meteo),21-03-2024,1.2
FUNDO SICHAHUE (Meteo),22-03-2024,17.9
FUNDO SICHAHUE (Meteo),23-03-2024,5.9
FUNDO SICHAHUE (Meteo),24-03-2024,0
FUNDO SICHAHUE (Meteo),25-03-2024,0.3
FUNDO SICHAHUE (Meteo),26-03-2024,0.7
FUNDO SICHAHUE (Meteo),27-03-2024,0.1
FUNDO SICHAHUE (Meteo),28-03-2024,6.1
FUNDO SICHAHUE (Meteo),29-03-2024,0.1
FUNDO SICHAHUE (Meteo),30-03-2024,0
FUNDO SICHAHUE (Meteo),31-03-2024,0
FUNDO SICHAHUE (Meteo),01-04-2024,10.8
FUNDO SICHAHUE (Meteo),02-04-2024,27.6
FUNDO SICHAHUE (Meteo),03-04-2024,1.9
FUNDO SICHAHUE (Meteo),04-04-2024,5
FUNDO SICHAHUE (Meteo),05-04-2024,0
FUNDO SICHAHUE (Meteo),06-04-2024,0.3
FUNDO SICHAHUE (Meteo),07-04-2024,18.7
FUNDO SICHAHUE (Meteo),08-04-2024,8.6
FUNDO SICHAHUE (Meteo),09-04-2024,0
FUNDO SICHAHUE (Meteo),10-04-2024,0
FUNDO SICHAHUE (Meteo),11-04-2024,0
FUNDO SICHAHUE (Meteo),12-04-2024,0
FUNDO SICHAHUE (Meteo),13-04-2024,0
FUNDO SICHAHUE (Meteo),14-04-2024,0
FUNDO SICHAHUE (Meteo),15-04-2024,4.8
FUNDO SICHAHUE (Meteo),16-04-2024,13.3
FUNDO SICHAHUE (Meteo),17-04-2024,0
FUNDO SICHAHUE (Meteo),18-04-2024,29.5
FUNDO SICHAHUE (Meteo),19-04-2024,1.1
FUNDO SICHAHUE (Meteo),20-04-2024,0
FUNDO SICHAHUE (Meteo),21-04-2024,10.9
FUNDO SICHAHUE (Meteo),22-04-2024,9.1
FUNDO SICHAHUE (Meteo),23-04-2024,0
FUNDO SICHAHUE (Meteo),24-04-2024,32.9
FUNDO SICHAHUE (Meteo),25-04-2024,19.7
FUNDO SICHAHUE (Meteo),26-04-2024,14.9
FUNDO SICHAHUE (Meteo),27-04-2024,7.8
FUNDO SICHAHUE (Meteo),28-04-2024,21.3
FUNDO SICHAHUE (Meteo),29-04-2024,45.1
FUNDO SICHAHUE (Meteo),30-04-2024,7.4
FUNDO SICHAHUE (Meteo),01-05-2024,20.2
FUNDO SICHAHUE (Meteo),02-05-2024,0.2
FUNDO SICHAHUE (Meteo),03-05-2024,74.4
FUNDO SICHAHUE (Meteo),04-05-2024,21.5
FUNDO SICHAHUE (Meteo),05-05-2024,24.6
FUNDO SICHAHUE (Meteo),06-05-2024,58.7
FUNDO SICHAHUE (Meteo),07-05-2024,6.6
FUNDO SICHAHUE (Meteo),08-05-2024,9.7
FUNDO SICHAHUE (Meteo),09-05-2024,6.4
FUNDO SICHAHUE (Meteo),10-05-2024,0.7
FUNDO SICHAHUE (Meteo),11-05-2024,0.1
FUNDO SICHAHUE (Meteo),12-05-2024,0.2
FUNDO SICHAHUE (Meteo),13-05-2024,0
FUNDO SICHAHUE (Meteo),14-05-2024,0
FUNDO SICHAHUE (Meteo),15-05-2024,0
FUNDO SICHAHUE (Meteo),16-05-2024,0
FUNDO SICHAHUE (Meteo),17-05-2024,0
FUNDO SICHAHUE (Meteo),18-05-2024,0.5
FUNDO SICHAHUE (Meteo),19-05-2024,17.6
FUNDO SICHAHUE (Meteo),20-05-2024,31.7
FUNDO SICHAHUE (Meteo),21-05-2024,5.6
FUNDO SICHAHUE (Meteo),22-05-2024,0.1
FUNDO SICHAHUE (Meteo),23-05-2024,0
FUNDO SICHAHUE (Meteo),24-05-2024,0.1
FUNDO SICHAHUE (Meteo),25-05-2024,0
FUNDO SICHAHUE (Meteo),26-05-2024,0
FUNDO SICHAHUE (Meteo),27-05-2024,0
FUNDO SICHAHUE (Meteo),28-05-2024,12.5
FUNDO SICHAHUE (Meteo),29-05-2024,0.1
FUNDO SICHAHUE (Meteo),30-05-2024,1
FUNDO SICHAHUE (Meteo),31-05-2024,35.9
FUNDO SICHAHUE (Meteo),01-06-2024,7.7
FUNDO SICHAHUE (Meteo),02-06-2024,0.1
FUNDO SICHAHUE (Meteo),03-06-2024,5.6
FUNDO SICHAHUE (Meteo),04-06-2024,10.3
FUNDO SICHAHUE (Meteo),05-06-2024,47.5
FUNDO SICHAHUE (Meteo),06-06-2024,16.8
FUNDO SICHAHUE (Meteo),07-06-2024,6.4
FUNDO SICHAHUE (Meteo),08-06-2024,55.6
FUNDO SICHAHUE (Meteo),09-06-2024,39.2
FUNDO SICHAHUE (Meteo),10-06-2024,52.8
FUNDO SICHAHUE (Meteo),11-06-2024,52.4
FUNDO SICHAHUE (Meteo),12-06-2024,53.4
FUNDO SICHAHUE (Meteo),13-06-2024,37.3
FUNDO SICHAHUE (Meteo),14-06-2024,23
FUNDO SICHAHUE (Meteo),15-06-2024,5.1
FUNDO SICHAHUE (Meteo),16-06-2024,15
FUNDO SICHAHUE (Meteo),17-06-2024,38.6
FUNDO SICHAHUE (Meteo),18-06-2024,12.5
FUNDO SICHAHUE (Meteo),19-06-2024,10.5
FUNDO SICHAHUE (Meteo),20-06-2024,49.7
FUNDO SICHAHUE (Meteo),21-06-2024,4.2
FUNDO SICHAHUE (Meteo),22-06-2024,15.4
FUNDO SICHAHUE (Meteo),23-06-2024,1.8
FUNDO SICHAHUE (Meteo),24-06-2024,0.1
FUNDO SICHAHUE (Meteo),25-06-2024,56.2
FUNDO SICHAHUE (Meteo),26-06-2024,103.2
FUNDO SICHAHUE (Meteo),27-06-2024,8.2
FUNDO SICHAHUE (Meteo),28-06-2024,0
FUNDO SICHAHUE (Meteo),29-06-2024,4.1
FUNDO SICHAHUE (Meteo),30-06-2024,18.4
FUNDO SICHAHUE (Meteo),01-07-2024,34.2
FUNDO SICHAHUE (Meteo),02-07-2024,1.1
FUNDO SICHAHUE (Meteo),03-07-2024,8.9
FUNDO SICHAHUE (Meteo),04-07-2024,1.2
FUNDO SICHAHUE (Meteo),05-07-2024,0
FUNDO SICHAHUE (Meteo),06-07-2024,0.2
FUNDO SICHAHUE (Meteo),07-07-2024,0.2
FUNDO SICHAHUE (Meteo),08-07-2024,0
FUNDO SICHAHUE (Meteo),09-07-2024,0
FUNDO SICHAHUE (Meteo),10-07-2024,0
FUNDO SICHAHUE (Meteo),11-07-2024,0.1
FUNDO SICHAHUE (Meteo),12-07-2024,0.1
FUNDO SICHAHUE (Meteo),13-07-2024,0
FUNDO SICHAHUE (Meteo),14-07-2024,0.1
FUNDO SICHAHUE (Meteo),15-07-2024,12.8
FUNDO SICHAHUE (Meteo),16-07-2024,0
FUNDO SICHAHUE (Meteo),17-07-2024,24.7
FUNDO SICHAHUE (Meteo),18-07-2024,0
FUNDO SICHAHUE (Meteo),19-07-2024,0.2
FUNDO SICHAHUE (Meteo),20-07-2024,0
FUNDO SICHAHUE (Meteo),21-07-2024,0.1
FUNDO SICHAHUE (Meteo),22-07-2024,0
FUNDO SICHAHUE (Meteo),23-07-2024,0.1
FUNDO SICHAHUE (Meteo),24-07-2024,21.1
FUNDO SICHAHUE (Meteo),25-07-2024,0
FUNDO SICHAHUE (Meteo),26-07-2024,7.8
FUNDO SICHAHUE (Meteo),27-07-2024,0
FUNDO SICHAHUE (Meteo),28-07-2024,0.2
FUNDO SICHAHUE (Meteo),29-07-2024,0.1
FUNDO SICHAHUE (Meteo),30-07-2024,0
FUNDO SICHAHUE (Meteo),31-07-2024,43.7
FUNDO SICHAHUE (Meteo),01-08-2024,60
FUNDO SICHAHUE (Meteo),02-08-2024,28.5
FUNDO SICHAHUE (Meteo),03-08-2024,5.5
FUNDO SICHAHUE (Meteo),04-08-2024,9.6
FUNDO SICHAHUE (Meteo),05-08-2024,7.5
FUNDO SICHAHUE (Meteo),06-08-2024,0
FUNDO SICHAHUE (Meteo),07-08-2024,0.1
FUNDO SICHAHUE (Meteo),08-08-2024,0.2
FUNDO SICHAHUE (Meteo),09-08-2024,20.7
FUNDO SICHAHUE (Meteo),10-08-2024,4.1
FUNDO SICHAHUE (Meteo),11-08-2024,0
FUNDO SICHAHUE (Meteo),12-08-2024,0
FUNDO SICHAHUE (Meteo),13-08-2024,26.9
FUNDO SICHAHUE (Meteo),14-08-2024,2
FUNDO SICHAHUE (Meteo),15-08-2024,0
FUNDO SICHAHUE (Meteo),16-08-2024,0.4
FUNDO SICHAHUE (Meteo),17-08-2024,0
FUNDO SICHAHUE (Meteo),18-08-2024,0.1
FUNDO SICHAHUE (Meteo),19-08-2024,0
FUNDO SICHAHUE (Meteo),20-08-2024,0.2
FUNDO SICHAHUE (Meteo),21-08-2024,5.8
FUNDO SICHAHUE (Meteo),22-08-2024,6.7
FUNDO SICHAHUE (Meteo),23-08-2024,0
FUNDO SICHAHUE (Meteo),24-08-2024,0
FUNDO SICHAHUE (Meteo),25-08-2024,10.5
FUNDO SICHAHUE (Meteo),26-08-2024,6.5
FUNDO SICHAHUE (Meteo),27-08-2024,0.2
FUNDO SICHAHUE (Meteo),28-08-2024,0
FUNDO SICHAHUE (Meteo),29-08-2024,0.1
FUNDO SICHAHUE (Meteo),30-08-2024,0
FUNDO SICHAHUE (Meteo),31-08-2024,0
FUNDO SICHAHUE (Meteo),01-09-2024,59.6
FUNDO SICHAHUE (Meteo),02-09-2024,22.8
FUNDO SICHAHUE (Meteo),03-09-2024,12.1
FUNDO SICHAHUE (Meteo),04-09-2024,0
FUNDO SICHAHUE (Meteo),05-09-2024,12.4
FUNDO SICHAHUE (Meteo),06-09-2024,1
FUNDO SICHAHUE (Meteo),07-09-2024,1.3
FUNDO SICHAHUE (Meteo),08-09-2024,0.1
FUNDO SICHAHUE (Meteo),09-09-2024,16
FUNDO SICHAHUE (Meteo),10-09-2024,4.3
FUNDO SICHAHUE (Meteo),11-09-2024,0
FUNDO SICHAHUE (Meteo),12-09-2024,0.8
FUNDO SICHAHUE (Meteo),13-09-2024,1.3
FUNDO SICHAHUE (Meteo),14-09-2024,0
FUNDO SICHAHUE (Meteo),15-09-2024,0.1
FUNDO SICHAHUE (Meteo),16-09-2024,0
FUNDO SICHAHUE (Meteo),17-09-2024,0
FUNDO SICHAHUE (Meteo),18-09-2024,2.4
FUNDO SICHAHUE (Meteo),19-09-2024,19.5
FUNDO SICHAHUE (Meteo),20-09-2024,37.2
FUNDO SICHAHUE (Meteo),21-09-2024,4.8
FUNDO SICHAHUE (Meteo),22-09-2024,27.2
FUNDO SICHAHUE (Meteo),23-09-2024,0
FUNDO SICHAHUE (Meteo),24-09-2024,18.6
FUNDO SICHAHUE (Meteo),25-09-2024,0.1
FUNDO SICHAHUE (Meteo),26-09-2024,0
FUNDO SICHAHUE (Meteo),27-09-2024,11.5
FUNDO SICHAHUE (Meteo),28-09-2024,9.2
FUNDO SICHAHUE (Meteo),29-09-2024,70
FUNDO SICHAHUE (Meteo),30-09-2024,5.2
FUNDO SICHAHUE (Meteo),01-10-2024,0
FUNDO SICHAHUE (Meteo),02-10-2024,0
FUNDO SICHAHUE (Meteo),03-10-2024,0
FUNDO SICHAHUE (Meteo),04-10-2024,0
FUNDO SICHAHUE (Meteo),05-10-2024,0
FUNDO SICHAHUE (Meteo),06-10-2024,0
FUNDO SICHAHUE (Meteo),07-10-2024,0
FUNDO SICHAHUE (Meteo),08-10-2024,0
FUNDO SICHAHUE (Meteo),09-10-2024,0
FUNDO SICHAHUE (Meteo),10-10-2024,30.3
FUNDO SICHAHUE (Meteo),11-10-2024,1.3
FUNDO SICHAHUE (Meteo),12-10-2024,0
FUNDO SICHAHUE (Meteo),13-10-2024,0
FUNDO SICHAHUE (Meteo),14-10-2024,0
FUNDO SICHAHUE (Meteo),15-10-2024,0
FUNDO SICHAHUE (Meteo),16-10-2024,16.1
FUNDO SICHAHUE (Meteo),17-10-2024,0.1
FUNDO SICHAHUE (Meteo),18-10-2024,0
FUNDO SICHAHUE (Meteo),19-10-2024,0
FUNDO SICHAHUE (Meteo),20-10-2024,8.7
FUNDO SICHAHUE (Meteo),21-10-2024,0.1
FUNDO SICHAHUE (Meteo),22-10-2024,0
FUNDO SICHAHUE (Meteo),23-10-2024,0.3
FUNDO SICHAHUE (Meteo),24-10-2024,10.9
FUNDO SICHAHUE (Meteo),25-10-2024,0.1
FUNDO SICHAHUE (Meteo),26-10-2024,0
FUNDO SICHAHUE (Meteo),27-10-2024,0
FUNDO SICHAHUE (Meteo),28-10-2024,0
FUNDO SICHAHUE (Meteo),29-10-2024,0
FUNDO SICHAHUE (Meteo),30-10-2024,0
FUNDO SICHAHUE (Meteo),31-10-2024,0
FUNDO SICHAHUE (Meteo),01-11-2024,11.8
FUNDO SICHAHUE (Meteo),02-11-2024,0.1
FUNDO SICHAHUE (Meteo),03-11-2024,35.1
FUNDO SICHAHUE (Meteo),04-11-2024,12.9
FUNDO SICHAHUE (Meteo),05-11-2024,1
FUNDO SICHAHUE (Meteo),06-11-2024,0.1
FUNDO SICHAHUE (Meteo),07-11-2024,0
FUNDO SICHAHUE (Meteo),08-11-2024,46.5
FUNDO SICHAHUE (Meteo),09-11-2024,11.9
FUNDO SICHAHUE (Meteo),10-11-2024,20.8
FUNDO SICHAHUE (Meteo),11-11-2024,0
FUNDO SICHAHUE (Meteo),12-11-2024,0
FUNDO SICHAHUE (Meteo),13-11-2024,0
FUNDO SICHAHUE (Meteo),14-11-2024,19.9
FUNDO SICHAHUE (Meteo),15-11-2024,12.4
FUNDO SICHAHUE (Meteo),16-11-2024,0
FUNDO SICHAHUE (Meteo),17-11-2024,0
FUNDO SICHAHUE (Meteo),18-11-2024,0
FUNDO SICHAHUE (Meteo),19-11-2024,0
FUNDO SICHAHUE (Meteo),20-11-2024,0
FUNDO SICHAHUE (Meteo),21-11-2024,0
FUNDO SICHAHUE (Meteo),22-11-2024,3.5
FUNDO SICHAHUE (Meteo),23-11-2024,8.2
FUNDO SICHAHUE (Meteo),24-11-2024,4.8
FUNDO SICHAHUE (Meteo),25-11-2024,18.7
FUNDO SICHAHUE (Meteo),26-11-2024,14.9
FUNDO SICHAHUE (Meteo),27-11-2024,6.5
FUNDO SICHAHUE (Meteo),28-11-2024,0
FUNDO SICHAHUE (Meteo),29-11-2024,0
FUNDO SICHAHUE (Meteo),30-11-2024,0.4
FUNDO SICHAHUE (Meteo),01-12-2024,3.8
FUNDO SICHAHUE (Meteo),02-12-2024,0
FUNDO SICHAHUE (Meteo),03-12-2024,0
FUNDO SICHAHUE (Meteo),04-12-2024,4.7
FUNDO SICHAHUE (Meteo),05-12-2024,23.7
FUNDO SICHAHUE (Meteo),06-12-2024,0
FUNDO SICHAHUE (Meteo),07-12-2024,0
FUNDO SICHAHUE (Meteo),08-12-2024,0
FUNDO SICHAHUE (Meteo),09-12-2024,0
FUNDO SICHAHUE (Meteo),10-12-2024,0
FUNDO SICHAHUE (Meteo),11-12-2024,0
FUNDO SICHAHUE (Meteo),12-12-2024,3.3
FUNDO SICHAHUE (Meteo),13-12-2024,0
FUNDO SICHAHUE (Meteo),14-12-2024,0
FUNDO SICHAHUE (Meteo),15-12-2024,0
FUNDO SICHAHUE (Meteo),16-12-2024,1.3
FUNDO SICHAHUE (Meteo),17-12-2024,1.8
FUNDO SICHAHUE (Meteo),18-12-2024,0.7
FUNDO SICHAHUE (Meteo),19-12-2024,22.2
FUNDO SICHAHUE (Meteo),20-12-2024,0
FUNDO SICHAHUE (Meteo),21-12-2024,0
FUNDO SICHAHUE (Meteo),22-12-2024,0
FUNDO SICHAHUE (Meteo),23-12-2024,0
FUNDO SICHAHUE (Meteo),24-12-2024,0
FUNDO SICHAHUE (Meteo),25-12-2024,0
FUNDO SICHAHUE (Meteo),26-12-2024,0
FUNDO SICHAHUE (Meteo),27-12-2024,0
FUNDO SICHAHUE (Meteo),28-12-2024,0
FUNDO SICHAHUE (Meteo),29-12-2024,0.5
FUNDO SICHAHUE (Meteo),30-12-2024,4.5
FUNDO SICHAHUE (Meteo),31-12-2024,0
FUNDO SICHAHUE (Meteo),01-08-2025,36.3
FUNDO SICHAHUE (Meteo),02-08-2025,11.7
FUNDO SICHAHUE (Meteo),03-08-2025,3.2
FUNDO SICHAHUE (Meteo),04-08-2025,1.9
FUNDO SICHAHUE (Meteo),05-08-2025,18.4
FUNDO SICHAHUE (Meteo),06-08-2025,0
FUNDO SICHAHUE (Meteo),07-08-2025,0.1
FUNDO SICHAHUE (Meteo),08-08-2025,0.2
FUNDO SICHAHUE (Meteo),09-08-2025,0.4
FUNDO SICHAHUE (Meteo),10-08-2025,21.9
FUNDO SICHAHUE (Meteo),11-08-2025,23.7
FUNDO SICHAHUE (Meteo),12-08-2025,0.5
FUNDO SICHAHUE (Meteo),13-08-2025,0.1
FUNDO SICHAHUE (Meteo),14-08-2025,0
FUNDO SICHAHUE (Meteo),15-08-2025,0
FUNDO SICHAHUE (Meteo),16-08-2025,0
FUNDO SICHAHUE (Meteo),17-08-2025,0
FUNDO SICHAHUE (Meteo),18-08-2025,0
FUNDO SICHAHUE (Meteo),19-08-2025,30
FUNDO SICHAHUE (Meteo),20-08-2025,18.5
FUNDO SICHAHUE (Meteo),21-08-2025,33.6
FUNDO SICHAHUE (Meteo),22-08-2025,8.3
FUNDO SICHAHUE (Meteo),23-08-2025,13.2
FUNDO SICHAHUE (Meteo),24-08-2025,2
FUNDO SICHAHUE (Meteo),25-08-2025,1
FUNDO SICHAHUE (Meteo),26-08-2025,0.1
FUNDO SICHAHUE (Meteo),27-08-2025,0.1
FUNDO SICHAHUE (Meteo),28-08-2025,0
FUNDO SICHAHUE (Meteo),29-08-2025,0
FUNDO SICHAHUE (Meteo),30-08-2025,0
FUNDO SICHAHUE (Meteo),31-08-2025,1.3
FUNDO SICHAHUE (Meteo),01-09-2025,16.8
FUNDO SICHAHUE (Meteo),02-09-2025,9.3
FUNDO SICHAHUE (Meteo),03-09-2025,0.1
FUNDO SICHAHUE (Meteo),04-09-2025,0.1
FUNDO SICHAHUE (Meteo),05-09-2025,0
FUNDO SICHAHUE (Meteo),06-09-2025,0
FUNDO SICHAHUE (Meteo),07-09-2025,2.4
FUNDO SICHAHUE (Meteo),08-09-2025,19.8
FUNDO SICHAHUE (Meteo),09-09-2025,54.4
FUNDO SICHAHUE (Meteo),10-09-2025,0.6
FUNDO SICHAHUE (Meteo),11-09-2025,0.1
FUNDO SICHAHUE (Meteo),12-09-2025,29.5
FUNDO SICHAHUE (Meteo),13-09-2025,15.8
FUNDO SICHAHUE (Meteo),14-09-2025,0
FUNDO SICHAHUE (Meteo),15-09-2025,0
FUNDO SICHAHUE (Meteo),16-09-2025,0
FUNDO SICHAHUE (Meteo),17-09-2025,7.7
FUNDO SICHAHUE (Meteo),18-09-2025,12.6
FUNDO SICHAHUE (Meteo),19-09-2025,11.5
FUNDO SICHAHUE (Meteo),20-09-2025,13.7
FUNDO SICHAHUE (Meteo),21-09-2025,10.8
FUNDO SICHAHUE (Meteo),22-09-2025,4
FUNDO SICHAHUE (Meteo),23-09-2025,0
FUNDO SICHAHUE (Meteo),24-09-2025,0
FUNDO SICHAHUE (Meteo),25-09-2025,19.1
FUNDO SICHAHUE (Meteo),26-09-2025,4.5
FUNDO SICHAHUE (Meteo),27-09-2025,36.1
FUNDO SICHAHUE (Meteo),28-09-2025,1.4
FUNDO SICHAHUE (Meteo),29-09-2025,3.6
FUNDO SICHAHUE (Meteo),30-09-2025,0.1
FUNDO SICHAHUE (Meteo),01-10-2025,0.1
FUNDO SICHAHUE (Meteo),02-10-2025,0
FUNDO SICHAHUE (Meteo),03-10-2025,14.2
FUNDO SICHAHUE (Meteo),04-10-2025,8.9
FUNDO SICHAHUE (Meteo),05-10-2025,1.6
FUNDO SICHAHUE (Meteo),06-10-2025,11.6
FUNDO SICHAHUE (Meteo),07-10-2025,0
FUNDO SICHAHUE (Meteo),08-10-2025,0
FUNDO SICHAHUE (Meteo),09-10-2025,3.3
FUNDO SICHAHUE (Meteo),10-10-2025,11.6
FUNDO SICHAHUE (Meteo),11-10-2025,0.7
FUNDO SICHAHUE (Meteo),12-10-2025,0.2
FUNDO SICHAHUE (Meteo),13-10-2025,0
FUNDO SICHAHUE (Meteo),14-10-2025,27.4
FUNDO SICHAHUE (Meteo),15-10-2025,1.5
FUNDO SICHAHUE (Meteo),16-10-2025,0
FUNDO SICHAHUE (Meteo),17-10-2025,0
FUNDO SICHAHUE (Meteo),18-10-2025,0
FUNDO SICHAHUE (Meteo),19-10-2025,2.7
FUNDO SICHAHUE (Meteo),20-10-2025,17.6
FUNDO SICHAHUE (Meteo),21-10-2025,0
FUNDO SICHAHUE (Meteo),22-10-2025,0
FUNDO SICHAHUE (Meteo),23-10-2025,25.6
FUNDO SICHAHUE (Meteo),24-10-2025,2.5
FUNDO SICHAHUE (Meteo),25-10-2025,25.4
FUNDO SICHAHUE (Meteo),26-10-2025,0.7
FUNDO SICHAHUE (Meteo),27-10-2025,0
FUNDO SICHAHUE (Meteo),28-10-2025,0
FUNDO SICHAHUE (Meteo),29-10-2025,0
FUNDO SICHAHUE (Meteo),30-10-2025,6.4
FUNDO SICHAHUE (Meteo),31-10-2025,0
FUNDO SICHAHUE (Meteo),01-11-2025,0
FUNDO SICHAHUE (Meteo),02-11-2025,0
FUNDO SICHAHUE (Meteo),03-11-2025,0
FUNDO SICHAHUE (Meteo),04-11-2025,0
FUNDO SICHAHUE (Meteo),05-11-2025,0
FUNDO SICHAHUE (Meteo),06-11-2025,0
FUNDO SICHAHUE (Meteo),07-11-2025,0.2
FUNDO SICHAHUE (Meteo),08-11-2025,0
FUNDO SICHAHUE (Meteo),09-11-2025,3.2
FUNDO SICHAHUE (Meteo),10-11-2025,6.9
FUNDO SICHAHUE (Meteo),11-11-2025,7.3
FUNDO SICHAHUE (Meteo),12-11-2025,0
FUNDO SICHAHUE (Meteo),13-11-2025,0
FUNDO SICHAHUE (Meteo),14-11-2025,0
FUNDO SICHAHUE (Meteo),15-11-2025,3.9
FUNDO SICHAHUE (Meteo),16-11-2025,0
FUNDO SICHAHUE (Meteo),17-11-2025,0
FUNDO SICHAHUE (Meteo),18-11-2025,0.7
FUNDO SICHAHUE (Meteo),19-11-2025,15.1
FUNDO SICHAHUE (Meteo),20-11-2025,0.1
FUNDO SICHAHUE (Meteo),21-11-2025,0
FUNDO SICHAHUE (Meteo),22-11-2025,0
FUNDO SICHAHUE (Meteo),23-11-2025,0
FUNDO SICHAHUE (Meteo),24-11-2025,0
FUNDO SICHAHUE (Meteo),25-11-2025,0
FUNDO SICHAHUE (Meteo),26-11-2025,0
FUNDO SICHAHUE (Meteo),27-11-2025,0
FUNDO SICHAHUE (Meteo),28-11-2025,0.6
FUNDO SICHAHUE (Meteo),29-11-2025,8.4
FUNDO SICHAHUE (Meteo),30-11-2025,7.4
FUNDO SICHAHUE (Meteo),01-12-2025,0
FUNDO SICHAHUE (Meteo),02-12-2025,13.7
FUNDO SICHAHUE (Meteo),03-12-2025,0
FUNDO SICHAHUE (Meteo),04-12-2025,0.2
FUNDO SICHAHUE (Meteo),05-12-2025,0
FUNDO SICHAHUE (Meteo),06-12-2025,0
FUNDO SICHAHUE (Meteo),07-12-2025,0
FUNDO SICHAHUE (Meteo),08-12-2025,2.1
FUNDO SICHAHUE (Meteo),09-12-2025,0
FUNDO SICHAHUE (Meteo),10-12-2025,0
FUNDO SICHAHUE (Meteo),11-12-2025,7.3
FUNDO SICHAHUE (Meteo),12-12-2025,15
FUNDO SICHAHUE (Meteo),13-12-2025,4.3
FUNDO SICHAHUE (Meteo),14-12-2025,10.2
FUNDO SICHAHUE (Meteo),15-12-2025,3.7
FUNDO SICHAHUE (Meteo),16-12-2025,0
FUNDO SICHAHUE (Meteo),17-12-2025,0
FUNDO SICHAHUE (Meteo),18-12-2025,0
FUNDO SICHAHUE (Meteo),19-12-2025,1.5
FUNDO SICHAHUE (Meteo),20-12-2025,29.3
FUNDO SICHAHUE (Meteo),21-12-2025,2.2
FUNDO SICHAHUE (Meteo),22-12-2025,16.1
FUNDO SICHAHUE (Meteo),23-12-2025,0
FUNDO SICHAHUE (Meteo),24-12-2025,1.4
FUNDO SICHAHUE (Meteo),25-12-2025,0
FUNDO SICHAHUE (Meteo),26-12-2025,2.4
FUNDO SICHAHUE (Meteo),27-12-2025,0.1
FUNDO SICHAHUE (Meteo),28-12-2025,0
FUNDO SICHAHUE (Meteo),29-12-2025,0
FUNDO SICHAHUE (Meteo),30-12-2025,0
FUNDO SICHAHUE (Meteo),31-12-2025,0
FUNDO SICHAHUE (Meteo),01-01-2026,0
FUNDO SICHAHUE (Meteo),02-01-2026,0
FUNDO SICHAHUE (Meteo),03-01-2026,0
FUNDO SICHAHUE (Meteo),04-01-2026,0
FUNDO SICHAHUE (Meteo),05-01-2026,0.5
FUNDO SICHAHUE (Meteo),06-01-2026,0
FUNDO SICHAHUE (Meteo),07-01-2026,0
FUNDO SICHAHUE (Meteo),08-01-2026,0
FUNDO SICHAHUE (Meteo),09-01-2026,0
FUNDO SICHAHUE (Meteo),10-01-2026,0
FUNDO SICHAHUE (Meteo),11-01-2026,1.7
FUNDO SICHAHUE (Meteo),12-01-2026,0.1
FUNDO SICHAHUE (Meteo),13-01-2026,0
FUNDO SICHAHUE (Meteo),14-01-2026,19.6
FUNDO SICHAHUE (Meteo),15-01-2026,0
FUNDO SICHAHUE (Meteo),16-01-2026,0
FUNDO SICHAHUE (Meteo),17-01-2026,0
FUNDO SICHAHUE (Meteo),18-01-2026,0
FUNDO SICHAHUE (Meteo),19-01-2026,0
FUNDO SICHAHUE (Meteo),20-01-2026,0
FUNDO SICHAHUE (Meteo),21-01-2026,0
FUNDO SICHAHUE (Meteo),22-01-2026,0
FUNDO SICHAHUE (Meteo),23-01-2026,0
FUNDO SICHAHUE (Meteo),24-01-2026,0
FUNDO SICHAHUE (Meteo),25-01-2026,0
FUNDO SICHAHUE (Meteo),26-01-2026,0
FUNDO SICHAHUE (Meteo),27-01-2026,6.1
FUNDO SICHAHUE (Meteo),28-01-2026,0.1
FUNDO SICHAHUE (Meteo),29-01-2026,0
FUNDO SICHAHUE (Meteo),30-01-2026,4.7
FUNDO SICHAHUE (Meteo),31-01-2026,0
FUNDO SICHAHUE (Meteo),01-02-2026,0
FUNDO SICHAHUE (Meteo),02-02-2026,27.3
FUNDO SICHAHUE (Meteo),03-02-2026,3.7
FUNDO SICHAHUE (Meteo),04-02-2026,0.5
FUNDO SICHAHUE (Meteo),05-02-2026,0
FUNDO SICHAHUE (Meteo),06-02-2026,0
FUNDO SICHAHUE (Meteo),07-02-2026,0
FUNDO SICHAHUE (Meteo),08-02-2026,3.1
FUNDO SICHAHUE (Meteo),09-02-2026,7.2
FUNDO SICHAHUE (Meteo),10-02-2026,18.4
FUNDO SICHAHUE (Meteo),11-02-2026,23.5
FUNDO SICHAHUE (Meteo),12-02-2026,0.1
FUNDO SICHAHUE (Meteo),13-02-2026,13.6
FUNDO SICHAHUE (Meteo),14-02-2026,3.1
FUNDO SICHAHUE (Meteo),15-02-2026,0
FUNDO SICHAHUE (Meteo),16-02-2026,14.2
FUNDO SICHAHUE (Meteo),17-02-2026,0.1
FUNDO SICHAHUE (Meteo),18-02-2026,0
FUNDO SICHAHUE (Meteo),19-02-2026,0
FUNDO SICHAHUE (Meteo),20-02-2026,0
FUNDO SICHAHUE (Meteo),21-02-2026,0
FUNDO SICHAHUE (Meteo),22-02-2026,0
FUNDO SICHAHUE (Meteo),23-02-2026,0.5
FUNDO SICHAHUE (Meteo),24-02-2026,0
FUNDO SICHAHUE (Meteo),25-02-2026,0
FUNDO SICHAHUE (Meteo),26-02-2026,0
FUNDO SICHAHUE (Meteo),27-02-2026,0
FUNDO SICHAHUE (Meteo),28-02-2026,22.4
FUNDO SICHAHUE (Meteo),01-03-2026,16.4
FUNDO SICHAHUE (Meteo),02-03-2026,9.3
FUNDO SICHAHUE (Meteo),03-03-2026,5.7
FUNDO SICHAHUE (Meteo),04-03-2026,0.1
FUNDO SICHAHUE (Meteo),05-03-2026,0.1
FUNDO SICHAHUE (Meteo),06-03-2026,0
FUNDO SICHAHUE (Meteo),07-03-2026,0
FUNDO SICHAHUE (Meteo),08-03-2026,0
FUNDO SICHAHUE (Meteo),09-03-2026,0
FUNDO SICHAHUE (Meteo),10-03-2026,0
FUNDO SICHAHUE (Meteo),11-03-2026,4
FUNDO SICHAHUE (Meteo),12-03-2026,0
FUNDO SICHAHUE (Meteo),13-03-2026,0
FUNDO SICHAHUE (Meteo),14-03-2026,65.1
FUNDO SICHAHUE (Meteo),15-03-2026,20.8
FUNDO SICHAHUE (Meteo),16-03-2026,44.6
FUNDO SICHAHUE (Meteo),17-03-2026,1.2
FUNDO SICHAHUE (Meteo),18-03-2026,52.9
FUNDO SICHAHUE (Meteo),19-03-2026,16.3
FUNDO SICHAHUE (Meteo),20-03-2026,10.2
FUNDO SICHAHUE (Meteo),21-03-2026,35.4
FUNDO SICHAHUE (Meteo),22-03-2026,10.4
FUNDO SICHAHUE (Meteo),23-03-2026,27.9
FUNDO SICHAHUE (Meteo),24-03-2026,0.9
FUNDO SICHAHUE (Meteo),25-03-2026,0.1
FUNDO SICHAHUE (Meteo),26-03-2026,0
FUNDO SICHAHUE (Meteo),27-03-2026,0.1
FUNDO SICHAHUE (Meteo),28-03-2026,0
FUNDO SICHAHUE (Meteo),29-03-2026,0.9
FUNDO SICHAHUE (Meteo),30-03-2026,17.6
FUNDO SICHAHUE (Meteo),31-03-2026,0.6
FUNDO SICHAHUE (Meteo),01-04-2026,0
FUNDO SICHAHUE (Meteo),02-04-2026,0.1
FUNDO SICHAHUE (Meteo),03-04-2026,3.2
FUNDO SICHAHUE (Meteo),04-04-2026,0
FUNDO SICHAHUE (Meteo),05-04-2026,0
FUNDO SICHAHUE (Meteo),06-04-2026,0
FUNDO SICHAHUE (Meteo),07-04-2026,0
FUNDO SICHAHUE (Meteo),08-04-2026,0
FUNDO SICHAHUE (Meteo),09-04-2026,0
FUNDO SICHAHUE (Meteo),10-04-2026,0
FUNDO SICHAHUE (Meteo),11-04-2026,7.3
FUNDO SICHAHUE (Meteo),12-04-2026,0
FUNDO SICHAHUE (Meteo),13-04-2026,10.4
FUNDO SICHAHUE (Meteo),14-04-2026,11.1
FUNDO SICHAHUE (Meteo),15-04-2026,2.1
FUNDO SICHAHUE (Meteo),16-04-2026,33.7
FUNDO SICHAHUE (Meteo),17-04-2026,5.3
FUNDO SICHAHUE (Meteo),18-04-2026,7.6
FUNDO SICHAHUE (Meteo),19-04-2026,0
FUNDO SICHAHUE (Meteo),20-04-2026,0.1
FUNDO SICHAHUE (Meteo),21-04-2026,6.9
FUNDO SICHAHUE (Meteo),22-04-2026,0.2
FUNDO SICHAHUE (Meteo),23-04-2026,2.8
FUNDO SICHAHUE (Meteo),24-04-2026,1.6
FUNDO SICHAHUE (Meteo),25-04-2026,4.4
FUNDO SICHAHUE (Meteo),26-04-2026,2.2
FUNDO SICHAHUE (Meteo),27-04-2026,10.3
FUNDO SICHAHUE (Meteo),28-04-2026,24.5
FUNDO SICHAHUE (Meteo),29-04-2026,0
FUNDO SICHAHUE (Meteo),30-04-2026,11
FUNDO SICHAHUE (Meteo),01-05-2026,0.1
FUNDO SICHAHUE (Meteo),02-05-2026,4.6
FUNDO SICHAHUE (Meteo),03-05-2026,13.2
FUNDO SICHAHUE (Meteo),04-05-2026,29.3
FUNDO SICHAHUE (Meteo),05-05-2026,62.3
FUNDO SICHAHUE (Meteo),06-05-2026,12.3
FUNDO SICHAHUE (Meteo),07-05-2026,8.1
FUNDO SICHAHUE (Meteo),08-05-2026,1.3
FUNDO SICHAHUE (Meteo),09-05-2026,0
FUNDO SICHAHUE (Meteo),10-05-2026,0.1
FUNDO SICHAHUE (Meteo),11-05-2026,0.1
FUNDO SICHAHUE (Meteo),12-05-2026,0
FUNDO SICHAHUE (Meteo),13-05-2026,0
FUNDO SICHAHUE (Meteo),14-05-2026,0
FUNDO SICHAHUE (Meteo),15-05-2026,0
FUNDO SICHAHUE (Meteo),16-05-2026,0
FUNDO SICHAHUE (Meteo),17-05-2026,0
FUNDO SICHAHUE (Meteo),18-05-2026,0
FUNDO SICHAHUE (Meteo),19-05-2026,0
FUNDO SICHAHUE (Meteo),20-05-2026,0
FUNDO SICHAHUE (Meteo),21-05-2026,0
FUNDO SICHAHUE (Meteo),22-05-2026,0
FUNDO SICHAHUE (Meteo),23-05-2026,0
FUNDO SICHAHUE (Meteo),24-05-2026,0
FUNDO SICHAHUE (Meteo),25-05-2026,0
FUNDO SICHAHUE (Meteo),26-05-2026,0
FUNDO SICHAHUE (Meteo),27-05-2026,2
FUNDO SICHAHUE (Meteo),28-05-2026,3.3
FUNDO SICHAHUE (Meteo),29-05-2026,0.1
FUNDO SICHAHUE (Meteo),30-05-2026,0.1
FUNDO SICHAHUE (Meteo),31-05-2026,0
FUTRONO SECTOR LAS QUEMAS,06-12-2022,0
FUTRONO SECTOR LAS QUEMAS,07-12-2022,0
FUTRONO SECTOR LAS QUEMAS,15-12-2022,0
FUTRONO SECTOR LAS QUEMAS,16-12-2022,0
FUTRONO SECTOR LAS QUEMAS,17-12-2022,0.1
FUTRONO SECTOR LAS QUEMAS,18-12-2022,0
FUTRONO SECTOR LAS QUEMAS,19-12-2022,0
FUTRONO SECTOR LAS QUEMAS,20-12-2022,1.3
FUTRONO SECTOR LAS QUEMAS,21-12-2022,8.4
FUTRONO SECTOR LAS QUEMAS,22-12-2022,8.2
FUTRONO SECTOR LAS QUEMAS,23-12-2022,0
FUTRONO SECTOR LAS QUEMAS,24-12-2022,0
FUTRONO SECTOR LAS QUEMAS,25-12-2022,0
FUTRONO SECTOR LAS QUEMAS,26-12-2022,0
FUTRONO SECTOR LAS QUEMAS,27-12-2022,0
FUTRONO SECTOR LAS QUEMAS,28-12-2022,0
FUTRONO SECTOR LAS QUEMAS,29-12-2022,0
FUTRONO SECTOR LAS QUEMAS,30-12-2022,0
FUTRONO SECTOR LAS QUEMAS,31-12-2022,0
FUTRONO SECTOR LAS QUEMAS,01-01-2023,0.3
FUTRONO SECTOR LAS QUEMAS,02-01-2023,1
FUTRONO SECTOR LAS QUEMAS,03-01-2023,0.1
FUTRONO SECTOR LAS QUEMAS,04-01-2023,0.1
FUTRONO SECTOR LAS QUEMAS,05-01-2023,0.1
FUTRONO SECTOR LAS QUEMAS,06-01-2023,0
FUTRONO SECTOR LAS QUEMAS,07-01-2023,0
FUTRONO SECTOR LAS QUEMAS,08-01-2023,0
FUTRONO SECTOR LAS QUEMAS,09-01-2023,2.9
FUTRONO SECTOR LAS QUEMAS,10-01-2023,0
FUTRONO SECTOR LAS QUEMAS,11-01-2023,0
FUTRONO SECTOR LAS QUEMAS,12-01-2023,0
FUTRONO SECTOR LAS QUEMAS,13-01-2023,0
FUTRONO SECTOR LAS QUEMAS,14-01-2023,0
FUTRONO SECTOR LAS QUEMAS,15-01-2023,0
FUTRONO SECTOR LAS QUEMAS,16-01-2023,0
FUTRONO SECTOR LAS QUEMAS,17-01-2023,0
FUTRONO SECTOR LAS QUEMAS,18-01-2023,0
FUTRONO SECTOR LAS QUEMAS,19-01-2023,0
FUTRONO SECTOR LAS QUEMAS,20-01-2023,0.1
FUTRONO SECTOR LAS QUEMAS,21-01-2023,0
FUTRONO SECTOR LAS QUEMAS,22-01-2023,0
FUTRONO SECTOR LAS QUEMAS,23-01-2023,40.2
FUTRONO SECTOR LAS QUEMAS,24-01-2023,0
FUTRONO SECTOR LAS QUEMAS,25-01-2023,0
FUTRONO SECTOR LAS QUEMAS,26-01-2023,0
FUTRONO SECTOR LAS QUEMAS,27-01-2023,0
FUTRONO SECTOR LAS QUEMAS,28-01-2023,0
FUTRONO SECTOR LAS QUEMAS,29-01-2023,0.2
FUTRONO SECTOR LAS QUEMAS,30-01-2023,0
FUTRONO SECTOR LAS QUEMAS,31-01-2023,0
FUTRONO SECTOR LAS QUEMAS,01-02-2023,0
FUTRONO SECTOR LAS QUEMAS,02-02-2023,0
FUTRONO SECTOR LAS QUEMAS,03-02-2023,0
FUTRONO SECTOR LAS QUEMAS,04-02-2023,0
FUTRONO SECTOR LAS QUEMAS,05-02-2023,0
FUTRONO SECTOR LAS QUEMAS,06-02-2023,0
FUTRONO SECTOR LAS QUEMAS,07-02-2023,0
FUTRONO SECTOR LAS QUEMAS,08-02-2023,0
FUTRONO SECTOR LAS QUEMAS,09-02-2023,2
FUTRONO SECTOR LAS QUEMAS,10-02-2023,2.2
FUTRONO SECTOR LAS QUEMAS,11-02-2023,0
FUTRONO SECTOR LAS QUEMAS,12-02-2023,27.5
FUTRONO SECTOR LAS QUEMAS,13-02-2023,0.5
FUTRONO SECTOR LAS QUEMAS,14-02-2023,0.7
FUTRONO SECTOR LAS QUEMAS,15-02-2023,0
FUTRONO SECTOR LAS QUEMAS,16-02-2023,0
FUTRONO SECTOR LAS QUEMAS,17-02-2023,0
FUTRONO SECTOR LAS QUEMAS,18-02-2023,0
FUTRONO SECTOR LAS QUEMAS,19-02-2023,0
FUTRONO SECTOR LAS QUEMAS,20-02-2023,0
FUTRONO SECTOR LAS QUEMAS,21-02-2023,0
FUTRONO SECTOR LAS QUEMAS,22-02-2023,0
FUTRONO SECTOR LAS QUEMAS,23-02-2023,0
FUTRONO SECTOR LAS QUEMAS,24-02-2023,8.9
FUTRONO SECTOR LAS QUEMAS,25-02-2023,0
FUTRONO SECTOR LAS QUEMAS,26-02-2023,0
FUTRONO SECTOR LAS QUEMAS,27-02-2023,0
FUTRONO SECTOR LAS QUEMAS,28-02-2023,0
FUTRONO SECTOR LAS QUEMAS,01-03-2023,0
FUTRONO SECTOR LAS QUEMAS,02-03-2023,0
FUTRONO SECTOR LAS QUEMAS,03-03-2023,0
FUTRONO SECTOR LAS QUEMAS,04-03-2023,0
FUTRONO SECTOR LAS QUEMAS,05-03-2023,0
FUTRONO SECTOR LAS QUEMAS,06-03-2023,11.5
FUTRONO SECTOR LAS QUEMAS,07-03-2023,40
FUTRONO SECTOR LAS QUEMAS,08-03-2023,0.4
FUTRONO SECTOR LAS QUEMAS,09-03-2023,0.7
FUTRONO SECTOR LAS QUEMAS,10-03-2023,0.1
FUTRONO SECTOR LAS QUEMAS,11-03-2023,2
FUTRONO SECTOR LAS QUEMAS,12-03-2023,0.2
FUTRONO SECTOR LAS QUEMAS,13-03-2023,0
FUTRONO SECTOR LAS QUEMAS,14-03-2023,12.7
FUTRONO SECTOR LAS QUEMAS,15-03-2023,13.4
FUTRONO SECTOR LAS QUEMAS,16-03-2023,14.3
FUTRONO SECTOR LAS QUEMAS,17-03-2023,4.6
FUTRONO SECTOR LAS QUEMAS,18-03-2023,0.5
FUTRONO SECTOR LAS QUEMAS,19-03-2023,0.3
FUTRONO SECTOR LAS QUEMAS,20-03-2023,0.1
FUTRONO SECTOR LAS QUEMAS,21-03-2023,0
FUTRONO SECTOR LAS QUEMAS,22-03-2023,0
FUTRONO SECTOR LAS QUEMAS,23-03-2023,0
FUTRONO SECTOR LAS QUEMAS,24-03-2023,0
FUTRONO SECTOR LAS QUEMAS,25-03-2023,0
FUTRONO SECTOR LAS QUEMAS,26-03-2023,0
FUTRONO SECTOR LAS QUEMAS,27-03-2023,20.1
FUTRONO SECTOR LAS QUEMAS,28-03-2023,3.7
FUTRONO SECTOR LAS QUEMAS,29-03-2023,0
FUTRONO SECTOR LAS QUEMAS,30-03-2023,0
FUTRONO SECTOR LAS QUEMAS,31-03-2023,1.9
FUTRONO SECTOR LAS QUEMAS,01-04-2023,0.9
FUTRONO SECTOR LAS QUEMAS,02-04-2023,0
FUTRONO SECTOR LAS QUEMAS,03-04-2023,0
FUTRONO SECTOR LAS QUEMAS,04-04-2023,0
FUTRONO SECTOR LAS QUEMAS,05-04-2023,5.1
FUTRONO SECTOR LAS QUEMAS,06-04-2023,0.1
FUTRONO SECTOR LAS QUEMAS,07-04-2023,0
FUTRONO SECTOR LAS QUEMAS,08-04-2023,0
FUTRONO SECTOR LAS QUEMAS,09-04-2023,0
FUTRONO SECTOR LAS QUEMAS,10-04-2023,36.9
FUTRONO SECTOR LAS QUEMAS,11-04-2023,0.3
FUTRONO SECTOR LAS QUEMAS,12-04-2023,0
FUTRONO SECTOR LAS QUEMAS,13-04-2023,0
FUTRONO SECTOR LAS QUEMAS,14-04-2023,0
FUTRONO SECTOR LAS QUEMAS,15-04-2023,0
FUTRONO SECTOR LAS QUEMAS,16-04-2023,0.7
FUTRONO SECTOR LAS QUEMAS,17-04-2023,1.4
FUTRONO SECTOR LAS QUEMAS,18-04-2023,0.1
FUTRONO SECTOR LAS QUEMAS,19-04-2023,0
FUTRONO SECTOR LAS QUEMAS,20-04-2023,6.5
FUTRONO SECTOR LAS QUEMAS,21-04-2023,0.1
FUTRONO SECTOR LAS QUEMAS,22-04-2023,0.2
FUTRONO SECTOR LAS QUEMAS,23-04-2023,0.1
FUTRONO SECTOR LAS QUEMAS,24-04-2023,0
FUTRONO SECTOR LAS QUEMAS,25-04-2023,4.5
FUTRONO SECTOR LAS QUEMAS,26-04-2023,0.6
FUTRONO SECTOR LAS QUEMAS,27-04-2023,21
FUTRONO SECTOR LAS QUEMAS,28-04-2023,32.9
FUTRONO SECTOR LAS QUEMAS,29-04-2023,14.6
FUTRONO SECTOR LAS QUEMAS,30-04-2023,3.4
FUTRONO SECTOR LAS QUEMAS,01-05-2023,0
FUTRONO SECTOR LAS QUEMAS,02-05-2023,0
FUTRONO SECTOR LAS QUEMAS,03-05-2023,0
FUTRONO SECTOR LAS QUEMAS,04-05-2023,0
FUTRONO SECTOR LAS QUEMAS,05-05-2023,0.2
FUTRONO SECTOR LAS QUEMAS,06-05-2023,3.9
FUTRONO SECTOR LAS QUEMAS,07-05-2023,0
FUTRONO SECTOR LAS QUEMAS,08-05-2023,0
FUTRONO SECTOR LAS QUEMAS,09-05-2023,0
FUTRONO SECTOR LAS QUEMAS,10-05-2023,0.1
FUTRONO SECTOR LAS QUEMAS,11-05-2023,1.3
FUTRONO SECTOR LAS QUEMAS,12-05-2023,0
FUTRONO SECTOR LAS QUEMAS,13-05-2023,0.2
FUTRONO SECTOR LAS QUEMAS,14-05-2023,0.2
FUTRONO SECTOR LAS QUEMAS,15-05-2023,6.2
FUTRONO SECTOR LAS QUEMAS,16-05-2023,0.9
FUTRONO SECTOR LAS QUEMAS,17-05-2023,1.5
FUTRONO SECTOR LAS QUEMAS,18-05-2023,10.5
FUTRONO SECTOR LAS QUEMAS,19-05-2023,0.1
FUTRONO SECTOR LAS QUEMAS,20-05-2023,49.2
FUTRONO SECTOR LAS QUEMAS,21-05-2023,33.4
FUTRONO SECTOR LAS QUEMAS,22-05-2023,20.4
FUTRONO SECTOR LAS QUEMAS,23-05-2023,28.1
FUTRONO SECTOR LAS QUEMAS,24-05-2023,8.7
FUTRONO SECTOR LAS QUEMAS,25-05-2023,25.4
FUTRONO SECTOR LAS QUEMAS,26-05-2023,3.9
FUTRONO SECTOR LAS QUEMAS,27-05-2023,0.2
FUTRONO SECTOR LAS QUEMAS,28-05-2023,0
FUTRONO SECTOR LAS QUEMAS,29-05-2023,0
FUTRONO SECTOR LAS QUEMAS,30-05-2023,5
FUTRONO SECTOR LAS QUEMAS,31-05-2023,1.8
FUTRONO SECTOR LAS QUEMAS,01-06-2023,18.4
FUTRONO SECTOR LAS QUEMAS,02-06-2023,23
FUTRONO SECTOR LAS QUEMAS,03-06-2023,13.2
FUTRONO SECTOR LAS QUEMAS,04-06-2023,0.2
FUTRONO SECTOR LAS QUEMAS,05-06-2023,49.1
FUTRONO SECTOR LAS QUEMAS,06-06-2023,11.5
FUTRONO SECTOR LAS QUEMAS,07-06-2023,25.8
FUTRONO SECTOR LAS QUEMAS,08-06-2023,14.7
FUTRONO SECTOR LAS QUEMAS,09-06-2023,13.6
FUTRONO SECTOR LAS QUEMAS,10-06-2023,0.6
FUTRONO SECTOR LAS QUEMAS,11-06-2023,0.1
FUTRONO SECTOR LAS QUEMAS,12-06-2023,0.1
FUTRONO SECTOR LAS QUEMAS,13-06-2023,0
FUTRONO SECTOR LAS QUEMAS,14-06-2023,6.4
FUTRONO SECTOR LAS QUEMAS,15-06-2023,1.6
FUTRONO SECTOR LAS QUEMAS,16-06-2023,0
FUTRONO SECTOR LAS QUEMAS,17-06-2023,0.3
FUTRONO SECTOR LAS QUEMAS,18-06-2023,0.1
FUTRONO SECTOR LAS QUEMAS,19-06-2023,1
FUTRONO SECTOR LAS QUEMAS,20-06-2023,0.8
FUTRONO SECTOR LAS QUEMAS,21-06-2023,11.2
FUTRONO SECTOR LAS QUEMAS,22-06-2023,10.2
FUTRONO SECTOR LAS QUEMAS,23-06-2023,11
FUTRONO SECTOR LAS QUEMAS,24-06-2023,8.7
FUTRONO SECTOR LAS QUEMAS,25-06-2023,15.1
FUTRONO SECTOR LAS QUEMAS,26-06-2023,22.2
FUTRONO SECTOR LAS QUEMAS,27-06-2023,7.9
FUTRONO SECTOR LAS QUEMAS,28-06-2023,1.4
FUTRONO SECTOR LAS QUEMAS,29-06-2023,1.6
FUTRONO SECTOR LAS QUEMAS,30-06-2023,2.3
FUTRONO SECTOR LAS QUEMAS,01-07-2023,20
FUTRONO SECTOR LAS QUEMAS,02-07-2023,5.4
FUTRONO SECTOR LAS QUEMAS,03-07-2023,54.3
FUTRONO SECTOR LAS QUEMAS,04-07-2023,7.7
FUTRONO SECTOR LAS QUEMAS,05-07-2023,6.5
FUTRONO SECTOR LAS QUEMAS,06-07-2023,0.9
FUTRONO SECTOR LAS QUEMAS,07-07-2023,17.3
FUTRONO SECTOR LAS QUEMAS,08-07-2023,10.9
FUTRONO SECTOR LAS QUEMAS,09-07-2023,1.5
FUTRONO SECTOR LAS QUEMAS,10-07-2023,0.1
FUTRONO SECTOR LAS QUEMAS,11-07-2023,2.3
FUTRONO SECTOR LAS QUEMAS,12-07-2023,0
FUTRONO SECTOR LAS QUEMAS,13-07-2023,4.1
FUTRONO SECTOR LAS QUEMAS,14-07-2023,0.7
FUTRONO SECTOR LAS QUEMAS,15-07-2023,2.2
FUTRONO SECTOR LAS QUEMAS,16-07-2023,0
FUTRONO SECTOR LAS QUEMAS,17-07-2023,0.1
FUTRONO SECTOR LAS QUEMAS,18-07-2023,30.7
FUTRONO SECTOR LAS QUEMAS,19-07-2023,9.4
FUTRONO SECTOR LAS QUEMAS,20-07-2023,46.5
FUTRONO SECTOR LAS QUEMAS,21-07-2023,9.2
FUTRONO SECTOR LAS QUEMAS,22-07-2023,6.1
FUTRONO SECTOR LAS QUEMAS,23-07-2023,0.2
FUTRONO SECTOR LAS QUEMAS,24-07-2023,21.2
FUTRONO SECTOR LAS QUEMAS,25-07-2023,3.3
FUTRONO SECTOR LAS QUEMAS,26-07-2023,1.9
FUTRONO SECTOR LAS QUEMAS,27-07-2023,0.1
FUTRONO SECTOR LAS QUEMAS,28-07-2023,1
FUTRONO SECTOR LAS QUEMAS,29-07-2023,9.6
FUTRONO SECTOR LAS QUEMAS,30-07-2023,0
FUTRONO SECTOR LAS QUEMAS,31-07-2023,10.8
FUTRONO SECTOR LAS QUEMAS,01-08-2023,2.3
FUTRONO SECTOR LAS QUEMAS,02-08-2023,0.9
FUTRONO SECTOR LAS QUEMAS,03-08-2023,0.1
FUTRONO SECTOR LAS QUEMAS,04-08-2023,0.1
FUTRONO SECTOR LAS QUEMAS,05-08-2023,0
FUTRONO SECTOR LAS QUEMAS,06-08-2023,0.1
FUTRONO SECTOR LAS QUEMAS,07-08-2023,0.1
FUTRONO SECTOR LAS QUEMAS,08-08-2023,8.1
FUTRONO SECTOR LAS QUEMAS,09-08-2023,29.8
FUTRONO SECTOR LAS QUEMAS,10-08-2023,9.2
FUTRONO SECTOR LAS QUEMAS,11-08-2023,1
FUTRONO SECTOR LAS QUEMAS,12-08-2023,0
FUTRONO SECTOR LAS QUEMAS,13-08-2023,0.5
FUTRONO SECTOR LAS QUEMAS,14-08-2023,20.8
FUTRONO SECTOR LAS QUEMAS,15-08-2023,22.6
FUTRONO SECTOR LAS QUEMAS,16-08-2023,4
FUTRONO SECTOR LAS QUEMAS,17-08-2023,7.9
FUTRONO SECTOR LAS QUEMAS,18-08-2023,2.6
FUTRONO SECTOR LAS QUEMAS,19-08-2023,7.7
FUTRONO SECTOR LAS QUEMAS,20-08-2023,46
FUTRONO SECTOR LAS QUEMAS,21-08-2023,16.4
FUTRONO SECTOR LAS QUEMAS,22-08-2023,10.4
FUTRONO SECTOR LAS QUEMAS,23-08-2023,2.7
FUTRONO SECTOR LAS QUEMAS,24-08-2023,0.1
FUTRONO SECTOR LAS QUEMAS,25-08-2023,0.1
FUTRONO SECTOR LAS QUEMAS,26-08-2023,0
FUTRONO SECTOR LAS QUEMAS,27-08-2023,19.3
FUTRONO SECTOR LAS QUEMAS,28-08-2023,0.3
FUTRONO SECTOR LAS QUEMAS,29-08-2023,22.2
FUTRONO SECTOR LAS QUEMAS,30-08-2023,0.9
FUTRONO SECTOR LAS QUEMAS,31-08-2023,11.4
FUTRONO SECTOR LAS QUEMAS,01-09-2023,5.2
FUTRONO SECTOR LAS QUEMAS,02-09-2023,0.1
FUTRONO SECTOR LAS QUEMAS,03-09-2023,0
FUTRONO SECTOR LAS QUEMAS,04-09-2023,0
FUTRONO SECTOR LAS QUEMAS,05-09-2023,23.3
FUTRONO SECTOR LAS QUEMAS,06-09-2023,19.9
FUTRONO SECTOR LAS QUEMAS,07-09-2023,10.2
FUTRONO SECTOR LAS QUEMAS,08-09-2023,23.7
FUTRONO SECTOR LAS QUEMAS,09-09-2023,14.7
FUTRONO SECTOR LAS QUEMAS,10-09-2023,11.7
FUTRONO SECTOR LAS QUEMAS,11-09-2023,4.8
FUTRONO SECTOR LAS QUEMAS,12-09-2023,2
FUTRONO SECTOR LAS QUEMAS,13-09-2023,27.3
FUTRONO SECTOR LAS QUEMAS,14-09-2023,39.4
FUTRONO SECTOR LAS QUEMAS,15-09-2023,23.3
FUTRONO SECTOR LAS QUEMAS,16-09-2023,8.9
FUTRONO SECTOR LAS QUEMAS,17-09-2023,1.2
FUTRONO SECTOR LAS QUEMAS,18-09-2023,0
FUTRONO SECTOR LAS QUEMAS,19-09-2023,0.1
FUTRONO SECTOR LAS QUEMAS,20-09-2023,2.4
FUTRONO SECTOR LAS QUEMAS,21-09-2023,27.3
FUTRONO SECTOR LAS QUEMAS,22-09-2023,9.4
FUTRONO SECTOR LAS QUEMAS,23-09-2023,0
FUTRONO SECTOR LAS QUEMAS,24-09-2023,0
FUTRONO SECTOR LAS QUEMAS,25-09-2023,0
FUTRONO SECTOR LAS QUEMAS,26-09-2023,0
FUTRONO SECTOR LAS QUEMAS,27-09-2023,3.4
FUTRONO SECTOR LAS QUEMAS,28-09-2023,0
FUTRONO SECTOR LAS QUEMAS,29-09-2023,0
FUTRONO SECTOR LAS QUEMAS,30-09-2023,0
FUTRONO SECTOR LAS QUEMAS,01-10-2023,3.4
FUTRONO SECTOR LAS QUEMAS,02-10-2023,5.2
FUTRONO SECTOR LAS QUEMAS,03-10-2023,0
FUTRONO SECTOR LAS QUEMAS,04-10-2023,0
FUTRONO SECTOR LAS QUEMAS,05-10-2023,3.5
FUTRONO SECTOR LAS QUEMAS,06-10-2023,0
FUTRONO SECTOR LAS QUEMAS,07-10-2023,0
FUTRONO SECTOR LAS QUEMAS,08-10-2023,0
FUTRONO SECTOR LAS QUEMAS,09-10-2023,3.1
FUTRONO SECTOR LAS QUEMAS,10-10-2023,0.3
FUTRONO SECTOR LAS QUEMAS,11-10-2023,0
FUTRONO SECTOR LAS QUEMAS,12-10-2023,0
FUTRONO SECTOR LAS QUEMAS,13-10-2023,0
FUTRONO SECTOR LAS QUEMAS,14-10-2023,0
FUTRONO SECTOR LAS QUEMAS,15-10-2023,0
FUTRONO SECTOR LAS QUEMAS,16-10-2023,0
FUTRONO SECTOR LAS QUEMAS,17-10-2023,0
FUTRONO SECTOR LAS QUEMAS,18-10-2023,0
FUTRONO SECTOR LAS QUEMAS,19-10-2023,0
FUTRONO SECTOR LAS QUEMAS,20-10-2023,0
FUTRONO SECTOR LAS QUEMAS,21-10-2023,0
FUTRONO SECTOR LAS QUEMAS,22-10-2023,0
FUTRONO SECTOR LAS QUEMAS,23-10-2023,0
FUTRONO SECTOR LAS QUEMAS,24-10-2023,0
FUTRONO SECTOR LAS QUEMAS,25-10-2023,0
FUTRONO SECTOR LAS QUEMAS,26-10-2023,0
FUTRONO SECTOR LAS QUEMAS,27-10-2023,45.5
FUTRONO SECTOR LAS QUEMAS,28-10-2023,27.3
FUTRONO SECTOR LAS QUEMAS,29-10-2023,7.8
FUTRONO SECTOR LAS QUEMAS,30-10-2023,17.7
FUTRONO SECTOR LAS QUEMAS,31-10-2023,0
FUTRONO SECTOR LAS QUEMAS,01-11-2023,0
FUTRONO SECTOR LAS QUEMAS,02-11-2023,0
FUTRONO SECTOR LAS QUEMAS,03-11-2023,0
FUTRONO SECTOR LAS QUEMAS,04-11-2023,0
FUTRONO SECTOR LAS QUEMAS,05-11-2023,1.6
FUTRONO SECTOR LAS QUEMAS,06-11-2023,40.4
FUTRONO SECTOR LAS QUEMAS,07-11-2023,1.8
FUTRONO SECTOR LAS QUEMAS,08-11-2023,0.1
FUTRONO SECTOR LAS QUEMAS,09-11-2023,0
FUTRONO SECTOR LAS QUEMAS,10-11-2023,26.3
FUTRONO SECTOR LAS QUEMAS,11-11-2023,9
FUTRONO SECTOR LAS QUEMAS,12-11-2023,0
FUTRONO SECTOR LAS QUEMAS,13-11-2023,4.5
FUTRONO SECTOR LAS QUEMAS,14-11-2023,0.1
FUTRONO SECTOR LAS QUEMAS,15-11-2023,2.1
FUTRONO SECTOR LAS QUEMAS,16-11-2023,31.5
FUTRONO SECTOR LAS QUEMAS,17-11-2023,12.9
FUTRONO SECTOR LAS QUEMAS,18-11-2023,3.3
FUTRONO SECTOR LAS QUEMAS,19-11-2023,2.4
FUTRONO SECTOR LAS QUEMAS,20-11-2023,7.3
FUTRONO SECTOR LAS QUEMAS,21-11-2023,0.5
FUTRONO SECTOR LAS QUEMAS,22-11-2023,0
FUTRONO SECTOR LAS QUEMAS,23-11-2023,0
FUTRONO SECTOR LAS QUEMAS,24-11-2023,0
FUTRONO SECTOR LAS QUEMAS,25-11-2023,0
FUTRONO SECTOR LAS QUEMAS,26-11-2023,0
FUTRONO SECTOR LAS QUEMAS,27-11-2023,0.4
FUTRONO SECTOR LAS QUEMAS,28-11-2023,0.9
FUTRONO SECTOR LAS QUEMAS,29-11-2023,0
FUTRONO SECTOR LAS QUEMAS,30-11-2023,0.2
FUTRONO SECTOR LAS QUEMAS,01-12-2023,23.5
FUTRONO SECTOR LAS QUEMAS,02-12-2023,1.9
FUTRONO SECTOR LAS QUEMAS,03-12-2023,0
FUTRONO SECTOR LAS QUEMAS,04-12-2023,0
FUTRONO SECTOR LAS QUEMAS,05-12-2023,0
FUTRONO SECTOR LAS QUEMAS,06-12-2023,0
FUTRONO SECTOR LAS QUEMAS,07-12-2023,0
FUTRONO SECTOR LAS QUEMAS,08-12-2023,1.1
FUTRONO SECTOR LAS QUEMAS,09-12-2023,0
FUTRONO SECTOR LAS QUEMAS,10-12-2023,0
FUTRONO SECTOR LAS QUEMAS,11-12-2023,1.8
FUTRONO SECTOR LAS QUEMAS,12-12-2023,0
FUTRONO SECTOR LAS QUEMAS,13-12-2023,0
FUTRONO SECTOR LAS QUEMAS,14-12-2023,0
FUTRONO SECTOR LAS QUEMAS,15-12-2023,0
FUTRONO SECTOR LAS QUEMAS,16-12-2023,32.6
FUTRONO SECTOR LAS QUEMAS,17-12-2023,0.9
FUTRONO SECTOR LAS QUEMAS,18-12-2023,0
FUTRONO SECTOR LAS QUEMAS,19-12-2023,4.4
FUTRONO SECTOR LAS QUEMAS,20-12-2023,0.1
FUTRONO SECTOR LAS QUEMAS,21-12-2023,0.1
FUTRONO SECTOR LAS QUEMAS,22-12-2023,0
FUTRONO SECTOR LAS QUEMAS,23-12-2023,0
FUTRONO SECTOR LAS QUEMAS,24-12-2023,0
FUTRONO SECTOR LAS QUEMAS,25-12-2023,0
FUTRONO SECTOR LAS QUEMAS,26-12-2023,0
FUTRONO SECTOR LAS QUEMAS,27-12-2023,0
FUTRONO SECTOR LAS QUEMAS,28-12-2023,0
FUTRONO SECTOR LAS QUEMAS,29-12-2023,0
FUTRONO SECTOR LAS QUEMAS,30-12-2023,0
FUTRONO SECTOR LAS QUEMAS,31-12-2023,0
FUTRONO SECTOR LAS QUEMAS,01-01-2024,0
FUTRONO SECTOR LAS QUEMAS,02-01-2024,0
FUTRONO SECTOR LAS QUEMAS,03-01-2024,0
FUTRONO SECTOR LAS QUEMAS,04-01-2024,0
FUTRONO SECTOR LAS QUEMAS,05-01-2024,11.5
FUTRONO SECTOR LAS QUEMAS,06-01-2024,11
FUTRONO SECTOR LAS QUEMAS,07-01-2024,0.4
FUTRONO SECTOR LAS QUEMAS,08-01-2024,0
FUTRONO SECTOR LAS QUEMAS,09-01-2024,0
FUTRONO SECTOR LAS QUEMAS,10-01-2024,0
FUTRONO SECTOR LAS QUEMAS,11-01-2024,0
FUTRONO SECTOR LAS QUEMAS,12-01-2024,0
FUTRONO SECTOR LAS QUEMAS,13-01-2024,0.1
FUTRONO SECTOR LAS QUEMAS,14-01-2024,0.1
FUTRONO SECTOR LAS QUEMAS,15-01-2024,0.1
FUTRONO SECTOR LAS QUEMAS,16-01-2024,0
FUTRONO SECTOR LAS QUEMAS,17-01-2024,0.4
FUTRONO SECTOR LAS QUEMAS,18-01-2024,0
FUTRONO SECTOR LAS QUEMAS,19-01-2024,0
FUTRONO SECTOR LAS QUEMAS,20-01-2024,0
FUTRONO SECTOR LAS QUEMAS,21-01-2024,0
FUTRONO SECTOR LAS QUEMAS,22-01-2024,0
FUTRONO SECTOR LAS QUEMAS,23-01-2024,0
FUTRONO SECTOR LAS QUEMAS,24-01-2024,0
FUTRONO SECTOR LAS QUEMAS,25-01-2024,0
FUTRONO SECTOR LAS QUEMAS,26-01-2024,0
FUTRONO SECTOR LAS QUEMAS,27-01-2024,0
FUTRONO SECTOR LAS QUEMAS,28-01-2024,0
FUTRONO SECTOR LAS QUEMAS,29-01-2024,0
FUTRONO SECTOR LAS QUEMAS,30-01-2024,0
FUTRONO SECTOR LAS QUEMAS,31-01-2024,0
FUTRONO SECTOR LAS QUEMAS,01-02-2024,0
FUTRONO SECTOR LAS QUEMAS,02-02-2024,0.4
FUTRONO SECTOR LAS QUEMAS,03-02-2024,0
FUTRONO SECTOR LAS QUEMAS,04-02-2024,0
FUTRONO SECTOR LAS QUEMAS,05-02-2024,0
FUTRONO SECTOR LAS QUEMAS,06-02-2024,27.9
FUTRONO SECTOR LAS QUEMAS,07-02-2024,0
FUTRONO SECTOR LAS QUEMAS,08-02-2024,0
FUTRONO SECTOR LAS QUEMAS,09-02-2024,6.3
FUTRONO SECTOR LAS QUEMAS,10-02-2024,0
FUTRONO SECTOR LAS QUEMAS,11-02-2024,0
FUTRONO SECTOR LAS QUEMAS,12-02-2024,0
FUTRONO SECTOR LAS QUEMAS,13-02-2024,0
FUTRONO SECTOR LAS QUEMAS,14-02-2024,0
FUTRONO SECTOR LAS QUEMAS,15-02-2024,0
FUTRONO SECTOR LAS QUEMAS,16-02-2024,7.2
FUTRONO SECTOR LAS QUEMAS,17-02-2024,0
FUTRONO SECTOR LAS QUEMAS,18-02-2024,0
FUTRONO SECTOR LAS QUEMAS,19-02-2024,0
FUTRONO SECTOR LAS QUEMAS,20-02-2024,0
FUTRONO SECTOR LAS QUEMAS,21-02-2024,0
FUTRONO SECTOR LAS QUEMAS,22-02-2024,0
FUTRONO SECTOR LAS QUEMAS,23-02-2024,0
FUTRONO SECTOR LAS QUEMAS,24-02-2024,0
FUTRONO SECTOR LAS QUEMAS,25-02-2024,0
FUTRONO SECTOR LAS QUEMAS,26-02-2024,0
FUTRONO SECTOR LAS QUEMAS,27-02-2024,2.9
FUTRONO SECTOR LAS QUEMAS,28-02-2024,0
FUTRONO SECTOR LAS QUEMAS,29-02-2024,0
FUTRONO SECTOR LAS QUEMAS,01-03-2024,0
FUTRONO SECTOR LAS QUEMAS,02-03-2024,0
FUTRONO SECTOR LAS QUEMAS,03-03-2024,0
FUTRONO SECTOR LAS QUEMAS,04-03-2024,0
FUTRONO SECTOR LAS QUEMAS,05-03-2024,0
FUTRONO SECTOR LAS QUEMAS,06-03-2024,0
FUTRONO SECTOR LAS QUEMAS,07-03-2024,10.2
FUTRONO SECTOR LAS QUEMAS,08-03-2024,1
FUTRONO SECTOR LAS QUEMAS,09-03-2024,0
FUTRONO SECTOR LAS QUEMAS,10-03-2024,0
FUTRONO SECTOR LAS QUEMAS,11-03-2024,11.4
FUTRONO SECTOR LAS QUEMAS,12-03-2024,0.2
FUTRONO SECTOR LAS QUEMAS,13-03-2024,8
FUTRONO SECTOR LAS QUEMAS,14-03-2024,0
FUTRONO SECTOR LAS QUEMAS,15-03-2024,0
FUTRONO SECTOR LAS QUEMAS,16-03-2024,0
FUTRONO SECTOR LAS QUEMAS,17-03-2024,0
FUTRONO SECTOR LAS QUEMAS,18-03-2024,0
FUTRONO SECTOR LAS QUEMAS,19-03-2024,54.7
FUTRONO SECTOR LAS QUEMAS,20-03-2024,0.1
FUTRONO SECTOR LAS QUEMAS,21-03-2024,4.9
FUTRONO SECTOR LAS QUEMAS,22-03-2024,11.3
FUTRONO SECTOR LAS QUEMAS,23-03-2024,4.1
FUTRONO SECTOR LAS QUEMAS,24-03-2024,0
FUTRONO SECTOR LAS QUEMAS,25-03-2024,0.3
FUTRONO SECTOR LAS QUEMAS,26-03-2024,1
FUTRONO SECTOR LAS QUEMAS,27-03-2024,0
FUTRONO SECTOR LAS QUEMAS,28-03-2024,9.1
FUTRONO SECTOR LAS QUEMAS,29-03-2024,0
FUTRONO SECTOR LAS QUEMAS,30-03-2024,0
FUTRONO SECTOR LAS QUEMAS,31-03-2024,0
FUTRONO SECTOR LAS QUEMAS,01-04-2024,12.9
FUTRONO SECTOR LAS QUEMAS,02-04-2024,10.8
FUTRONO SECTOR LAS QUEMAS,03-04-2024,0.4
FUTRONO SECTOR LAS QUEMAS,04-04-2024,1.8
FUTRONO SECTOR LAS QUEMAS,05-04-2024,0.1
FUTRONO SECTOR LAS QUEMAS,06-04-2024,0
FUTRONO SECTOR LAS QUEMAS,07-04-2024,2.7
FUTRONO SECTOR LAS QUEMAS,08-04-2024,3
FUTRONO SECTOR LAS QUEMAS,09-04-2024,0
FUTRONO SECTOR LAS QUEMAS,10-04-2024,0
FUTRONO SECTOR LAS QUEMAS,11-04-2024,0
FUTRONO SECTOR LAS QUEMAS,12-04-2024,0
FUTRONO SECTOR LAS QUEMAS,13-04-2024,0
FUTRONO SECTOR LAS QUEMAS,14-04-2024,0
FUTRONO SECTOR LAS QUEMAS,15-04-2024,0.1
FUTRONO SECTOR LAS QUEMAS,16-04-2024,1.8
FUTRONO SECTOR LAS QUEMAS,17-04-2024,0
FUTRONO SECTOR LAS QUEMAS,18-04-2024,5.9
FUTRONO SECTOR LAS QUEMAS,19-04-2024,0.3
FUTRONO SECTOR LAS QUEMAS,20-04-2024,0
FUTRONO SECTOR LAS QUEMAS,21-04-2024,14.4
FUTRONO SECTOR LAS QUEMAS,22-04-2024,3.8
FUTRONO SECTOR LAS QUEMAS,23-04-2024,0
FUTRONO SECTOR LAS QUEMAS,24-04-2024,22
FUTRONO SECTOR LAS QUEMAS,25-04-2024,23.3
FUTRONO SECTOR LAS QUEMAS,26-04-2024,2.8
FUTRONO SECTOR LAS QUEMAS,27-04-2024,1.7
FUTRONO SECTOR LAS QUEMAS,28-04-2024,38.3
FUTRONO SECTOR LAS QUEMAS,29-04-2024,25.8
FUTRONO SECTOR LAS QUEMAS,30-04-2024,2.7
FUTRONO SECTOR LAS QUEMAS,01-05-2024,1.1
FUTRONO SECTOR LAS QUEMAS,02-05-2024,0.1
FUTRONO SECTOR LAS QUEMAS,03-05-2024,42.1
FUTRONO SECTOR LAS QUEMAS,04-05-2024,10.9
FUTRONO SECTOR LAS QUEMAS,05-05-2024,49.1
FUTRONO SECTOR LAS QUEMAS,06-05-2024,79
FUTRONO SECTOR LAS QUEMAS,07-05-2024,1.2
FUTRONO SECTOR LAS QUEMAS,08-05-2024,2
FUTRONO SECTOR LAS QUEMAS,09-05-2024,1.6
FUTRONO SECTOR LAS QUEMAS,10-05-2024,2.7
FUTRONO SECTOR LAS QUEMAS,11-05-2024,4.3
FUTRONO SECTOR LAS QUEMAS,12-05-2024,0
FUTRONO SECTOR LAS QUEMAS,13-05-2024,0.2
FUTRONO SECTOR LAS QUEMAS,14-05-2024,0.2
FUTRONO SECTOR LAS QUEMAS,15-05-2024,0.2
FUTRONO SECTOR LAS QUEMAS,16-05-2024,0
FUTRONO SECTOR LAS QUEMAS,17-05-2024,0.2
FUTRONO SECTOR LAS QUEMAS,18-05-2024,0.4
FUTRONO SECTOR LAS QUEMAS,19-05-2024,11.1
FUTRONO SECTOR LAS QUEMAS,20-05-2024,31.1
FUTRONO SECTOR LAS QUEMAS,21-05-2024,0.9
FUTRONO SECTOR LAS QUEMAS,22-05-2024,0
FUTRONO SECTOR LAS QUEMAS,23-05-2024,0
FUTRONO SECTOR LAS QUEMAS,24-05-2024,0
FUTRONO SECTOR LAS QUEMAS,25-05-2024,0
FUTRONO SECTOR LAS QUEMAS,26-05-2024,0
FUTRONO SECTOR LAS QUEMAS,27-05-2024,0
FUTRONO SECTOR LAS QUEMAS,28-05-2024,8.3
FUTRONO SECTOR LAS QUEMAS,29-05-2024,0.1
FUTRONO SECTOR LAS QUEMAS,30-05-2024,3.1
FUTRONO SECTOR LAS QUEMAS,31-05-2024,41
FUTRONO SECTOR LAS QUEMAS,01-06-2024,1.9
FUTRONO SECTOR LAS QUEMAS,02-06-2024,2.5
FUTRONO SECTOR LAS QUEMAS,03-06-2024,2.6
FUTRONO SECTOR LAS QUEMAS,04-06-2024,16.6
FUTRONO SECTOR LAS QUEMAS,05-06-2024,30.9
FUTRONO SECTOR LAS QUEMAS,06-06-2024,8
FUTRONO SECTOR LAS QUEMAS,07-06-2024,5.5
FUTRONO SECTOR LAS QUEMAS,08-06-2024,55.9
FUTRONO SECTOR LAS QUEMAS,09-06-2024,22.3
FUTRONO SECTOR LAS QUEMAS,10-06-2024,70.2
FUTRONO SECTOR LAS QUEMAS,11-06-2024,43.7
FUTRONO SECTOR LAS QUEMAS,12-06-2024,41.3
FUTRONO SECTOR LAS QUEMAS,13-06-2024,27.7
FUTRONO SECTOR LAS QUEMAS,14-06-2024,21
FUTRONO SECTOR LAS QUEMAS,15-06-2024,0.3
FUTRONO SECTOR LAS QUEMAS,16-06-2024,18.4
FUTRONO SECTOR LAS QUEMAS,17-06-2024,18.2
FUTRONO SECTOR LAS QUEMAS,18-06-2024,6.1
FUTRONO SECTOR LAS QUEMAS,19-06-2024,15.8
FUTRONO SECTOR LAS QUEMAS,20-06-2024,40.3
FUTRONO SECTOR LAS QUEMAS,21-06-2024,5.8
FUTRONO SECTOR LAS QUEMAS,22-06-2024,5.5
FUTRONO SECTOR LAS QUEMAS,23-06-2024,1.6
FUTRONO SECTOR LAS QUEMAS,24-06-2024,0.3
FUTRONO SECTOR LAS QUEMAS,25-06-2024,30.8
FUTRONO SECTOR LAS QUEMAS,26-06-2024,31.9
FUTRONO SECTOR LAS QUEMAS,27-06-2024,13
FUTRONO SECTOR LAS QUEMAS,28-06-2024,0.1
FUTRONO SECTOR LAS QUEMAS,29-06-2024,0
FUTRONO SECTOR LAS QUEMAS,30-06-2024,7.8
FUTRONO SECTOR LAS QUEMAS,01-07-2024,18.9
FUTRONO SECTOR LAS QUEMAS,02-07-2024,1.6
FUTRONO SECTOR LAS QUEMAS,03-07-2024,0.2
FUTRONO SECTOR LAS QUEMAS,04-07-2024,0.5
FUTRONO SECTOR LAS QUEMAS,05-07-2024,0.1
FUTRONO SECTOR LAS QUEMAS,06-07-2024,0.1
FUTRONO SECTOR LAS QUEMAS,07-07-2024,0.2
FUTRONO SECTOR LAS QUEMAS,08-07-2024,0
FUTRONO SECTOR LAS QUEMAS,09-07-2024,0.2
FUTRONO SECTOR LAS QUEMAS,10-07-2024,0
FUTRONO SECTOR LAS QUEMAS,11-07-2024,0.1
FUTRONO SECTOR LAS QUEMAS,12-07-2024,0.1
FUTRONO SECTOR LAS QUEMAS,13-07-2024,0.2
FUTRONO SECTOR LAS QUEMAS,14-07-2024,0.1
FUTRONO SECTOR LAS QUEMAS,15-07-2024,9
FUTRONO SECTOR LAS QUEMAS,16-07-2024,0.1
FUTRONO SECTOR LAS QUEMAS,17-07-2024,4.1
FUTRONO SECTOR LAS QUEMAS,18-07-2024,0.1
FUTRONO SECTOR LAS QUEMAS,19-07-2024,0.2
FUTRONO SECTOR LAS QUEMAS,20-07-2024,0
FUTRONO SECTOR LAS QUEMAS,21-07-2024,0.1
FUTRONO SECTOR LAS QUEMAS,22-07-2024,0.3
FUTRONO SECTOR LAS QUEMAS,23-07-2024,0
FUTRONO SECTOR LAS QUEMAS,24-07-2024,13.6
FUTRONO SECTOR LAS QUEMAS,25-07-2024,0.1
FUTRONO SECTOR LAS QUEMAS,26-07-2024,4.2
FUTRONO SECTOR LAS QUEMAS,27-07-2024,0
FUTRONO SECTOR LAS QUEMAS,28-07-2024,0.2
FUTRONO SECTOR LAS QUEMAS,29-07-2024,0.1
FUTRONO SECTOR LAS QUEMAS,30-07-2024,0
FUTRONO SECTOR LAS QUEMAS,31-07-2024,50.6
FUTRONO SECTOR LAS QUEMAS,01-08-2024,66.8
FUTRONO SECTOR LAS QUEMAS,02-08-2024,19.4
FUTRONO SECTOR LAS QUEMAS,03-08-2024,2.4
FUTRONO SECTOR LAS QUEMAS,04-08-2024,15.8
FUTRONO SECTOR LAS QUEMAS,05-08-2024,1.9
FUTRONO SECTOR LAS QUEMAS,06-08-2024,1.3
FUTRONO SECTOR LAS QUEMAS,07-08-2024,0.2
FUTRONO SECTOR LAS QUEMAS,08-08-2024,0.2
FUTRONO SECTOR LAS QUEMAS,09-08-2024,7.9
FUTRONO SECTOR LAS QUEMAS,10-08-2024,2.3
FUTRONO SECTOR LAS QUEMAS,11-08-2024,0.1
FUTRONO SECTOR LAS QUEMAS,12-08-2024,0.1
FUTRONO SECTOR LAS QUEMAS,13-08-2024,24.5
FUTRONO SECTOR LAS QUEMAS,14-08-2024,0.4
FUTRONO SECTOR LAS QUEMAS,15-08-2024,0
FUTRONO SECTOR LAS QUEMAS,16-08-2024,1.5
FUTRONO SECTOR LAS QUEMAS,17-08-2024,0
FUTRONO SECTOR LAS QUEMAS,18-08-2024,0.1
FUTRONO SECTOR LAS QUEMAS,19-08-2024,0
FUTRONO SECTOR LAS QUEMAS,20-08-2024,0
FUTRONO SECTOR LAS QUEMAS,21-08-2024,4.2
FUTRONO SECTOR LAS QUEMAS,22-08-2024,4.5
FUTRONO SECTOR LAS QUEMAS,23-08-2024,0
FUTRONO SECTOR LAS QUEMAS,24-08-2024,0.1
FUTRONO SECTOR LAS QUEMAS,25-08-2024,7.1
FUTRONO SECTOR LAS QUEMAS,26-08-2024,2.2
FUTRONO SECTOR LAS QUEMAS,27-08-2024,0.2
FUTRONO SECTOR LAS QUEMAS,28-08-2024,0
FUTRONO SECTOR LAS QUEMAS,29-08-2024,0
FUTRONO SECTOR LAS QUEMAS,30-08-2024,0
FUTRONO SECTOR LAS QUEMAS,31-08-2024,0
FUTRONO SECTOR LAS QUEMAS,01-10-2024,0.1
FUTRONO SECTOR LAS QUEMAS,02-10-2024,0
FUTRONO SECTOR LAS QUEMAS,03-10-2024,0
FUTRONO SECTOR LAS QUEMAS,04-10-2024,0
FUTRONO SECTOR LAS QUEMAS,05-10-2024,0
FUTRONO SECTOR LAS QUEMAS,06-10-2024,0
FUTRONO SECTOR LAS QUEMAS,07-10-2024,0
FUTRONO SECTOR LAS QUEMAS,08-10-2024,0
FUTRONO SECTOR LAS QUEMAS,09-10-2024,0.1
FUTRONO SECTOR LAS QUEMAS,10-10-2024,17.9
FUTRONO SECTOR LAS QUEMAS,11-10-2024,0
FUTRONO SECTOR LAS QUEMAS,12-10-2024,0
FUTRONO SECTOR LAS QUEMAS,13-10-2024,0
FUTRONO SECTOR LAS QUEMAS,14-10-2024,0
FUTRONO SECTOR LAS QUEMAS,15-10-2024,0
FUTRONO SECTOR LAS QUEMAS,16-10-2024,11
FUTRONO SECTOR LAS QUEMAS,17-10-2024,0
FUTRONO SECTOR LAS QUEMAS,18-10-2024,0
FUTRONO SECTOR LAS QUEMAS,19-10-2024,0
FUTRONO SECTOR LAS QUEMAS,20-10-2024,6.3
FUTRONO SECTOR LAS QUEMAS,21-10-2024,0
FUTRONO SECTOR LAS QUEMAS,22-10-2024,0
FUTRONO SECTOR LAS QUEMAS,23-10-2024,0
FUTRONO SECTOR LAS QUEMAS,24-10-2024,7.7
FUTRONO SECTOR LAS QUEMAS,25-10-2024,0.1
FUTRONO SECTOR LAS QUEMAS,26-10-2024,0
FUTRONO SECTOR LAS QUEMAS,27-10-2024,0
FUTRONO SECTOR LAS QUEMAS,28-10-2024,0
FUTRONO SECTOR LAS QUEMAS,29-10-2024,0
FUTRONO SECTOR LAS QUEMAS,30-10-2024,0
FUTRONO SECTOR LAS QUEMAS,31-10-2024,0
FUTRONO SECTOR LAS QUEMAS,01-11-2024,9.3
FUTRONO SECTOR LAS QUEMAS,02-11-2024,0
FUTRONO SECTOR LAS QUEMAS,03-11-2024,18
FUTRONO SECTOR LAS QUEMAS,04-11-2024,8.4
FUTRONO SECTOR LAS QUEMAS,05-11-2024,0.8
FUTRONO SECTOR LAS QUEMAS,06-11-2024,0
FUTRONO SECTOR LAS QUEMAS,07-11-2024,0
FUTRONO SECTOR LAS QUEMAS,08-11-2024,15.1
FUTRONO SECTOR LAS QUEMAS,09-11-2024,11.3
FUTRONO SECTOR LAS QUEMAS,10-11-2024,12.2
FUTRONO SECTOR LAS QUEMAS,11-11-2024,1.1
FUTRONO SECTOR LAS QUEMAS,12-11-2024,0
FUTRONO SECTOR LAS QUEMAS,13-11-2024,0
FUTRONO SECTOR LAS QUEMAS,14-11-2024,6.7
FUTRONO SECTOR LAS QUEMAS,15-11-2024,1.6
FUTRONO SECTOR LAS QUEMAS,16-11-2024,0.1
FUTRONO SECTOR LAS QUEMAS,17-11-2024,0
FUTRONO SECTOR LAS QUEMAS,18-11-2024,0
FUTRONO SECTOR LAS QUEMAS,19-11-2024,0
FUTRONO SECTOR LAS QUEMAS,20-11-2024,0
FUTRONO SECTOR LAS QUEMAS,21-11-2024,0
FUTRONO SECTOR LAS QUEMAS,22-11-2024,1.9
FUTRONO SECTOR LAS QUEMAS,23-11-2024,4.3
FUTRONO SECTOR LAS QUEMAS,24-11-2024,1
FUTRONO SECTOR LAS QUEMAS,25-11-2024,15.4
FUTRONO SECTOR LAS QUEMAS,26-11-2024,6.6
FUTRONO SECTOR LAS QUEMAS,27-11-2024,2.8
FUTRONO SECTOR LAS QUEMAS,28-11-2024,0.1
FUTRONO SECTOR LAS QUEMAS,29-11-2024,0
FUTRONO SECTOR LAS QUEMAS,30-11-2024,0
FUTRONO SECTOR LAS QUEMAS,01-12-2024,5.5
FUTRONO SECTOR LAS QUEMAS,02-12-2024,0
FUTRONO SECTOR LAS QUEMAS,03-12-2024,0
FUTRONO SECTOR LAS QUEMAS,04-12-2024,1.7
FUTRONO SECTOR LAS QUEMAS,05-12-2024,6.2
FUTRONO SECTOR LAS QUEMAS,06-12-2024,0
FUTRONO SECTOR LAS QUEMAS,07-12-2024,0
FUTRONO SECTOR LAS QUEMAS,08-12-2024,0
FUTRONO SECTOR LAS QUEMAS,09-12-2024,0
FUTRONO SECTOR LAS QUEMAS,10-12-2024,0
FUTRONO SECTOR LAS QUEMAS,11-12-2024,0
FUTRONO SECTOR LAS QUEMAS,12-12-2024,1.8
FUTRONO SECTOR LAS QUEMAS,13-12-2024,0
FUTRONO SECTOR LAS QUEMAS,14-12-2024,0
FUTRONO SECTOR LAS QUEMAS,15-12-2024,0
FUTRONO SECTOR LAS QUEMAS,16-12-2024,0
FUTRONO SECTOR LAS QUEMAS,17-12-2024,2
FUTRONO SECTOR LAS QUEMAS,18-12-2024,0.3
FUTRONO SECTOR LAS QUEMAS,19-12-2024,1.8
FUTRONO SECTOR LAS QUEMAS,20-12-2024,0
FUTRONO SECTOR LAS QUEMAS,21-12-2024,0
FUTRONO SECTOR LAS QUEMAS,22-12-2024,0
FUTRONO SECTOR LAS QUEMAS,23-12-2024,0
FUTRONO SECTOR LAS QUEMAS,24-12-2024,0
FUTRONO SECTOR LAS QUEMAS,25-12-2024,0
FUTRONO SECTOR LAS QUEMAS,26-12-2024,0
FUTRONO SECTOR LAS QUEMAS,27-12-2024,0
FUTRONO SECTOR LAS QUEMAS,28-12-2024,0
FUTRONO SECTOR LAS QUEMAS,29-12-2024,0.4
FUTRONO SECTOR LAS QUEMAS,30-12-2024,7.1
FUTRONO SECTOR LAS QUEMAS,31-12-2024,0
FUTRONO SECTOR LAS QUEMAS,01-01-2025,0
FUTRONO SECTOR LAS QUEMAS,02-01-2025,0
FUTRONO SECTOR LAS QUEMAS,03-01-2025,0
FUTRONO SECTOR LAS QUEMAS,04-01-2025,0
FUTRONO SECTOR LAS QUEMAS,05-01-2025,0
FUTRONO SECTOR LAS QUEMAS,06-01-2025,0
FUTRONO SECTOR LAS QUEMAS,07-01-2025,0
FUTRONO SECTOR LAS QUEMAS,08-01-2025,0
FUTRONO SECTOR LAS QUEMAS,09-01-2025,0
FUTRONO SECTOR LAS QUEMAS,10-01-2025,0
FUTRONO SECTOR LAS QUEMAS,11-01-2025,0
FUTRONO SECTOR LAS QUEMAS,12-01-2025,0
FUTRONO SECTOR LAS QUEMAS,13-01-2025,0
FUTRONO SECTOR LAS QUEMAS,14-01-2025,24
FUTRONO SECTOR LAS QUEMAS,15-01-2025,0
FUTRONO SECTOR LAS QUEMAS,16-01-2025,1.4
FUTRONO SECTOR LAS QUEMAS,17-01-2025,0
FUTRONO SECTOR LAS QUEMAS,18-01-2025,0
FUTRONO SECTOR LAS QUEMAS,19-01-2025,0
FUTRONO SECTOR LAS QUEMAS,20-01-2025,0
FUTRONO SECTOR LAS QUEMAS,21-01-2025,0.3
FUTRONO SECTOR LAS QUEMAS,22-01-2025,12.1
FUTRONO SECTOR LAS QUEMAS,23-01-2025,0.1
FUTRONO SECTOR LAS QUEMAS,24-01-2025,0
FUTRONO SECTOR LAS QUEMAS,25-01-2025,0
FUTRONO SECTOR LAS QUEMAS,26-01-2025,1
FUTRONO SECTOR LAS QUEMAS,27-01-2025,0.1
FUTRONO SECTOR LAS QUEMAS,28-01-2025,0
FUTRONO SECTOR LAS QUEMAS,29-01-2025,0
FUTRONO SECTOR LAS QUEMAS,30-01-2025,1.8
FUTRONO SECTOR LAS QUEMAS,31-01-2025,1
FUTRONO SECTOR LAS QUEMAS,01-08-2025,20.8
FUTRONO SECTOR LAS QUEMAS,02-08-2025,5
FUTRONO SECTOR LAS QUEMAS,03-08-2025,0.2
FUTRONO SECTOR LAS QUEMAS,04-08-2025,4.1
FUTRONO SECTOR LAS QUEMAS,05-08-2025,8.5
FUTRONO SECTOR LAS QUEMAS,06-08-2025,0.1
FUTRONO SECTOR LAS QUEMAS,07-08-2025,0.1
FUTRONO SECTOR LAS QUEMAS,08-08-2025,0.1
FUTRONO SECTOR LAS QUEMAS,09-08-2025,0.1
FUTRONO SECTOR LAS QUEMAS,10-08-2025,0.1
FUTRONO SECTOR LAS QUEMAS,11-08-2025,17.1
FUTRONO SECTOR LAS QUEMAS,12-08-2025,0.5
FUTRONO SECTOR LAS QUEMAS,13-08-2025,0.2
FUTRONO SECTOR LAS QUEMAS,14-08-2025,0
FUTRONO SECTOR LAS QUEMAS,15-08-2025,0
FUTRONO SECTOR LAS QUEMAS,16-08-2025,0
FUTRONO SECTOR LAS QUEMAS,17-08-2025,0
FUTRONO SECTOR LAS QUEMAS,18-08-2025,0
FUTRONO SECTOR LAS QUEMAS,19-08-2025,9.1
FUTRONO SECTOR LAS QUEMAS,20-08-2025,8.3
FUTRONO SECTOR LAS QUEMAS,21-08-2025,24.6
FUTRONO SECTOR LAS QUEMAS,22-08-2025,0.8
FUTRONO SECTOR LAS QUEMAS,23-08-2025,0.4
FUTRONO SECTOR LAS QUEMAS,24-08-2025,0
FUTRONO SECTOR LAS QUEMAS,25-08-2025,2.3
FUTRONO SECTOR LAS QUEMAS,26-08-2025,0
FUTRONO SECTOR LAS QUEMAS,27-08-2025,0
FUTRONO SECTOR LAS QUEMAS,28-08-2025,0.2
FUTRONO SECTOR LAS QUEMAS,29-08-2025,0.1
FUTRONO SECTOR LAS QUEMAS,30-08-2025,0
FUTRONO SECTOR LAS QUEMAS,31-08-2025,0.1
FUTRONO SECTOR LAS QUEMAS,01-09-2025,6
FUTRONO SECTOR LAS QUEMAS,02-09-2025,5
FUTRONO SECTOR LAS QUEMAS,03-09-2025,0.1
FUTRONO SECTOR LAS QUEMAS,04-09-2025,0.2
FUTRONO SECTOR LAS QUEMAS,05-09-2025,0.1
FUTRONO SECTOR LAS QUEMAS,06-09-2025,0
FUTRONO SECTOR LAS QUEMAS,07-09-2025,1.3
FUTRONO SECTOR LAS QUEMAS,08-09-2025,28.2
FUTRONO SECTOR LAS QUEMAS,09-09-2025,35.2
FUTRONO SECTOR LAS QUEMAS,10-09-2025,0.1
FUTRONO SECTOR LAS QUEMAS,11-09-2025,0
FUTRONO SECTOR LAS QUEMAS,12-09-2025,15.8
FUTRONO SECTOR LAS QUEMAS,13-09-2025,10.9
FUTRONO SECTOR LAS QUEMAS,14-09-2025,0.1
FUTRONO SECTOR LAS QUEMAS,15-09-2025,0
FUTRONO SECTOR LAS QUEMAS,16-09-2025,0
FUTRONO SECTOR LAS QUEMAS,17-09-2025,5.3
FUTRONO SECTOR LAS QUEMAS,18-09-2025,7.7
FUTRONO SECTOR LAS QUEMAS,19-09-2025,17.2
FUTRONO SECTOR LAS QUEMAS,20-09-2025,13.6
FUTRONO SECTOR LAS QUEMAS,21-09-2025,2.7
FUTRONO SECTOR LAS QUEMAS,22-09-2025,3.3
FUTRONO SECTOR LAS QUEMAS,23-09-2025,0
FUTRONO SECTOR LAS QUEMAS,24-09-2025,0
FUTRONO SECTOR LAS QUEMAS,25-09-2025,17.2
FUTRONO SECTOR LAS QUEMAS,26-09-2025,2.6
FUTRONO SECTOR LAS QUEMAS,27-09-2025,19.1
FUTRONO SECTOR LAS QUEMAS,28-09-2025,5
FUTRONO SECTOR LAS QUEMAS,29-09-2025,0.5
FUTRONO SECTOR LAS QUEMAS,30-09-2025,0.2
FUTRONO SECTOR LAS QUEMAS,01-10-2025,0
FUTRONO SECTOR LAS QUEMAS,02-10-2025,0
FUTRONO SECTOR LAS QUEMAS,03-10-2025,11.2
FUTRONO SECTOR LAS QUEMAS,04-10-2025,4.9
FUTRONO SECTOR LAS QUEMAS,05-10-2025,1.9
FUTRONO SECTOR LAS QUEMAS,06-10-2025,2.2
FUTRONO SECTOR LAS QUEMAS,07-10-2025,0.1
FUTRONO SECTOR LAS QUEMAS,08-10-2025,0
FUTRONO SECTOR LAS QUEMAS,09-10-2025,0
FUTRONO SECTOR LAS QUEMAS,10-10-2025,9.1
FUTRONO SECTOR LAS QUEMAS,11-10-2025,11.1
FUTRONO SECTOR LAS QUEMAS,12-10-2025,0.1
FUTRONO SECTOR LAS QUEMAS,13-10-2025,0
FUTRONO SECTOR LAS QUEMAS,14-10-2025,14.5
FUTRONO SECTOR LAS QUEMAS,15-10-2025,0.3
FUTRONO SECTOR LAS QUEMAS,16-10-2025,0
FUTRONO SECTOR LAS QUEMAS,17-10-2025,0
FUTRONO SECTOR LAS QUEMAS,18-10-2025,0.1
FUTRONO SECTOR LAS QUEMAS,19-10-2025,1.9
FUTRONO SECTOR LAS QUEMAS,20-10-2025,5.9
FUTRONO SECTOR LAS QUEMAS,21-10-2025,0.1
FUTRONO SECTOR LAS QUEMAS,22-10-2025,0
FUTRONO SECTOR LAS QUEMAS,23-10-2025,6.2
FUTRONO SECTOR LAS QUEMAS,24-10-2025,1
FUTRONO SECTOR LAS QUEMAS,25-10-2025,3.5
FUTRONO SECTOR LAS QUEMAS,26-10-2025,1.1
FUTRONO SECTOR LAS QUEMAS,27-10-2025,0
FUTRONO SECTOR LAS QUEMAS,28-10-2025,0
FUTRONO SECTOR LAS QUEMAS,29-10-2025,0
FUTRONO SECTOR LAS QUEMAS,30-10-2025,2.7
FUTRONO SECTOR LAS QUEMAS,31-10-2025,0.1
FUTRONO SECTOR LAS QUEMAS,01-11-2025,0
FUTRONO SECTOR LAS QUEMAS,02-11-2025,0
FUTRONO SECTOR LAS QUEMAS,03-11-2025,0
FUTRONO SECTOR LAS QUEMAS,04-11-2025,0
FUTRONO SECTOR LAS QUEMAS,05-11-2025,0
FUTRONO SECTOR LAS QUEMAS,06-11-2025,0
FUTRONO SECTOR LAS QUEMAS,07-11-2025,0
FUTRONO SECTOR LAS QUEMAS,08-11-2025,1
FUTRONO SECTOR LAS QUEMAS,09-11-2025,7
FUTRONO SECTOR LAS QUEMAS,10-11-2025,0.9
FUTRONO SECTOR LAS QUEMAS,11-11-2025,11
FUTRONO SECTOR LAS QUEMAS,12-11-2025,0
FUTRONO SECTOR LAS QUEMAS,13-11-2025,0
FUTRONO SECTOR LAS QUEMAS,14-11-2025,0.1
FUTRONO SECTOR LAS QUEMAS,15-11-2025,5.3
FUTRONO SECTOR LAS QUEMAS,16-11-2025,0
FUTRONO SECTOR LAS QUEMAS,17-11-2025,0
FUTRONO SECTOR LAS QUEMAS,18-11-2025,0
FUTRONO SECTOR LAS QUEMAS,19-11-2025,4.3
FUTRONO SECTOR LAS QUEMAS,20-11-2025,0
FUTRONO SECTOR LAS QUEMAS,21-11-2025,0
FUTRONO SECTOR LAS QUEMAS,22-11-2025,0
FUTRONO SECTOR LAS QUEMAS,23-11-2025,0
FUTRONO SECTOR LAS QUEMAS,24-11-2025,0
FUTRONO SECTOR LAS QUEMAS,25-11-2025,0
FUTRONO SECTOR LAS QUEMAS,26-11-2025,0
FUTRONO SECTOR LAS QUEMAS,27-11-2025,0
FUTRONO SECTOR LAS QUEMAS,28-11-2025,0.6
FUTRONO SECTOR LAS QUEMAS,29-11-2025,5.9
FUTRONO SECTOR LAS QUEMAS,30-11-2025,7.4
FUTRONO SECTOR LAS QUEMAS,01-12-2025,0
FUTRONO SECTOR LAS QUEMAS,02-12-2025,0.6
FUTRONO SECTOR LAS QUEMAS,03-12-2025,0
FUTRONO SECTOR LAS QUEMAS,04-12-2025,0.8
FUTRONO SECTOR LAS QUEMAS,05-12-2025,0
FUTRONO SECTOR LAS QUEMAS,06-12-2025,0
FUTRONO SECTOR LAS QUEMAS,07-12-2025,0
FUTRONO SECTOR LAS QUEMAS,08-12-2025,0.1
FUTRONO SECTOR LAS QUEMAS,09-12-2025,0
FUTRONO SECTOR LAS QUEMAS,10-12-2025,0
FUTRONO SECTOR LAS QUEMAS,11-12-2025,0.2
FUTRONO SECTOR LAS QUEMAS,12-12-2025,10.3
FUTRONO SECTOR LAS QUEMAS,13-12-2025,3.1
FUTRONO SECTOR LAS QUEMAS,14-12-2025,4.5
FUTRONO SECTOR LAS QUEMAS,15-12-2025,0.2
FUTRONO SECTOR LAS QUEMAS,16-12-2025,0
FUTRONO SECTOR LAS QUEMAS,17-12-2025,0.5
FUTRONO SECTOR LAS QUEMAS,18-12-2025,0
FUTRONO SECTOR LAS QUEMAS,19-12-2025,0.5
FUTRONO SECTOR LAS QUEMAS,20-12-2025,23.9
FUTRONO SECTOR LAS QUEMAS,21-12-2025,2.6
FUTRONO SECTOR LAS QUEMAS,22-12-2025,2.1
FUTRONO SECTOR LAS QUEMAS,23-12-2025,0
FUTRONO SECTOR LAS QUEMAS,24-12-2025,0.2
FUTRONO SECTOR LAS QUEMAS,25-12-2025,0
FUTRONO SECTOR LAS QUEMAS,26-12-2025,0.5
FUTRONO SECTOR LAS QUEMAS,27-12-2025,0
FUTRONO SECTOR LAS QUEMAS,28-12-2025,0
FUTRONO SECTOR LAS QUEMAS,29-12-2025,0
FUTRONO SECTOR LAS QUEMAS,30-12-2025,0
FUTRONO SECTOR LAS QUEMAS,31-12-2025,0.1
FUTRONO SECTOR LAS QUEMAS,01-01-2026,0
FUTRONO SECTOR LAS QUEMAS,02-01-2026,0
FUTRONO SECTOR LAS QUEMAS,03-01-2026,0
FUTRONO SECTOR LAS QUEMAS,04-01-2026,0
FUTRONO SECTOR LAS QUEMAS,05-01-2026,0
FUTRONO SECTOR LAS QUEMAS,06-01-2026,0
FUTRONO SECTOR LAS QUEMAS,07-01-2026,0
FUTRONO SECTOR LAS QUEMAS,08-01-2026,0
FUTRONO SECTOR LAS QUEMAS,09-01-2026,0
FUTRONO SECTOR LAS QUEMAS,10-01-2026,0
FUTRONO SECTOR LAS QUEMAS,11-01-2026,3.5
FUTRONO SECTOR LAS QUEMAS,12-01-2026,0.1
FUTRONO SECTOR LAS QUEMAS,13-01-2026,0
FUTRONO SECTOR LAS QUEMAS,14-01-2026,9.5
FUTRONO SECTOR LAS QUEMAS,15-01-2026,0.1
FUTRONO SECTOR LAS QUEMAS,16-01-2026,0
FUTRONO SECTOR LAS QUEMAS,17-01-2026,0
FUTRONO SECTOR LAS QUEMAS,18-01-2026,0
FUTRONO SECTOR LAS QUEMAS,19-01-2026,0
FUTRONO SECTOR LAS QUEMAS,20-01-2026,0
FUTRONO SECTOR LAS QUEMAS,21-01-2026,0
FUTRONO SECTOR LAS QUEMAS,22-01-2026,0
FUTRONO SECTOR LAS QUEMAS,23-01-2026,0
FUTRONO SECTOR LAS QUEMAS,24-01-2026,0
FUTRONO SECTOR LAS QUEMAS,25-01-2026,0
FUTRONO SECTOR LAS QUEMAS,26-01-2026,0
FUTRONO SECTOR LAS QUEMAS,27-01-2026,6.2
FUTRONO SECTOR LAS QUEMAS,28-01-2026,0
FUTRONO SECTOR LAS QUEMAS,29-01-2026,0.1
FUTRONO SECTOR LAS QUEMAS,30-01-2026,7.3
FUTRONO SECTOR LAS QUEMAS,31-01-2026,0.2
FUTRONO SECTOR LAS QUEMAS,01-02-2026,0
FUTRONO SECTOR LAS QUEMAS,02-02-2026,7.6
FUTRONO SECTOR LAS QUEMAS,03-02-2026,0.7
FUTRONO SECTOR LAS QUEMAS,04-02-2026,1.1
FUTRONO SECTOR LAS QUEMAS,05-02-2026,0
FUTRONO SECTOR LAS QUEMAS,06-02-2026,0
FUTRONO SECTOR LAS QUEMAS,07-02-2026,0
FUTRONO SECTOR LAS QUEMAS,08-02-2026,0.4
FUTRONO SECTOR LAS QUEMAS,09-02-2026,1.2
FUTRONO SECTOR LAS QUEMAS,10-02-2026,10.9
FUTRONO SECTOR LAS QUEMAS,11-02-2026,4.1
FUTRONO SECTOR LAS QUEMAS,12-02-2026,0
FUTRONO SECTOR LAS QUEMAS,13-02-2026,4.1
FUTRONO SECTOR LAS QUEMAS,14-02-2026,5
FUTRONO SECTOR LAS QUEMAS,15-02-2026,0
FUTRONO SECTOR LAS QUEMAS,16-02-2026,10.7
FUTRONO SECTOR LAS QUEMAS,17-02-2026,0.2
FUTRONO SECTOR LAS QUEMAS,18-02-2026,0
FUTRONO SECTOR LAS QUEMAS,19-02-2026,0
FUTRONO SECTOR LAS QUEMAS,20-02-2026,0
FUTRONO SECTOR LAS QUEMAS,21-02-2026,0
FUTRONO SECTOR LAS QUEMAS,22-02-2026,0
FUTRONO SECTOR LAS QUEMAS,23-02-2026,0.1
FUTRONO SECTOR LAS QUEMAS,24-02-2026,0
FUTRONO SECTOR LAS QUEMAS,25-02-2026,0
FUTRONO SECTOR LAS QUEMAS,26-02-2026,0
FUTRONO SECTOR LAS QUEMAS,27-02-2026,5.3
FUTRONO SECTOR LAS QUEMAS,28-02-2026,8.5
FUTRONO SECTOR LAS QUEMAS,01-03-2026,7.6
FUTRONO SECTOR LAS QUEMAS,02-03-2026,7.9
FUTRONO SECTOR LAS QUEMAS,03-03-2026,3.2
FUTRONO SECTOR LAS QUEMAS,04-03-2026,0
FUTRONO SECTOR LAS QUEMAS,05-03-2026,0
FUTRONO SECTOR LAS QUEMAS,06-03-2026,0
FUTRONO SECTOR LAS QUEMAS,07-03-2026,0
FUTRONO SECTOR LAS QUEMAS,08-03-2026,0
FUTRONO SECTOR LAS QUEMAS,09-03-2026,0
FUTRONO SECTOR LAS QUEMAS,10-03-2026,0
FUTRONO SECTOR LAS QUEMAS,11-03-2026,3.6
FUTRONO SECTOR LAS QUEMAS,12-03-2026,0
FUTRONO SECTOR LAS QUEMAS,13-03-2026,0
FUTRONO SECTOR LAS QUEMAS,14-03-2026,36.4
FUTRONO SECTOR LAS QUEMAS,15-03-2026,22.3
FUTRONO SECTOR LAS QUEMAS,16-03-2026,41.6
FUTRONO SECTOR LAS QUEMAS,17-03-2026,0.1
FUTRONO SECTOR LAS QUEMAS,18-03-2026,30.3
FUTRONO SECTOR LAS QUEMAS,19-03-2026,9.2
FUTRONO SECTOR LAS QUEMAS,20-03-2026,6.3
FUTRONO SECTOR LAS QUEMAS,21-03-2026,19.1
FUTRONO SECTOR LAS QUEMAS,22-03-2026,3
FUTRONO SECTOR LAS QUEMAS,23-03-2026,14.5
FUTRONO SECTOR LAS QUEMAS,24-03-2026,3.1
FUTRONO SECTOR LAS QUEMAS,25-03-2026,0
FUTRONO SECTOR LAS QUEMAS,26-03-2026,0
FUTRONO SECTOR LAS QUEMAS,27-03-2026,0.1
FUTRONO SECTOR LAS QUEMAS,28-03-2026,0.1
FUTRONO SECTOR LAS QUEMAS,29-03-2026,1
FUTRONO SECTOR LAS QUEMAS,30-03-2026,5.2
FUTRONO SECTOR LAS QUEMAS,31-03-2026,0.6
FUTRONO SECTOR LAS QUEMAS,01-04-2026,0
FUTRONO SECTOR LAS QUEMAS,02-04-2026,0
FUTRONO SECTOR LAS QUEMAS,03-04-2026,0.8
FUTRONO SECTOR LAS QUEMAS,04-04-2026,0
FUTRONO SECTOR LAS QUEMAS,05-04-2026,0
FUTRONO SECTOR LAS QUEMAS,06-04-2026,0
FUTRONO SECTOR LAS QUEMAS,07-04-2026,0.9
FUTRONO SECTOR LAS QUEMAS,08-04-2026,0.6
FUTRONO SECTOR LAS QUEMAS,09-04-2026,0.1
FUTRONO SECTOR LAS QUEMAS,10-04-2026,0.1
FUTRONO SECTOR LAS QUEMAS,11-04-2026,8.1
FUTRONO SECTOR LAS QUEMAS,12-04-2026,0.1
FUTRONO SECTOR LAS QUEMAS,13-04-2026,4.5
FUTRONO SECTOR LAS QUEMAS,14-04-2026,3.8
FUTRONO SECTOR LAS QUEMAS,15-04-2026,1.6
FUTRONO SECTOR LAS QUEMAS,16-04-2026,11
FUTRONO SECTOR LAS QUEMAS,17-04-2026,8.4
FUTRONO SECTOR LAS QUEMAS,18-04-2026,5.2
FUTRONO SECTOR LAS QUEMAS,19-04-2026,0.1
FUTRONO SECTOR LAS QUEMAS,20-04-2026,0.1
FUTRONO SECTOR LAS QUEMAS,21-04-2026,3
FUTRONO SECTOR LAS QUEMAS,22-04-2026,0
FUTRONO SECTOR LAS QUEMAS,23-04-2026,0
FUTRONO SECTOR LAS QUEMAS,24-04-2026,0.5
FUTRONO SECTOR LAS QUEMAS,25-04-2026,2.6
FUTRONO SECTOR LAS QUEMAS,26-04-2026,2.3
FUTRONO SECTOR LAS QUEMAS,27-04-2026,6.1
FUTRONO SECTOR LAS QUEMAS,28-04-2026,11.9
FUTRONO SECTOR LAS QUEMAS,29-04-2026,0
FUTRONO SECTOR LAS QUEMAS,30-04-2026,4.4
FUTRONO SECTOR LAS QUEMAS,01-05-2026,0.1
FUTRONO SECTOR LAS QUEMAS,02-05-2026,6
FUTRONO SECTOR LAS QUEMAS,03-05-2026,3.3
FUTRONO SECTOR LAS QUEMAS,04-05-2026,14.7
FUTRONO SECTOR LAS QUEMAS,05-05-2026,72.5
FUTRONO SECTOR LAS QUEMAS,06-05-2026,19.7
FUTRONO SECTOR LAS QUEMAS,07-05-2026,5.2
FUTRONO SECTOR LAS QUEMAS,08-05-2026,3.4
FUTRONO SECTOR LAS QUEMAS,09-05-2026,0.1
FUTRONO SECTOR LAS QUEMAS,10-05-2026,0.1
FUTRONO SECTOR LAS QUEMAS,11-05-2026,0
FUTRONO SECTOR LAS QUEMAS,12-05-2026,0
FUTRONO SECTOR LAS QUEMAS,13-05-2026,0
FUTRONO SECTOR LAS QUEMAS,14-05-2026,0
FUTRONO SECTOR LAS QUEMAS,15-05-2026,0
FUTRONO SECTOR LAS QUEMAS,16-05-2026,0
FUTRONO SECTOR LAS QUEMAS,17-05-2026,0
FUTRONO SECTOR LAS QUEMAS,18-05-2026,0
FUTRONO SECTOR LAS QUEMAS,19-05-2026,0
FUTRONO SECTOR LAS QUEMAS,20-05-2026,0
FUTRONO SECTOR LAS QUEMAS,21-05-2026,0
FUTRONO SECTOR LAS QUEMAS,22-05-2026,0
FUTRONO SECTOR LAS QUEMAS,23-05-2026,0
FUTRONO SECTOR LAS QUEMAS,24-05-2026,0
FUTRONO SECTOR LAS QUEMAS,25-05-2026,0.1
FUTRONO SECTOR LAS QUEMAS,26-05-2026,0
FUTRONO SECTOR LAS QUEMAS,27-05-2026,1.7
FUTRONO SECTOR LAS QUEMAS,28-05-2026,1.5
FUTRONO SECTOR LAS QUEMAS,29-05-2026,0
FUTRONO SECTOR LAS QUEMAS,30-05-2026,0
FUTRONO SECTOR LAS QUEMAS,31-05-2026,0.1
ESCUELA RURAL LOS ESTEROS,01-01-2023,0
ESCUELA RURAL LOS ESTEROS,02-01-2023,0
ESCUELA RURAL LOS ESTEROS,03-01-2023,0.1
ESCUELA RURAL LOS ESTEROS,04-01-2023,0
ESCUELA RURAL LOS ESTEROS,05-01-2023,0
ESCUELA RURAL LOS ESTEROS,06-01-2023,0
ESCUELA RURAL LOS ESTEROS,07-01-2023,0
ESCUELA RURAL LOS ESTEROS,08-01-2023,0
ESCUELA RURAL LOS ESTEROS,09-01-2023,2.2
ESCUELA RURAL LOS ESTEROS,10-01-2023,0
ESCUELA RURAL LOS ESTEROS,11-01-2023,0
ESCUELA RURAL LOS ESTEROS,12-01-2023,0
ESCUELA RURAL LOS ESTEROS,13-01-2023,0
ESCUELA RURAL LOS ESTEROS,14-01-2023,0
ESCUELA RURAL LOS ESTEROS,15-01-2023,0
ESCUELA RURAL LOS ESTEROS,16-01-2023,0
ESCUELA RURAL LOS ESTEROS,17-01-2023,0
ESCUELA RURAL LOS ESTEROS,18-01-2023,0
ESCUELA RURAL LOS ESTEROS,19-01-2023,0
ESCUELA RURAL LOS ESTEROS,20-01-2023,0
ESCUELA RURAL LOS ESTEROS,21-01-2023,0
ESCUELA RURAL LOS ESTEROS,22-01-2023,0
ESCUELA RURAL LOS ESTEROS,23-01-2023,21.7
ESCUELA RURAL LOS ESTEROS,24-01-2023,0
ESCUELA RURAL LOS ESTEROS,25-01-2023,0
ESCUELA RURAL LOS ESTEROS,26-01-2023,0
ESCUELA RURAL LOS ESTEROS,27-01-2023,0
ESCUELA RURAL LOS ESTEROS,28-01-2023,0
ESCUELA RURAL LOS ESTEROS,29-01-2023,0.3
ESCUELA RURAL LOS ESTEROS,30-01-2023,0.4
ESCUELA RURAL LOS ESTEROS,31-01-2023,0
ESCUELA RURAL LOS ESTEROS,01-02-2023,0
ESCUELA RURAL LOS ESTEROS,02-02-2023,0
ESCUELA RURAL LOS ESTEROS,03-02-2023,0
ESCUELA RURAL LOS ESTEROS,04-02-2023,0
ESCUELA RURAL LOS ESTEROS,05-02-2023,0
ESCUELA RURAL LOS ESTEROS,06-02-2023,0
ESCUELA RURAL LOS ESTEROS,07-02-2023,0
ESCUELA RURAL LOS ESTEROS,08-02-2023,0
ESCUELA RURAL LOS ESTEROS,09-02-2023,1.2
ESCUELA RURAL LOS ESTEROS,10-02-2023,0
ESCUELA RURAL LOS ESTEROS,11-02-2023,0.7
ESCUELA RURAL LOS ESTEROS,12-02-2023,31.3
ESCUELA RURAL LOS ESTEROS,13-02-2023,2.4
ESCUELA RURAL LOS ESTEROS,14-02-2023,0.6
ESCUELA RURAL LOS ESTEROS,15-02-2023,0.1
ESCUELA RURAL LOS ESTEROS,16-02-2023,0
ESCUELA RURAL LOS ESTEROS,17-02-2023,0
ESCUELA RURAL LOS ESTEROS,18-02-2023,0
ESCUELA RURAL LOS ESTEROS,19-02-2023,0
ESCUELA RURAL LOS ESTEROS,20-02-2023,0
ESCUELA RURAL LOS ESTEROS,21-02-2023,0
ESCUELA RURAL LOS ESTEROS,22-02-2023,0.4
ESCUELA RURAL LOS ESTEROS,23-02-2023,0
ESCUELA RURAL LOS ESTEROS,24-02-2023,3.7
ESCUELA RURAL LOS ESTEROS,25-02-2023,0
ESCUELA RURAL LOS ESTEROS,26-02-2023,0
ESCUELA RURAL LOS ESTEROS,27-02-2023,0
ESCUELA RURAL LOS ESTEROS,28-02-2023,0
ESCUELA RURAL LOS ESTEROS,01-03-2023,0
ESCUELA RURAL LOS ESTEROS,02-03-2023,0
ESCUELA RURAL LOS ESTEROS,03-03-2023,0
ESCUELA RURAL LOS ESTEROS,04-03-2023,0
ESCUELA RURAL LOS ESTEROS,05-03-2023,0
ESCUELA RURAL LOS ESTEROS,06-03-2023,10.2
ESCUELA RURAL LOS ESTEROS,07-03-2023,46.8
ESCUELA RURAL LOS ESTEROS,08-03-2023,0.1
ESCUELA RURAL LOS ESTEROS,09-03-2023,0.7
ESCUELA RURAL LOS ESTEROS,10-03-2023,0
ESCUELA RURAL LOS ESTEROS,11-03-2023,2.5
ESCUELA RURAL LOS ESTEROS,12-03-2023,0
ESCUELA RURAL LOS ESTEROS,13-03-2023,0.1
ESCUELA RURAL LOS ESTEROS,14-03-2023,14.6
ESCUELA RURAL LOS ESTEROS,15-03-2023,12.9
ESCUELA RURAL LOS ESTEROS,16-03-2023,9.9
ESCUELA RURAL LOS ESTEROS,17-03-2023,0.2
ESCUELA RURAL LOS ESTEROS,18-03-2023,0.1
ESCUELA RURAL LOS ESTEROS,19-03-2023,0
ESCUELA RURAL LOS ESTEROS,20-03-2023,0
ESCUELA RURAL LOS ESTEROS,21-03-2023,0
ESCUELA RURAL LOS ESTEROS,22-03-2023,0.1
ESCUELA RURAL LOS ESTEROS,23-03-2023,0
ESCUELA RURAL LOS ESTEROS,24-03-2023,0
ESCUELA RURAL LOS ESTEROS,25-03-2023,0
ESCUELA RURAL LOS ESTEROS,26-03-2023,0.2
ESCUELA RURAL LOS ESTEROS,27-03-2023,6.2
ESCUELA RURAL LOS ESTEROS,28-03-2023,3.1
ESCUELA RURAL LOS ESTEROS,29-03-2023,0
ESCUELA RURAL LOS ESTEROS,30-03-2023,0.8
ESCUELA RURAL LOS ESTEROS,31-03-2023,0.1
ESCUELA RURAL LOS ESTEROS,01-04-2023,0
ESCUELA RURAL LOS ESTEROS,03-04-2023,0.1
ESCUELA RURAL LOS ESTEROS,04-04-2023,0
ESCUELA RURAL LOS ESTEROS,05-04-2023,7.8
ESCUELA RURAL LOS ESTEROS,06-04-2023,0
ESCUELA RURAL LOS ESTEROS,08-04-2023,0.1
ESCUELA RURAL LOS ESTEROS,09-04-2023,0.3
ESCUELA RURAL LOS ESTEROS,10-04-2023,15.7
ESCUELA RURAL LOS ESTEROS,11-04-2023,3.3
ESCUELA RURAL LOS ESTEROS,12-04-2023,0.2
ESCUELA RURAL LOS ESTEROS,13-04-2023,0
ESCUELA RURAL LOS ESTEROS,14-04-2023,0
ESCUELA RURAL LOS ESTEROS,15-04-2023,0
ESCUELA RURAL LOS ESTEROS,16-04-2023,0.2
ESCUELA RURAL LOS ESTEROS,17-04-2023,0.3
ESCUELA RURAL LOS ESTEROS,18-04-2023,0
ESCUELA RURAL LOS ESTEROS,19-04-2023,0.1
ESCUELA RURAL LOS ESTEROS,20-04-2023,5.4
ESCUELA RURAL LOS ESTEROS,21-04-2023,0.2
ESCUELA RURAL LOS ESTEROS,22-04-2023,0
ESCUELA RURAL LOS ESTEROS,24-04-2023,0
ESCUELA RURAL LOS ESTEROS,25-04-2023,7.5
ESCUELA RURAL LOS ESTEROS,26-04-2023,2.2
ESCUELA RURAL LOS ESTEROS,27-04-2023,36.4
ESCUELA RURAL LOS ESTEROS,28-04-2023,27.1
ESCUELA RURAL LOS ESTEROS,29-04-2023,18.1
ESCUELA RURAL LOS ESTEROS,30-04-2023,0.7
ESCUELA RURAL LOS ESTEROS,01-05-2023,0.4
ESCUELA RURAL LOS ESTEROS,02-05-2023,0
ESCUELA RURAL LOS ESTEROS,03-05-2023,0
ESCUELA RURAL LOS ESTEROS,04-05-2023,0.1
ESCUELA RURAL LOS ESTEROS,05-05-2023,0.5
ESCUELA RURAL LOS ESTEROS,06-05-2023,2.5
ESCUELA RURAL LOS ESTEROS,07-05-2023,0
ESCUELA RURAL LOS ESTEROS,08-05-2023,0
ESCUELA RURAL LOS ESTEROS,09-05-2023,0
ESCUELA RURAL LOS ESTEROS,10-05-2023,0.3
ESCUELA RURAL LOS ESTEROS,11-05-2023,3.8
ESCUELA RURAL LOS ESTEROS,12-05-2023,0
ESCUELA RURAL LOS ESTEROS,13-05-2023,0
ESCUELA RURAL LOS ESTEROS,15-05-2023,4.7
ESCUELA RURAL LOS ESTEROS,16-05-2023,0
ESCUELA RURAL LOS ESTEROS,17-05-2023,1.6
ESCUELA RURAL LOS ESTEROS,18-05-2023,5.4
ESCUELA RURAL LOS ESTEROS,19-05-2023,0
ESCUELA RURAL LOS ESTEROS,20-05-2023,30
ESCUELA RURAL LOS ESTEROS,21-05-2023,18.6
ESCUELA RURAL LOS ESTEROS,22-05-2023,13.2
ESCUELA RURAL LOS ESTEROS,23-05-2023,18.6
ESCUELA RURAL LOS ESTEROS,24-05-2023,11.5
ESCUELA RURAL LOS ESTEROS,25-05-2023,16.2
ESCUELA RURAL LOS ESTEROS,26-05-2023,1.1
ESCUELA RURAL LOS ESTEROS,27-05-2023,0.2
ESCUELA RURAL LOS ESTEROS,28-05-2023,0
ESCUELA RURAL LOS ESTEROS,29-05-2023,0.2
ESCUELA RURAL LOS ESTEROS,30-05-2023,8.2
ESCUELA RURAL LOS ESTEROS,31-05-2023,2.2
ESCUELA RURAL LOS ESTEROS,01-06-2023,12.8
ESCUELA RURAL LOS ESTEROS,02-06-2023,23.5
ESCUELA RURAL LOS ESTEROS,03-06-2023,2.2
ESCUELA RURAL LOS ESTEROS,04-06-2023,0.4
ESCUELA RURAL LOS ESTEROS,05-06-2023,35.8
ESCUELA RURAL LOS ESTEROS,06-06-2023,0.7
ESCUELA RURAL LOS ESTEROS,07-06-2023,33.4
ESCUELA RURAL LOS ESTEROS,08-06-2023,10.7
ESCUELA RURAL LOS ESTEROS,09-06-2023,9.2
ESCUELA RURAL LOS ESTEROS,10-06-2023,0
ESCUELA RURAL LOS ESTEROS,11-06-2023,0.3
ESCUELA RURAL LOS ESTEROS,12-06-2023,0
ESCUELA RURAL LOS ESTEROS,13-06-2023,0
ESCUELA RURAL LOS ESTEROS,14-06-2023,2.2
ESCUELA RURAL LOS ESTEROS,15-06-2023,0.1
ESCUELA RURAL LOS ESTEROS,16-06-2023,0.1
ESCUELA RURAL LOS ESTEROS,17-06-2023,0.2
ESCUELA RURAL LOS ESTEROS,18-06-2023,0.1
ESCUELA RURAL LOS ESTEROS,19-06-2023,0.3
ESCUELA RURAL LOS ESTEROS,20-06-2023,0.2
ESCUELA RURAL LOS ESTEROS,21-06-2023,17.2
ESCUELA RURAL LOS ESTEROS,22-06-2023,6
ESCUELA RURAL LOS ESTEROS,23-06-2023,3.8
ESCUELA RURAL LOS ESTEROS,24-06-2023,9.6
ESCUELA RURAL LOS ESTEROS,25-06-2023,8.1
ESCUELA RURAL LOS ESTEROS,26-06-2023,14.1
ESCUELA RURAL LOS ESTEROS,27-06-2023,2.2
ESCUELA RURAL LOS ESTEROS,28-06-2023,1.1
ESCUELA RURAL LOS ESTEROS,29-06-2023,1.6
ESCUELA RURAL LOS ESTEROS,30-06-2023,1.6
ESCUELA RURAL LOS ESTEROS,01-07-2023,12.2
ESCUELA RURAL LOS ESTEROS,02-07-2023,5.6
ESCUELA RURAL LOS ESTEROS,03-07-2023,28.6
ESCUELA RURAL LOS ESTEROS,04-07-2023,19
ESCUELA RURAL LOS ESTEROS,05-07-2023,6.4
ESCUELA RURAL LOS ESTEROS,06-07-2023,0.6
ESCUELA RURAL LOS ESTEROS,07-07-2023,8.3
ESCUELA RURAL LOS ESTEROS,08-07-2023,9.7
ESCUELA RURAL LOS ESTEROS,09-07-2023,1.3
ESCUELA RURAL LOS ESTEROS,10-07-2023,0.2
ESCUELA RURAL LOS ESTEROS,11-07-2023,0.1
ESCUELA RURAL LOS ESTEROS,12-07-2023,0
ESCUELA RURAL LOS ESTEROS,13-07-2023,2.3
ESCUELA RURAL LOS ESTEROS,14-07-2023,0.8
ESCUELA RURAL LOS ESTEROS,15-07-2023,0.6
ESCUELA RURAL LOS ESTEROS,16-07-2023,0
ESCUELA RURAL LOS ESTEROS,17-07-2023,0.3
ESCUELA RURAL LOS ESTEROS,18-07-2023,18.3
ESCUELA RURAL LOS ESTEROS,19-07-2023,3
ESCUELA RURAL LOS ESTEROS,20-07-2023,35.4
ESCUELA RURAL LOS ESTEROS,21-07-2023,1.9
ESCUELA RURAL LOS ESTEROS,22-07-2023,2.9
ESCUELA RURAL LOS ESTEROS,23-07-2023,0.2
ESCUELA RURAL LOS ESTEROS,24-07-2023,15.4
ESCUELA RURAL LOS ESTEROS,25-07-2023,0.5
ESCUELA RURAL LOS ESTEROS,26-07-2023,0.5
ESCUELA RURAL LOS ESTEROS,27-07-2023,0
ESCUELA RURAL LOS ESTEROS,28-07-2023,3.4
ESCUELA RURAL LOS ESTEROS,29-07-2023,1.1
ESCUELA RURAL LOS ESTEROS,30-07-2023,0.2
ESCUELA RURAL LOS ESTEROS,31-07-2023,4.2
ESCUELA RURAL LOS ESTEROS,01-08-2023,0.8
ESCUELA RURAL LOS ESTEROS,02-08-2023,0.2
ESCUELA RURAL LOS ESTEROS,03-08-2023,0
ESCUELA RURAL LOS ESTEROS,04-08-2023,0.1
ESCUELA RURAL LOS ESTEROS,05-08-2023,0
ESCUELA RURAL LOS ESTEROS,06-08-2023,0.2
ESCUELA RURAL LOS ESTEROS,07-08-2023,0
ESCUELA RURAL LOS ESTEROS,08-08-2023,9.3
ESCUELA RURAL LOS ESTEROS,09-08-2023,29.1
ESCUELA RURAL LOS ESTEROS,10-08-2023,3
ESCUELA RURAL LOS ESTEROS,11-08-2023,0.4
ESCUELA RURAL LOS ESTEROS,12-08-2023,0.1
ESCUELA RURAL LOS ESTEROS,13-08-2023,0.5
ESCUELA RURAL LOS ESTEROS,14-08-2023,10.6
ESCUELA RURAL LOS ESTEROS,15-08-2023,6.2
ESCUELA RURAL LOS ESTEROS,16-08-2023,20.4
ESCUELA RURAL LOS ESTEROS,17-08-2023,7.7
ESCUELA RURAL LOS ESTEROS,18-08-2023,6.2
ESCUELA RURAL LOS ESTEROS,19-08-2023,4.4
ESCUELA RURAL LOS ESTEROS,20-08-2023,21.4
ESCUELA RURAL LOS ESTEROS,21-08-2023,3.2
ESCUELA RURAL LOS ESTEROS,22-08-2023,4.2
ESCUELA RURAL LOS ESTEROS,23-08-2023,1.1
ESCUELA RURAL LOS ESTEROS,24-08-2023,0.4
ESCUELA RURAL LOS ESTEROS,25-08-2023,0
ESCUELA RURAL LOS ESTEROS,26-08-2023,0.2
ESCUELA RURAL LOS ESTEROS,27-08-2023,6.5
ESCUELA RURAL LOS ESTEROS,28-08-2023,0.1
ESCUELA RURAL LOS ESTEROS,29-08-2023,16.6
ESCUELA RURAL LOS ESTEROS,30-08-2023,1.5
ESCUELA RURAL LOS ESTEROS,31-08-2023,5.4
ESCUELA RURAL LOS ESTEROS,01-09-2023,0.2
ESCUELA RURAL LOS ESTEROS,02-09-2023,0.1
ESCUELA RURAL LOS ESTEROS,03-09-2023,0.1
ESCUELA RURAL LOS ESTEROS,04-09-2023,0
ESCUELA RURAL LOS ESTEROS,05-09-2023,17.3
ESCUELA RURAL LOS ESTEROS,06-09-2023,12.2
ESCUELA RURAL LOS ESTEROS,07-09-2023,2.9
ESCUELA RURAL LOS ESTEROS,08-09-2023,11.9
ESCUELA RURAL LOS ESTEROS,09-09-2023,3.4
ESCUELA RURAL LOS ESTEROS,10-09-2023,4.5
ESCUELA RURAL LOS ESTEROS,11-09-2023,4.4
ESCUELA RURAL LOS ESTEROS,12-09-2023,2
ESCUELA RURAL LOS ESTEROS,13-09-2023,28.7
ESCUELA RURAL LOS ESTEROS,14-09-2023,23.2
ESCUELA RURAL LOS ESTEROS,15-09-2023,6.4
ESCUELA RURAL LOS ESTEROS,16-09-2023,4.9
ESCUELA RURAL LOS ESTEROS,17-09-2023,6.9
ESCUELA RURAL LOS ESTEROS,18-09-2023,0.2
ESCUELA RURAL LOS ESTEROS,19-09-2023,0.1
ESCUELA RURAL LOS ESTEROS,20-09-2023,0
ESCUELA RURAL LOS ESTEROS,21-09-2023,9
ESCUELA RURAL LOS ESTEROS,22-09-2023,2.6
ESCUELA RURAL LOS ESTEROS,23-09-2023,0.1
ESCUELA RURAL LOS ESTEROS,24-09-2023,0.1
ESCUELA RURAL LOS ESTEROS,25-09-2023,0
ESCUELA RURAL LOS ESTEROS,26-09-2023,0
ESCUELA RURAL LOS ESTEROS,27-09-2023,4.2
ESCUELA RURAL LOS ESTEROS,28-09-2023,0
ESCUELA RURAL LOS ESTEROS,29-09-2023,0
ESCUELA RURAL LOS ESTEROS,30-09-2023,0
ESCUELA RURAL LOS ESTEROS,01-10-2023,0.3
ESCUELA RURAL LOS ESTEROS,02-10-2023,2.1
ESCUELA RURAL LOS ESTEROS,03-10-2023,0
ESCUELA RURAL LOS ESTEROS,04-10-2023,0
ESCUELA RURAL LOS ESTEROS,05-10-2023,2.7
ESCUELA RURAL LOS ESTEROS,06-10-2023,0
ESCUELA RURAL LOS ESTEROS,07-10-2023,0
ESCUELA RURAL LOS ESTEROS,08-10-2023,0.1
ESCUELA RURAL LOS ESTEROS,09-10-2023,2.4
ESCUELA RURAL LOS ESTEROS,10-10-2023,0.2
ESCUELA RURAL LOS ESTEROS,11-10-2023,0
ESCUELA RURAL LOS ESTEROS,12-10-2023,0
ESCUELA RURAL LOS ESTEROS,13-10-2023,0
ESCUELA RURAL LOS ESTEROS,14-10-2023,0
ESCUELA RURAL LOS ESTEROS,15-10-2023,0
ESCUELA RURAL LOS ESTEROS,16-10-2023,0
ESCUELA RURAL LOS ESTEROS,17-10-2023,0
ESCUELA RURAL LOS ESTEROS,18-10-2023,0
ESCUELA RURAL LOS ESTEROS,19-10-2023,0
ESCUELA RURAL LOS ESTEROS,20-10-2023,0
ESCUELA RURAL LOS ESTEROS,21-10-2023,0
ESCUELA RURAL LOS ESTEROS,22-10-2023,0
ESCUELA RURAL LOS ESTEROS,23-10-2023,0
ESCUELA RURAL LOS ESTEROS,24-10-2023,0.1
ESCUELA RURAL LOS ESTEROS,25-10-2023,0
ESCUELA RURAL LOS ESTEROS,26-10-2023,0.8
ESCUELA RURAL LOS ESTEROS,27-10-2023,26.3
ESCUELA RURAL LOS ESTEROS,28-10-2023,16.7
ESCUELA RURAL LOS ESTEROS,29-10-2023,8.4
ESCUELA RURAL LOS ESTEROS,30-10-2023,10.2
ESCUELA RURAL LOS ESTEROS,31-10-2023,1
ESCUELA RURAL LOS ESTEROS,01-11-2023,0.3
ESCUELA RURAL LOS ESTEROS,02-11-2023,0
ESCUELA RURAL LOS ESTEROS,03-11-2023,0
ESCUELA RURAL LOS ESTEROS,04-11-2023,3
ESCUELA RURAL LOS ESTEROS,05-11-2023,1.3
ESCUELA RURAL LOS ESTEROS,06-11-2023,31.9
ESCUELA RURAL LOS ESTEROS,07-11-2023,1.1
ESCUELA RURAL LOS ESTEROS,08-11-2023,0.1
ESCUELA RURAL LOS ESTEROS,09-11-2023,0
ESCUELA RURAL LOS ESTEROS,10-11-2023,18.2
ESCUELA RURAL LOS ESTEROS,11-11-2023,4.1
ESCUELA RURAL LOS ESTEROS,12-11-2023,0.6
ESCUELA RURAL LOS ESTEROS,13-11-2023,1.1
ESCUELA RURAL LOS ESTEROS,14-11-2023,0.1
ESCUELA RURAL LOS ESTEROS,15-11-2023,3.8
ESCUELA RURAL LOS ESTEROS,16-11-2023,13.7
ESCUELA RURAL LOS ESTEROS,17-11-2023,3.3
ESCUELA RURAL LOS ESTEROS,18-11-2023,1.7
ESCUELA RURAL LOS ESTEROS,19-11-2023,3.2
ESCUELA RURAL LOS ESTEROS,20-11-2023,4.7
ESCUELA RURAL LOS ESTEROS,21-11-2023,0.1
ESCUELA RURAL LOS ESTEROS,22-11-2023,0.7
ESCUELA RURAL LOS ESTEROS,23-11-2023,0.1
ESCUELA RURAL LOS ESTEROS,24-11-2023,0
ESCUELA RURAL LOS ESTEROS,25-11-2023,0
ESCUELA RURAL LOS ESTEROS,26-11-2023,0
ESCUELA RURAL LOS ESTEROS,27-11-2023,1.5
ESCUELA RURAL LOS ESTEROS,28-11-2023,0.5
ESCUELA RURAL LOS ESTEROS,29-11-2023,0
ESCUELA RURAL LOS ESTEROS,30-11-2023,0.6
ESCUELA RURAL LOS ESTEROS,01-12-2023,10
ESCUELA RURAL LOS ESTEROS,02-12-2023,0.1
ESCUELA RURAL LOS ESTEROS,03-12-2023,0
ESCUELA RURAL LOS ESTEROS,04-12-2023,0.1
ESCUELA RURAL LOS ESTEROS,05-12-2023,0
ESCUELA RURAL LOS ESTEROS,06-12-2023,0
ESCUELA RURAL LOS ESTEROS,07-12-2023,0
ESCUELA RURAL LOS ESTEROS,08-12-2023,0
ESCUELA RURAL LOS ESTEROS,09-12-2023,0
ESCUELA RURAL LOS ESTEROS,10-12-2023,0
ESCUELA RURAL LOS ESTEROS,11-12-2023,2.6
ESCUELA RURAL LOS ESTEROS,12-12-2023,0
ESCUELA RURAL LOS ESTEROS,13-12-2023,0
ESCUELA RURAL LOS ESTEROS,14-12-2023,0
ESCUELA RURAL LOS ESTEROS,15-12-2023,0
ESCUELA RURAL LOS ESTEROS,16-12-2023,14.1
ESCUELA RURAL LOS ESTEROS,17-12-2023,0.2
ESCUELA RURAL LOS ESTEROS,18-12-2023,0
ESCUELA RURAL LOS ESTEROS,19-12-2023,1.2
ESCUELA RURAL LOS ESTEROS,20-12-2023,0
ESCUELA RURAL LOS ESTEROS,21-12-2023,0
ESCUELA RURAL LOS ESTEROS,22-12-2023,0
ESCUELA RURAL LOS ESTEROS,23-12-2023,0
ESCUELA RURAL LOS ESTEROS,24-12-2023,0
ESCUELA RURAL LOS ESTEROS,25-12-2023,0.3
ESCUELA RURAL LOS ESTEROS,26-12-2023,0
ESCUELA RURAL LOS ESTEROS,27-12-2023,0
ESCUELA RURAL LOS ESTEROS,28-12-2023,0
ESCUELA RURAL LOS ESTEROS,29-12-2023,0.1
ESCUELA RURAL LOS ESTEROS,30-12-2023,0
ESCUELA RURAL LOS ESTEROS,31-12-2023,0
ESCUELA RURAL LOS ESTEROS,01-01-2024,0
ESCUELA RURAL LOS ESTEROS,02-01-2024,0
ESCUELA RURAL LOS ESTEROS,03-01-2024,0
ESCUELA RURAL LOS ESTEROS,04-01-2024,0
ESCUELA RURAL LOS ESTEROS,05-01-2024,5.7
ESCUELA RURAL LOS ESTEROS,06-01-2024,5.2
ESCUELA RURAL LOS ESTEROS,07-01-2024,3.3
ESCUELA RURAL LOS ESTEROS,08-01-2024,0
ESCUELA RURAL LOS ESTEROS,09-01-2024,0
ESCUELA RURAL LOS ESTEROS,10-01-2024,0
ESCUELA RURAL LOS ESTEROS,11-01-2024,0
ESCUELA RURAL LOS ESTEROS,12-01-2024,0
ESCUELA RURAL LOS ESTEROS,13-01-2024,0
ESCUELA RURAL LOS ESTEROS,14-01-2024,0
ESCUELA RURAL LOS ESTEROS,15-01-2024,0
ESCUELA RURAL LOS ESTEROS,16-01-2024,0
ESCUELA RURAL LOS ESTEROS,17-01-2024,0.5
ESCUELA RURAL LOS ESTEROS,18-01-2024,0.1
ESCUELA RURAL LOS ESTEROS,19-01-2024,0
ESCUELA RURAL LOS ESTEROS,20-01-2024,0
ESCUELA RURAL LOS ESTEROS,21-01-2024,0
ESCUELA RURAL LOS ESTEROS,22-01-2024,0
ESCUELA RURAL LOS ESTEROS,23-01-2024,0
ESCUELA RURAL LOS ESTEROS,24-01-2024,0
ESCUELA RURAL LOS ESTEROS,25-01-2024,0
ESCUELA RURAL LOS ESTEROS,26-01-2024,0
ESCUELA RURAL LOS ESTEROS,27-01-2024,0
ESCUELA RURAL LOS ESTEROS,28-01-2024,0
ESCUELA RURAL LOS ESTEROS,29-01-2024,0
ESCUELA RURAL LOS ESTEROS,30-01-2024,0
ESCUELA RURAL LOS ESTEROS,31-01-2024,0
ESCUELA RURAL LOS ESTEROS,01-02-2024,0
ESCUELA RURAL LOS ESTEROS,02-02-2024,0
ESCUELA RURAL LOS ESTEROS,03-02-2024,0
ESCUELA RURAL LOS ESTEROS,04-02-2024,0
ESCUELA RURAL LOS ESTEROS,05-02-2024,0
ESCUELA RURAL LOS ESTEROS,06-02-2024,9.7
ESCUELA RURAL LOS ESTEROS,07-02-2024,0
ESCUELA RURAL LOS ESTEROS,08-02-2024,0
ESCUELA RURAL LOS ESTEROS,09-02-2024,1.3
ESCUELA RURAL LOS ESTEROS,10-02-2024,0
ESCUELA RURAL LOS ESTEROS,11-02-2024,0
ESCUELA RURAL LOS ESTEROS,12-02-2024,0
ESCUELA RURAL LOS ESTEROS,13-02-2024,0
ESCUELA RURAL LOS ESTEROS,14-02-2024,0
ESCUELA RURAL LOS ESTEROS,15-02-2024,0
ESCUELA RURAL LOS ESTEROS,16-02-2024,0.5
ESCUELA RURAL LOS ESTEROS,17-02-2024,0.1
ESCUELA RURAL LOS ESTEROS,18-02-2024,0
ESCUELA RURAL LOS ESTEROS,19-02-2024,0
ESCUELA RURAL LOS ESTEROS,20-02-2024,0
ESCUELA RURAL LOS ESTEROS,21-02-2024,0.3
ESCUELA RURAL LOS ESTEROS,22-02-2024,0
ESCUELA RURAL LOS ESTEROS,23-02-2024,0
ESCUELA RURAL LOS ESTEROS,24-02-2024,0
ESCUELA RURAL LOS ESTEROS,25-02-2024,0
ESCUELA RURAL LOS ESTEROS,26-02-2024,0
ESCUELA RURAL LOS ESTEROS,27-02-2024,4.2
ESCUELA RURAL LOS ESTEROS,28-02-2024,0
ESCUELA RURAL LOS ESTEROS,29-02-2024,0
ESCUELA RURAL LOS ESTEROS,01-03-2024,0
ESCUELA RURAL LOS ESTEROS,02-03-2024,0
ESCUELA RURAL LOS ESTEROS,03-03-2024,0
ESCUELA RURAL LOS ESTEROS,04-03-2024,0
ESCUELA RURAL LOS ESTEROS,05-03-2024,0
ESCUELA RURAL LOS ESTEROS,06-03-2024,0
ESCUELA RURAL LOS ESTEROS,07-03-2024,14.4
ESCUELA RURAL LOS ESTEROS,08-03-2024,4.5
ESCUELA RURAL LOS ESTEROS,09-03-2024,0.3
ESCUELA RURAL LOS ESTEROS,10-03-2024,0.1
ESCUELA RURAL LOS ESTEROS,11-03-2024,12.9
ESCUELA RURAL LOS ESTEROS,12-03-2024,0.1
ESCUELA RURAL LOS ESTEROS,13-03-2024,3.4
ESCUELA RURAL LOS ESTEROS,14-03-2024,0
ESCUELA RURAL LOS ESTEROS,15-03-2024,0.6
ESCUELA RURAL LOS ESTEROS,16-03-2024,0.1
ESCUELA RURAL LOS ESTEROS,17-03-2024,0
ESCUELA RURAL LOS ESTEROS,18-03-2024,0
ESCUELA RURAL LOS ESTEROS,19-03-2024,17.7
ESCUELA RURAL LOS ESTEROS,21-03-2024,0.7
ESCUELA RURAL LOS ESTEROS,22-03-2024,8.7
ESCUELA RURAL LOS ESTEROS,23-03-2024,2.2
ESCUELA RURAL LOS ESTEROS,24-03-2024,0
ESCUELA RURAL LOS ESTEROS,25-03-2024,0.8
ESCUELA RURAL LOS ESTEROS,26-03-2024,0.3
ESCUELA RURAL LOS ESTEROS,27-03-2024,0.1
ESCUELA RURAL LOS ESTEROS,28-03-2024,2.4
ESCUELA RURAL LOS ESTEROS,29-03-2024,0.1
ESCUELA RURAL LOS ESTEROS,30-03-2024,0
ESCUELA RURAL LOS ESTEROS,31-03-2024,0
ESCUELA RURAL LOS ESTEROS,01-04-2024,13.2
ESCUELA RURAL LOS ESTEROS,02-04-2024,9.5
ESCUELA RURAL LOS ESTEROS,03-04-2024,0.1
ESCUELA RURAL LOS ESTEROS,04-04-2024,2.3
ESCUELA RURAL LOS ESTEROS,05-04-2024,0.1
ESCUELA RURAL LOS ESTEROS,06-04-2024,0.1
ESCUELA RURAL LOS ESTEROS,07-04-2024,3.6
ESCUELA RURAL LOS ESTEROS,08-04-2024,2.1
ESCUELA RURAL LOS ESTEROS,09-04-2024,0.1
ESCUELA RURAL LOS ESTEROS,10-04-2024,0
ESCUELA RURAL LOS ESTEROS,11-04-2024,2.5
ESCUELA RURAL LOS ESTEROS,12-04-2024,0
ESCUELA RURAL LOS ESTEROS,13-04-2024,0
ESCUELA RURAL LOS ESTEROS,14-04-2024,0
ESCUELA RURAL LOS ESTEROS,15-04-2024,0.6
ESCUELA RURAL LOS ESTEROS,16-04-2024,5.5
ESCUELA RURAL LOS ESTEROS,17-04-2024,0.1
ESCUELA RURAL LOS ESTEROS,18-04-2024,7.4
ESCUELA RURAL LOS ESTEROS,19-04-2024,0.2
ESCUELA RURAL LOS ESTEROS,20-04-2024,0
ESCUELA RURAL LOS ESTEROS,21-04-2024,14.2
ESCUELA RURAL LOS ESTEROS,22-04-2024,1.5
ESCUELA RURAL LOS ESTEROS,23-04-2024,0.1
ESCUELA RURAL LOS ESTEROS,24-04-2024,13.5
ESCUELA RURAL LOS ESTEROS,25-04-2024,9.5
ESCUELA RURAL LOS ESTEROS,26-04-2024,1.7
ESCUELA RURAL LOS ESTEROS,27-04-2024,3.6
ESCUELA RURAL LOS ESTEROS,28-04-2024,47.2
ESCUELA RURAL LOS ESTEROS,29-04-2024,17.3
ESCUELA RURAL LOS ESTEROS,30-04-2024,1.2
ESCUELA RURAL LOS ESTEROS,01-05-2024,1.7
ESCUELA RURAL LOS ESTEROS,02-05-2024,1
ESCUELA RURAL LOS ESTEROS,03-05-2024,15.1
ESCUELA RURAL LOS ESTEROS,04-05-2024,5
ESCUELA RURAL LOS ESTEROS,05-05-2024,52.4
ESCUELA RURAL LOS ESTEROS,06-05-2024,33.5
ESCUELA RURAL LOS ESTEROS,07-05-2024,0.2
ESCUELA RURAL LOS ESTEROS,08-05-2024,4.5
ESCUELA RURAL LOS ESTEROS,09-05-2024,0.6
ESCUELA RURAL LOS ESTEROS,10-05-2024,0.7
ESCUELA RURAL LOS ESTEROS,11-05-2024,0.1
ESCUELA RURAL LOS ESTEROS,12-05-2024,0.1
ESCUELA RURAL LOS ESTEROS,13-05-2024,0.2
ESCUELA RURAL LOS ESTEROS,14-05-2024,0
ESCUELA RURAL LOS ESTEROS,15-05-2024,0.1
ESCUELA RURAL LOS ESTEROS,16-05-2024,0.2
ESCUELA RURAL LOS ESTEROS,17-05-2024,0.1
ESCUELA RURAL LOS ESTEROS,18-05-2024,0.4
ESCUELA RURAL LOS ESTEROS,19-05-2024,16.2
ESCUELA RURAL LOS ESTEROS,20-05-2024,25.6
ESCUELA RURAL LOS ESTEROS,21-05-2024,2
ESCUELA RURAL LOS ESTEROS,22-05-2024,0
ESCUELA RURAL LOS ESTEROS,23-05-2024,0
ESCUELA RURAL LOS ESTEROS,24-05-2024,0
ESCUELA RURAL LOS ESTEROS,25-05-2024,0
ESCUELA RURAL LOS ESTEROS,26-05-2024,0
ESCUELA RURAL LOS ESTEROS,27-05-2024,0
ESCUELA RURAL LOS ESTEROS,28-05-2024,6.7
ESCUELA RURAL LOS ESTEROS,29-05-2024,0.2
ESCUELA RURAL LOS ESTEROS,30-05-2024,4.8
ESCUELA RURAL LOS ESTEROS,31-05-2024,27.9
ESCUELA RURAL LOS ESTEROS,01-06-2024,3.4
ESCUELA RURAL LOS ESTEROS,02-06-2024,0.1
ESCUELA RURAL LOS ESTEROS,03-06-2024,0.9
ESCUELA RURAL LOS ESTEROS,04-06-2024,14.4
ESCUELA RURAL LOS ESTEROS,05-06-2024,18.8
ESCUELA RURAL LOS ESTEROS,06-06-2024,7.3
ESCUELA RURAL LOS ESTEROS,07-06-2024,3.8
ESCUELA RURAL LOS ESTEROS,08-06-2024,23.3
ESCUELA RURAL LOS ESTEROS,09-06-2024,15.8
ESCUELA RURAL LOS ESTEROS,10-06-2024,23.8
ESCUELA RURAL LOS ESTEROS,11-06-2024,26.7
ESCUELA RURAL LOS ESTEROS,12-06-2024,32.6
ESCUELA RURAL LOS ESTEROS,13-06-2024,20.4
ESCUELA RURAL LOS ESTEROS,14-06-2024,6.3
ESCUELA RURAL LOS ESTEROS,15-06-2024,0.1
ESCUELA RURAL LOS ESTEROS,16-06-2024,20.9
ESCUELA RURAL LOS ESTEROS,17-06-2024,11.5
ESCUELA RURAL LOS ESTEROS,18-06-2024,3.7
ESCUELA RURAL LOS ESTEROS,19-06-2024,12.2
ESCUELA RURAL LOS ESTEROS,20-06-2024,36.6
ESCUELA RURAL LOS ESTEROS,21-06-2024,8.4
ESCUELA RURAL LOS ESTEROS,22-06-2024,6.1
ESCUELA RURAL LOS ESTEROS,23-06-2024,0.2
ESCUELA RURAL LOS ESTEROS,24-06-2024,0.2
ESCUELA RURAL LOS ESTEROS,25-06-2024,16.2
ESCUELA RURAL LOS ESTEROS,26-06-2024,12.9
ESCUELA RURAL LOS ESTEROS,27-06-2024,4.3
ESCUELA RURAL LOS ESTEROS,28-06-2024,0.1
ESCUELA RURAL LOS ESTEROS,29-06-2024,0
ESCUELA RURAL LOS ESTEROS,30-06-2024,9.5
ESCUELA RURAL LOS ESTEROS,01-07-2024,12.7
ESCUELA RURAL LOS ESTEROS,02-07-2024,0.4
ESCUELA RURAL LOS ESTEROS,03-07-2024,1.8
ESCUELA RURAL LOS ESTEROS,04-07-2024,0.1
ESCUELA RURAL LOS ESTEROS,05-07-2024,0.3
ESCUELA RURAL LOS ESTEROS,06-07-2024,0.1
ESCUELA RURAL LOS ESTEROS,07-07-2024,0.1
ESCUELA RURAL LOS ESTEROS,08-07-2024,0
ESCUELA RURAL LOS ESTEROS,09-07-2024,0.2
ESCUELA RURAL LOS ESTEROS,10-07-2024,0.1
ESCUELA RURAL LOS ESTEROS,11-07-2024,0
ESCUELA RURAL LOS ESTEROS,12-07-2024,0.3
ESCUELA RURAL LOS ESTEROS,13-07-2024,0
ESCUELA RURAL LOS ESTEROS,14-07-2024,0.2
ESCUELA RURAL LOS ESTEROS,15-07-2024,8.3
ESCUELA RURAL LOS ESTEROS,16-07-2024,0.1
ESCUELA RURAL LOS ESTEROS,17-07-2024,2
ESCUELA RURAL LOS ESTEROS,18-07-2024,0.1
ESCUELA RURAL LOS ESTEROS,19-07-2024,0.3
ESCUELA RURAL LOS ESTEROS,20-07-2024,0.9
ESCUELA RURAL LOS ESTEROS,21-07-2024,0.1
ESCUELA RURAL LOS ESTEROS,22-07-2024,0.3
ESCUELA RURAL LOS ESTEROS,23-07-2024,0
ESCUELA RURAL LOS ESTEROS,24-07-2024,7.4
ESCUELA RURAL LOS ESTEROS,25-07-2024,0.1
ESCUELA RURAL LOS ESTEROS,26-07-2024,3.5
ESCUELA RURAL LOS ESTEROS,27-07-2024,0.3
ESCUELA RURAL LOS ESTEROS,28-07-2024,0.3
ESCUELA RURAL LOS ESTEROS,29-07-2024,0.1
ESCUELA RURAL LOS ESTEROS,30-07-2024,0.1
ESCUELA RURAL LOS ESTEROS,31-07-2024,31.5
ESCUELA RURAL LOS ESTEROS,01-08-2024,68.1
ESCUELA RURAL LOS ESTEROS,02-08-2024,3.3
ESCUELA RURAL LOS ESTEROS,03-08-2024,0.5
ESCUELA RURAL LOS ESTEROS,04-08-2024,12.9
ESCUELA RURAL LOS ESTEROS,05-08-2024,2.6
ESCUELA RURAL LOS ESTEROS,06-08-2024,0.1
ESCUELA RURAL LOS ESTEROS,07-08-2024,0.3
ESCUELA RURAL LOS ESTEROS,08-08-2024,0.2
ESCUELA RURAL LOS ESTEROS,09-08-2024,6.4
ESCUELA RURAL LOS ESTEROS,10-08-2024,0
ESCUELA RURAL LOS ESTEROS,11-08-2024,0.1
ESCUELA RURAL LOS ESTEROS,12-08-2024,0
ESCUELA RURAL LOS ESTEROS,13-08-2024,15.5
ESCUELA RURAL LOS ESTEROS,14-08-2024,2
ESCUELA RURAL LOS ESTEROS,15-08-2024,0
ESCUELA RURAL LOS ESTEROS,16-08-2024,0.3
ESCUELA RURAL LOS ESTEROS,17-08-2024,0.1
ESCUELA RURAL LOS ESTEROS,18-08-2024,0.1
ESCUELA RURAL LOS ESTEROS,19-08-2024,0.1
ESCUELA RURAL LOS ESTEROS,20-08-2024,0.4
ESCUELA RURAL LOS ESTEROS,21-08-2024,4.3
ESCUELA RURAL LOS ESTEROS,22-08-2024,8
ESCUELA RURAL LOS ESTEROS,23-08-2024,0.1
ESCUELA RURAL LOS ESTEROS,24-08-2024,0.1
ESCUELA RURAL LOS ESTEROS,25-08-2024,6.9
ESCUELA RURAL LOS ESTEROS,26-08-2024,0.8
ESCUELA RURAL LOS ESTEROS,27-08-2024,0.1
ESCUELA RURAL LOS ESTEROS,28-08-2024,0
ESCUELA RURAL LOS ESTEROS,29-08-2024,0
ESCUELA RURAL LOS ESTEROS,30-08-2024,0
ESCUELA RURAL LOS ESTEROS,31-08-2024,0
ESCUELA RURAL LOS ESTEROS,01-09-2024,25.5
ESCUELA RURAL LOS ESTEROS,02-09-2024,2.7
ESCUELA RURAL LOS ESTEROS,03-09-2024,9.1
ESCUELA RURAL LOS ESTEROS,04-09-2024,0.1
ESCUELA RURAL LOS ESTEROS,05-09-2024,4.4
ESCUELA RURAL LOS ESTEROS,06-09-2024,0.5
ESCUELA RURAL LOS ESTEROS,07-09-2024,0.9
ESCUELA RURAL LOS ESTEROS,08-09-2024,0.5
ESCUELA RURAL LOS ESTEROS,09-09-2024,10.4
ESCUELA RURAL LOS ESTEROS,10-09-2024,0.9
ESCUELA RURAL LOS ESTEROS,11-09-2024,0
ESCUELA RURAL LOS ESTEROS,12-09-2024,0.2
ESCUELA RURAL LOS ESTEROS,13-09-2024,0.4
ESCUELA RURAL LOS ESTEROS,14-09-2024,0.2
ESCUELA RURAL LOS ESTEROS,15-09-2024,0
ESCUELA RURAL LOS ESTEROS,16-09-2024,0
ESCUELA RURAL LOS ESTEROS,17-09-2024,0.1
ESCUELA RURAL LOS ESTEROS,18-09-2024,3.5
ESCUELA RURAL LOS ESTEROS,19-09-2024,7.4
ESCUELA RURAL LOS ESTEROS,20-09-2024,32.1
ESCUELA RURAL LOS ESTEROS,21-09-2024,3.6
ESCUELA RURAL LOS ESTEROS,22-09-2024,9
ESCUELA RURAL LOS ESTEROS,23-09-2024,0.4
ESCUELA RURAL LOS ESTEROS,24-09-2024,6.9
ESCUELA RURAL LOS ESTEROS,25-09-2024,0
ESCUELA RURAL LOS ESTEROS,26-09-2024,0.1
ESCUELA RURAL LOS ESTEROS,27-09-2024,0.7
ESCUELA RURAL LOS ESTEROS,28-09-2024,1.9
ESCUELA RURAL LOS ESTEROS,29-09-2024,38.8
ESCUELA RURAL LOS ESTEROS,30-09-2024,1.1
ESCUELA RURAL LOS ESTEROS,01-10-2024,0
ESCUELA RURAL LOS ESTEROS,02-10-2024,0
ESCUELA RURAL LOS ESTEROS,03-10-2024,0
ESCUELA RURAL LOS ESTEROS,04-10-2024,0
ESCUELA RURAL LOS ESTEROS,05-10-2024,0
ESCUELA RURAL LOS ESTEROS,06-10-2024,0
ESCUELA RURAL LOS ESTEROS,07-10-2024,0
ESCUELA RURAL LOS ESTEROS,08-10-2024,0.4
ESCUELA RURAL LOS ESTEROS,09-10-2024,0
ESCUELA RURAL LOS ESTEROS,10-10-2024,15.3
ESCUELA RURAL LOS ESTEROS,11-10-2024,0.1
ESCUELA RURAL LOS ESTEROS,12-10-2024,0.1
ESCUELA RURAL LOS ESTEROS,13-10-2024,0
ESCUELA RURAL LOS ESTEROS,14-10-2024,0
ESCUELA RURAL LOS ESTEROS,15-10-2024,0.1
ESCUELA RURAL LOS ESTEROS,16-10-2024,12.9
ESCUELA RURAL LOS ESTEROS,17-10-2024,0
ESCUELA RURAL LOS ESTEROS,18-10-2024,0.3
ESCUELA RURAL LOS ESTEROS,19-10-2024,0
ESCUELA RURAL LOS ESTEROS,20-10-2024,5.2
ESCUELA RURAL LOS ESTEROS,21-10-2024,0.1
ESCUELA RURAL LOS ESTEROS,22-10-2024,0
ESCUELA RURAL LOS ESTEROS,23-10-2024,0.7
ESCUELA RURAL LOS ESTEROS,24-10-2024,4.3
ESCUELA RURAL LOS ESTEROS,25-10-2024,0
ESCUELA RURAL LOS ESTEROS,26-10-2024,0
ESCUELA RURAL LOS ESTEROS,27-10-2024,0
ESCUELA RURAL LOS ESTEROS,28-10-2024,0
ESCUELA RURAL LOS ESTEROS,29-10-2024,0
ESCUELA RURAL LOS ESTEROS,30-10-2024,0
ESCUELA RURAL LOS ESTEROS,31-10-2024,0.2
ESCUELA RURAL LOS ESTEROS,01-11-2024,10.1
ESCUELA RURAL LOS ESTEROS,02-11-2024,0.3
ESCUELA RURAL LOS ESTEROS,03-11-2024,31.1
ESCUELA RURAL LOS ESTEROS,04-11-2024,1.3
ESCUELA RURAL LOS ESTEROS,05-11-2024,0.1
ESCUELA RURAL LOS ESTEROS,06-11-2024,0
ESCUELA RURAL LOS ESTEROS,07-11-2024,0
ESCUELA RURAL LOS ESTEROS,08-11-2024,9.2
ESCUELA RURAL LOS ESTEROS,09-11-2024,8.2
ESCUELA RURAL LOS ESTEROS,10-11-2024,6.3
ESCUELA RURAL LOS ESTEROS,11-11-2024,0
ESCUELA RURAL LOS ESTEROS,12-11-2024,0.1
ESCUELA RURAL LOS ESTEROS,13-11-2024,0
ESCUELA RURAL LOS ESTEROS,14-11-2024,10.6
ESCUELA RURAL LOS ESTEROS,15-11-2024,1.2
ESCUELA RURAL LOS ESTEROS,16-11-2024,0.1
ESCUELA RURAL LOS ESTEROS,17-11-2024,0
ESCUELA RURAL LOS ESTEROS,18-11-2024,0
ESCUELA RURAL LOS ESTEROS,19-11-2024,0
ESCUELA RURAL LOS ESTEROS,20-11-2024,0
ESCUELA RURAL LOS ESTEROS,21-11-2024,0
ESCUELA RURAL LOS ESTEROS,22-11-2024,0.8
ESCUELA RURAL LOS ESTEROS,23-11-2024,7.9
ESCUELA RURAL LOS ESTEROS,24-11-2024,0.1
ESCUELA RURAL LOS ESTEROS,25-11-2024,11.9
ESCUELA RURAL LOS ESTEROS,26-11-2024,6.3
ESCUELA RURAL LOS ESTEROS,27-11-2024,12.9
ESCUELA RURAL LOS ESTEROS,28-11-2024,0.1
ESCUELA RURAL LOS ESTEROS,29-11-2024,0
ESCUELA RURAL LOS ESTEROS,30-11-2024,0
ESCUELA RURAL LOS ESTEROS,01-12-2024,3.1
ESCUELA RURAL LOS ESTEROS,02-12-2024,0
ESCUELA RURAL LOS ESTEROS,03-12-2024,0
ESCUELA RURAL LOS ESTEROS,04-12-2024,10.3
ESCUELA RURAL LOS ESTEROS,05-12-2024,3
ESCUELA RURAL LOS ESTEROS,06-12-2024,3.8
ESCUELA RURAL LOS ESTEROS,07-12-2024,0.1
ESCUELA RURAL LOS ESTEROS,08-12-2024,0
ESCUELA RURAL LOS ESTEROS,09-12-2024,0
ESCUELA RURAL LOS ESTEROS,10-12-2024,0
ESCUELA RURAL LOS ESTEROS,11-12-2024,0
ESCUELA RURAL LOS ESTEROS,12-12-2024,0.1
ESCUELA RURAL LOS ESTEROS,13-12-2024,0
ESCUELA RURAL LOS ESTEROS,14-12-2024,0
ESCUELA RURAL LOS ESTEROS,15-12-2024,0
ESCUELA RURAL LOS ESTEROS,16-12-2024,0
ESCUELA RURAL LOS ESTEROS,17-12-2024,1.2
ESCUELA RURAL LOS ESTEROS,18-12-2024,0
ESCUELA RURAL LOS ESTEROS,19-12-2024,0.8
ESCUELA RURAL LOS ESTEROS,20-12-2024,0
ESCUELA RURAL LOS ESTEROS,21-12-2024,0.1
ESCUELA RURAL LOS ESTEROS,22-12-2024,0
ESCUELA RURAL LOS ESTEROS,23-12-2024,0
ESCUELA RURAL LOS ESTEROS,24-12-2024,0
ESCUELA RURAL LOS ESTEROS,25-12-2024,0
ESCUELA RURAL LOS ESTEROS,26-12-2024,0
ESCUELA RURAL LOS ESTEROS,27-12-2024,0
ESCUELA RURAL LOS ESTEROS,28-12-2024,0
ESCUELA RURAL LOS ESTEROS,29-12-2024,1.5
ESCUELA RURAL LOS ESTEROS,30-12-2024,2.9
ESCUELA RURAL LOS ESTEROS,31-12-2024,0
ESCUELA RURAL LOS ESTEROS,01-01-2025,0
ESCUELA RURAL LOS ESTEROS,02-01-2025,0
ESCUELA RURAL LOS ESTEROS,03-01-2025,0
ESCUELA RURAL LOS ESTEROS,04-01-2025,0
ESCUELA RURAL LOS ESTEROS,05-01-2025,0
ESCUELA RURAL LOS ESTEROS,06-01-2025,0.8
ESCUELA RURAL LOS ESTEROS,07-01-2025,0
ESCUELA RURAL LOS ESTEROS,08-01-2025,0
ESCUELA RURAL LOS ESTEROS,09-01-2025,0
ESCUELA RURAL LOS ESTEROS,10-01-2025,0
ESCUELA RURAL LOS ESTEROS,11-01-2025,0
ESCUELA RURAL LOS ESTEROS,12-01-2025,0
ESCUELA RURAL LOS ESTEROS,13-01-2025,0
ESCUELA RURAL LOS ESTEROS,14-01-2025,22.3
ESCUELA RURAL LOS ESTEROS,15-01-2025,0
ESCUELA RURAL LOS ESTEROS,16-01-2025,0
ESCUELA RURAL LOS ESTEROS,17-01-2025,0
ESCUELA RURAL LOS ESTEROS,18-01-2025,0
ESCUELA RURAL LOS ESTEROS,19-01-2025,0
ESCUELA RURAL LOS ESTEROS,20-01-2025,0
ESCUELA RURAL LOS ESTEROS,21-01-2025,0
ESCUELA RURAL LOS ESTEROS,22-01-2025,11.1
ESCUELA RURAL LOS ESTEROS,23-01-2025,0
ESCUELA RURAL LOS ESTEROS,24-01-2025,0
ESCUELA RURAL LOS ESTEROS,25-01-2025,0
ESCUELA RURAL LOS ESTEROS,26-01-2025,2.1
ESCUELA RURAL LOS ESTEROS,27-01-2025,0.1
ESCUELA RURAL LOS ESTEROS,28-01-2025,0
ESCUELA RURAL LOS ESTEROS,29-01-2025,0
ESCUELA RURAL LOS ESTEROS,30-01-2025,1
ESCUELA RURAL LOS ESTEROS,31-01-2025,0
ESCUELA RURAL LOS ESTEROS,01-08-2025,17.3
ESCUELA RURAL LOS ESTEROS,02-08-2025,3.4
ESCUELA RURAL LOS ESTEROS,03-08-2025,0.1
ESCUELA RURAL LOS ESTEROS,04-08-2025,4.2
ESCUELA RURAL LOS ESTEROS,05-08-2025,4.3
ESCUELA RURAL LOS ESTEROS,06-08-2025,0
ESCUELA RURAL LOS ESTEROS,07-08-2025,0
ESCUELA RURAL LOS ESTEROS,08-08-2025,0
ESCUELA RURAL LOS ESTEROS,09-08-2025,0
ESCUELA RURAL LOS ESTEROS,10-08-2025,3.7
ESCUELA RURAL LOS ESTEROS,11-08-2025,10.6
ESCUELA RURAL LOS ESTEROS,12-08-2025,6.9
ESCUELA RURAL LOS ESTEROS,13-08-2025,0.1
ESCUELA RURAL LOS ESTEROS,14-08-2025,0
ESCUELA RURAL LOS ESTEROS,15-08-2025,0
ESCUELA RURAL LOS ESTEROS,16-08-2025,0
ESCUELA RURAL LOS ESTEROS,17-08-2025,0
ESCUELA RURAL LOS ESTEROS,18-08-2025,0.6
ESCUELA RURAL LOS ESTEROS,19-08-2025,5.5
ESCUELA RURAL LOS ESTEROS,20-08-2025,7.5
ESCUELA RURAL LOS ESTEROS,21-08-2025,14
ESCUELA RURAL LOS ESTEROS,22-08-2025,1
ESCUELA RURAL LOS ESTEROS,23-08-2025,3
ESCUELA RURAL LOS ESTEROS,24-08-2025,0
ESCUELA RURAL LOS ESTEROS,25-08-2025,1.5
ESCUELA RURAL LOS ESTEROS,26-08-2025,0.1
ESCUELA RURAL LOS ESTEROS,27-08-2025,0.4
ESCUELA RURAL LOS ESTEROS,28-08-2025,0.2
ESCUELA RURAL LOS ESTEROS,29-08-2025,0.1
ESCUELA RURAL LOS ESTEROS,30-08-2025,0
ESCUELA RURAL LOS ESTEROS,31-08-2025,0
ESCUELA RURAL LOS ESTEROS,01-09-2025,4.3
ESCUELA RURAL LOS ESTEROS,02-09-2025,0.9
ESCUELA RURAL LOS ESTEROS,03-09-2025,0.1
ESCUELA RURAL LOS ESTEROS,04-09-2025,0.2
ESCUELA RURAL LOS ESTEROS,05-09-2025,0
ESCUELA RURAL LOS ESTEROS,06-09-2025,0
ESCUELA RURAL LOS ESTEROS,07-09-2025,1
ESCUELA RURAL LOS ESTEROS,08-09-2025,33.1
ESCUELA RURAL LOS ESTEROS,09-09-2025,21.3
ESCUELA RURAL LOS ESTEROS,10-09-2025,0.1
ESCUELA RURAL LOS ESTEROS,11-09-2025,0.1
ESCUELA RURAL LOS ESTEROS,12-09-2025,14.9
ESCUELA RURAL LOS ESTEROS,13-09-2025,16.7
ESCUELA RURAL LOS ESTEROS,14-09-2025,0
ESCUELA RURAL LOS ESTEROS,15-09-2025,0.1
ESCUELA RURAL LOS ESTEROS,16-09-2025,0.1
ESCUELA RURAL LOS ESTEROS,17-09-2025,9.5
ESCUELA RURAL LOS ESTEROS,18-09-2025,12.3
ESCUELA RURAL LOS ESTEROS,19-09-2025,26.8
ESCUELA RURAL LOS ESTEROS,20-09-2025,5.7
ESCUELA RURAL LOS ESTEROS,21-09-2025,3.3
ESCUELA RURAL LOS ESTEROS,22-09-2025,2.7
ESCUELA RURAL LOS ESTEROS,23-09-2025,0
ESCUELA RURAL LOS ESTEROS,24-09-2025,0.1
ESCUELA RURAL LOS ESTEROS,25-09-2025,9.4
ESCUELA RURAL LOS ESTEROS,26-09-2025,2.7
ESCUELA RURAL LOS ESTEROS,27-09-2025,14.5
ESCUELA RURAL LOS ESTEROS,28-09-2025,1.3
ESCUELA RURAL LOS ESTEROS,29-09-2025,1.2
ESCUELA RURAL LOS ESTEROS,30-09-2025,0.1
ESCUELA RURAL LOS ESTEROS,01-10-2025,0
ESCUELA RURAL LOS ESTEROS,02-10-2025,0
ESCUELA RURAL LOS ESTEROS,03-10-2025,18.6
ESCUELA RURAL LOS ESTEROS,04-10-2025,2.3
ESCUELA RURAL LOS ESTEROS,05-10-2025,1
ESCUELA RURAL LOS ESTEROS,06-10-2025,2
ESCUELA RURAL LOS ESTEROS,07-10-2025,0.1
ESCUELA RURAL LOS ESTEROS,08-10-2025,0
ESCUELA RURAL LOS ESTEROS,09-10-2025,15.3
ESCUELA RURAL LOS ESTEROS,10-10-2025,5.3
ESCUELA RURAL LOS ESTEROS,11-10-2025,0.1
ESCUELA RURAL LOS ESTEROS,12-10-2025,0.1
ESCUELA RURAL LOS ESTEROS,13-10-2025,0.1
ESCUELA RURAL LOS ESTEROS,14-10-2025,8.5
ESCUELA RURAL LOS ESTEROS,15-10-2025,0.7
ESCUELA RURAL LOS ESTEROS,16-10-2025,0
ESCUELA RURAL LOS ESTEROS,17-10-2025,0
ESCUELA RURAL LOS ESTEROS,18-10-2025,0.1
ESCUELA RURAL LOS ESTEROS,19-10-2025,1.8
ESCUELA RURAL LOS ESTEROS,20-10-2025,2.7
ESCUELA RURAL LOS ESTEROS,21-10-2025,0.1
ESCUELA RURAL LOS ESTEROS,22-10-2025,0.7
ESCUELA RURAL LOS ESTEROS,23-10-2025,4.9
ESCUELA RURAL LOS ESTEROS,24-10-2025,0.2
ESCUELA RURAL LOS ESTEROS,25-10-2025,0.5
ESCUELA RURAL LOS ESTEROS,26-10-2025,0
ESCUELA RURAL LOS ESTEROS,27-10-2025,0
ESCUELA RURAL LOS ESTEROS,28-10-2025,0
ESCUELA RURAL LOS ESTEROS,29-10-2025,0
ESCUELA RURAL LOS ESTEROS,30-10-2025,3.3
ESCUELA RURAL LOS ESTEROS,31-10-2025,0
ESCUELA RURAL LOS ESTEROS,01-11-2025,0
ESCUELA RURAL LOS ESTEROS,02-11-2025,0
ESCUELA RURAL LOS ESTEROS,03-11-2025,0
ESCUELA RURAL LOS ESTEROS,04-11-2025,0
ESCUELA RURAL LOS ESTEROS,05-11-2025,0
ESCUELA RURAL LOS ESTEROS,06-11-2025,0
ESCUELA RURAL LOS ESTEROS,07-11-2025,0
ESCUELA RURAL LOS ESTEROS,08-11-2025,0.9
ESCUELA RURAL LOS ESTEROS,09-11-2025,4.7
ESCUELA RURAL LOS ESTEROS,10-11-2025,2.1
ESCUELA RURAL LOS ESTEROS,11-11-2025,2
ESCUELA RURAL LOS ESTEROS,12-11-2025,0
ESCUELA RURAL LOS ESTEROS,13-11-2025,0
ESCUELA RURAL LOS ESTEROS,14-11-2025,0
ESCUELA RURAL LOS ESTEROS,15-11-2025,2.5
ESCUELA RURAL LOS ESTEROS,16-11-2025,0
ESCUELA RURAL LOS ESTEROS,17-11-2025,1.1
ESCUELA RURAL LOS ESTEROS,18-11-2025,0
ESCUELA RURAL LOS ESTEROS,19-11-2025,3.4
ESCUELA RURAL LOS ESTEROS,20-11-2025,0
ESCUELA RURAL LOS ESTEROS,21-11-2025,0
ESCUELA RURAL LOS ESTEROS,22-11-2025,0
ESCUELA RURAL LOS ESTEROS,23-11-2025,0
ESCUELA RURAL LOS ESTEROS,24-11-2025,0
ESCUELA RURAL LOS ESTEROS,25-11-2025,0
ESCUELA RURAL LOS ESTEROS,26-11-2025,0
ESCUELA RURAL LOS ESTEROS,27-11-2025,0
ESCUELA RURAL LOS ESTEROS,28-11-2025,2.9
ESCUELA RURAL LOS ESTEROS,29-11-2025,2.6
ESCUELA RURAL LOS ESTEROS,30-11-2025,3.7
ESCUELA RURAL LOS ESTEROS,01-12-2025,0
ESCUELA RURAL LOS ESTEROS,02-12-2025,0.3
ESCUELA RURAL LOS ESTEROS,03-12-2025,0
ESCUELA RURAL LOS ESTEROS,04-12-2025,0
ESCUELA RURAL LOS ESTEROS,05-12-2025,0
ESCUELA RURAL LOS ESTEROS,06-12-2025,0
ESCUELA RURAL LOS ESTEROS,07-12-2025,0
ESCUELA RURAL LOS ESTEROS,08-12-2025,0
ESCUELA RURAL LOS ESTEROS,09-12-2025,0
ESCUELA RURAL LOS ESTEROS,10-12-2025,0
ESCUELA RURAL LOS ESTEROS,11-12-2025,0
ESCUELA RURAL LOS ESTEROS,12-12-2025,1.3
ESCUELA RURAL LOS ESTEROS,13-12-2025,4.3
ESCUELA RURAL LOS ESTEROS,14-12-2025,1.1
ESCUELA RURAL LOS ESTEROS,15-12-2025,0.1
ESCUELA RURAL LOS ESTEROS,16-12-2025,0
ESCUELA RURAL LOS ESTEROS,17-12-2025,0
ESCUELA RURAL LOS ESTEROS,18-12-2025,0
ESCUELA RURAL LOS ESTEROS,19-12-2025,3
ESCUELA RURAL LOS ESTEROS,20-12-2025,13.8
ESCUELA RURAL LOS ESTEROS,21-12-2025,3.3
ESCUELA RURAL LOS ESTEROS,22-12-2025,1
ESCUELA RURAL LOS ESTEROS,23-12-2025,0.2
ESCUELA RURAL LOS ESTEROS,24-12-2025,0
ESCUELA RURAL LOS ESTEROS,25-12-2025,0
ESCUELA RURAL LOS ESTEROS,26-12-2025,0
ESCUELA RURAL LOS ESTEROS,27-12-2025,0
ESCUELA RURAL LOS ESTEROS,28-12-2025,0
ESCUELA RURAL LOS ESTEROS,29-12-2025,0
ESCUELA RURAL LOS ESTEROS,30-12-2025,0
ESCUELA RURAL LOS ESTEROS,31-12-2025,0
ESCUELA RURAL LOS ESTEROS,01-01-2026,0
ESCUELA RURAL LOS ESTEROS,02-01-2026,0
ESCUELA RURAL LOS ESTEROS,03-01-2026,0
ESCUELA RURAL LOS ESTEROS,04-01-2026,0
ESCUELA RURAL LOS ESTEROS,05-01-2026,0
ESCUELA RURAL LOS ESTEROS,06-01-2026,0
ESCUELA RURAL LOS ESTEROS,07-01-2026,0
ESCUELA RURAL LOS ESTEROS,08-01-2026,0
ESCUELA RURAL LOS ESTEROS,09-01-2026,0
ESCUELA RURAL LOS ESTEROS,10-01-2026,0
ESCUELA RURAL LOS ESTEROS,11-01-2026,7.3
ESCUELA RURAL LOS ESTEROS,12-01-2026,0
ESCUELA RURAL LOS ESTEROS,13-01-2026,0
ESCUELA RURAL LOS ESTEROS,14-01-2026,8.4
ESCUELA RURAL LOS ESTEROS,15-01-2026,0
ESCUELA RURAL LOS ESTEROS,16-01-2026,0
ESCUELA RURAL LOS ESTEROS,17-01-2026,0
ESCUELA RURAL LOS ESTEROS,18-01-2026,0
ESCUELA RURAL LOS ESTEROS,19-01-2026,0
ESCUELA RURAL LOS ESTEROS,20-01-2026,0
ESCUELA RURAL LOS ESTEROS,21-01-2026,0
ESCUELA RURAL LOS ESTEROS,22-01-2026,0
ESCUELA RURAL LOS ESTEROS,23-01-2026,0
ESCUELA RURAL LOS ESTEROS,24-01-2026,0
ESCUELA RURAL LOS ESTEROS,25-01-2026,0
ESCUELA RURAL LOS ESTEROS,26-01-2026,0
ESCUELA RURAL LOS ESTEROS,27-01-2026,7.7
ESCUELA RURAL LOS ESTEROS,28-01-2026,0
ESCUELA RURAL LOS ESTEROS,29-01-2026,0
ESCUELA RURAL LOS ESTEROS,30-01-2026,15.1
ESCUELA RURAL LOS ESTEROS,31-01-2026,0.1
ESCUELA RURAL LOS ESTEROS,01-02-2026,0
ESCUELA RURAL LOS ESTEROS,02-02-2026,5.6
ESCUELA RURAL LOS ESTEROS,03-02-2026,0.7
ESCUELA RURAL LOS ESTEROS,04-02-2026,0
ESCUELA RURAL LOS ESTEROS,05-02-2026,0
ESCUELA RURAL LOS ESTEROS,06-02-2026,0
ESCUELA RURAL LOS ESTEROS,07-02-2026,0
ESCUELA RURAL LOS ESTEROS,08-02-2026,0.6
ESCUELA RURAL LOS ESTEROS,09-02-2026,1.8
ESCUELA RURAL LOS ESTEROS,10-02-2026,17
ESCUELA RURAL LOS ESTEROS,11-02-2026,3.7
ESCUELA RURAL LOS ESTEROS,12-02-2026,0
ESCUELA RURAL LOS ESTEROS,13-02-2026,0
ESCUELA RURAL LOS ESTEROS,14-02-2026,0
ESCUELA RURAL LOS ESTEROS,15-02-2026,0
ESCUELA RURAL LOS ESTEROS,16-02-2026,15.2
ESCUELA RURAL LOS ESTEROS,17-02-2026,0
ESCUELA RURAL LOS ESTEROS,18-02-2026,0
ESCUELA RURAL LOS ESTEROS,19-02-2026,0
ESCUELA RURAL LOS ESTEROS,20-02-2026,0
ESCUELA RURAL LOS ESTEROS,21-02-2026,0
ESCUELA RURAL LOS ESTEROS,22-02-2026,0
ESCUELA RURAL LOS ESTEROS,23-02-2026,0
ESCUELA RURAL LOS ESTEROS,24-02-2026,0
ESCUELA RURAL LOS ESTEROS,25-02-2026,0
ESCUELA RURAL LOS ESTEROS,26-02-2026,0
ESCUELA RURAL LOS ESTEROS,27-02-2026,0
ESCUELA RURAL LOS ESTEROS,28-02-2026,13.8
ESCUELA RURAL LOS ESTEROS,01-03-2026,7.6
ESCUELA RURAL LOS ESTEROS,02-03-2026,13.5
ESCUELA RURAL LOS ESTEROS,03-03-2026,5.1
ESCUELA RURAL LOS ESTEROS,04-03-2026,0
ESCUELA RURAL LOS ESTEROS,05-03-2026,0
ESCUELA RURAL LOS ESTEROS,06-03-2026,0
ESCUELA RURAL LOS ESTEROS,07-03-2026,0
ESCUELA RURAL LOS ESTEROS,08-03-2026,0
ESCUELA RURAL LOS ESTEROS,09-03-2026,0.1
ESCUELA RURAL LOS ESTEROS,10-03-2026,0
ESCUELA RURAL LOS ESTEROS,11-03-2026,0.8
ESCUELA RURAL LOS ESTEROS,12-03-2026,0
ESCUELA RURAL LOS ESTEROS,13-03-2026,0
ESCUELA RURAL LOS ESTEROS,14-03-2026,38.6
ESCUELA RURAL LOS ESTEROS,15-03-2026,4.2
ESCUELA RURAL LOS ESTEROS,16-03-2026,38.1
ESCUELA RURAL LOS ESTEROS,17-03-2026,0.2
ESCUELA RURAL LOS ESTEROS,18-03-2026,38.6
ESCUELA RURAL LOS ESTEROS,19-03-2026,4
ESCUELA RURAL LOS ESTEROS,20-03-2026,0.8
ESCUELA RURAL LOS ESTEROS,21-03-2026,26.6
ESCUELA RURAL LOS ESTEROS,22-03-2026,8.2
ESCUELA RURAL LOS ESTEROS,23-03-2026,9.7
ESCUELA RURAL LOS ESTEROS,24-03-2026,0.2
ESCUELA RURAL LOS ESTEROS,25-03-2026,0.2
ESCUELA RURAL LOS ESTEROS,26-03-2026,0.1
ESCUELA RURAL LOS ESTEROS,27-03-2026,0.1
ESCUELA RURAL LOS ESTEROS,28-03-2026,0
ESCUELA RURAL LOS ESTEROS,29-03-2026,0.5
ESCUELA RURAL LOS ESTEROS,30-03-2026,5.5
ESCUELA RURAL LOS ESTEROS,31-03-2026,0.9
ESCUELA RURAL LOS ESTEROS,01-04-2026,0
ESCUELA RURAL LOS ESTEROS,02-04-2026,0.1
ESCUELA RURAL LOS ESTEROS,03-04-2026,0.5
ESCUELA RURAL LOS ESTEROS,04-04-2026,0
ESCUELA RURAL LOS ESTEROS,05-04-2026,0
ESCUELA RURAL LOS ESTEROS,06-04-2026,0.2
ESCUELA RURAL LOS ESTEROS,07-04-2026,0.3
ESCUELA RURAL LOS ESTEROS,08-04-2026,0.7
ESCUELA RURAL LOS ESTEROS,09-04-2026,0.1
ESCUELA RURAL LOS ESTEROS,10-04-2026,0.1
ESCUELA RURAL LOS ESTEROS,11-04-2026,7
ESCUELA RURAL LOS ESTEROS,12-04-2026,0.1
ESCUELA RURAL LOS ESTEROS,13-04-2026,3.6
ESCUELA RURAL LOS ESTEROS,14-04-2026,1.7
ESCUELA RURAL LOS ESTEROS,15-04-2026,2.9
ESCUELA RURAL LOS ESTEROS,16-04-2026,8.1
ESCUELA RURAL LOS ESTEROS,17-04-2026,11.5
ESCUELA RURAL LOS ESTEROS,18-04-2026,0.9
ESCUELA RURAL LOS ESTEROS,19-04-2026,0.1
ESCUELA RURAL LOS ESTEROS,20-04-2026,0.2
ESCUELA RURAL LOS ESTEROS,21-04-2026,5
ESCUELA RURAL LOS ESTEROS,22-04-2026,0.1
ESCUELA RURAL LOS ESTEROS,23-04-2026,0.8
ESCUELA RURAL LOS ESTEROS,24-04-2026,0
ESCUELA RURAL LOS ESTEROS,25-04-2026,1.9
ESCUELA RURAL LOS ESTEROS,26-04-2026,3.2
ESCUELA RURAL LOS ESTEROS,27-04-2026,1.3
ESCUELA RURAL LOS ESTEROS,28-04-2026,6.8
ESCUELA RURAL LOS ESTEROS,29-04-2026,0
ESCUELA RURAL LOS ESTEROS,30-04-2026,4.3
ESCUELA RURAL LOS ESTEROS,01-05-2026,0.1
ESCUELA RURAL LOS ESTEROS,02-05-2026,4
ESCUELA RURAL LOS ESTEROS,03-05-2026,4
ESCUELA RURAL LOS ESTEROS,04-05-2026,19.1
ESCUELA RURAL LOS ESTEROS,05-05-2026,60.5
ESCUELA RURAL LOS ESTEROS,06-05-2026,4.3
ESCUELA RURAL LOS ESTEROS,07-05-2026,3.7
ESCUELA RURAL LOS ESTEROS,08-05-2026,0.6
ESCUELA RURAL LOS ESTEROS,09-05-2026,0
ESCUELA RURAL LOS ESTEROS,10-05-2026,0
ESCUELA RURAL LOS ESTEROS,11-05-2026,0.2
ESCUELA RURAL LOS ESTEROS,12-05-2026,0
ESCUELA RURAL LOS ESTEROS,13-05-2026,0
ESCUELA RURAL LOS ESTEROS,14-05-2026,0.1
ESCUELA RURAL LOS ESTEROS,15-05-2026,0.3
ESCUELA RURAL LOS ESTEROS,16-05-2026,0
ESCUELA RURAL LOS ESTEROS,17-05-2026,0
ESCUELA RURAL LOS ESTEROS,18-05-2026,0.1
ESCUELA RURAL LOS ESTEROS,19-05-2026,0.2
ESCUELA RURAL LOS ESTEROS,20-05-2026,0.1
ESCUELA RURAL LOS ESTEROS,21-05-2026,0
ESCUELA RURAL LOS ESTEROS,22-05-2026,0.1
ESCUELA RURAL LOS ESTEROS,23-05-2026,0.1
ESCUELA RURAL LOS ESTEROS,24-05-2026,0
ESCUELA RURAL LOS ESTEROS,25-05-2026,0.1
ESCUELA RURAL LOS ESTEROS,26-05-2026,0.1
ESCUELA RURAL LOS ESTEROS,27-05-2026,2.2
ESCUELA RURAL LOS ESTEROS,28-05-2026,3.4
ESCUELA RURAL LOS ESTEROS,29-05-2026,0.3
ESCUELA RURAL LOS ESTEROS,30-05-2026,0.1
ESCUELA RURAL LOS ESTEROS,31-05-2026,0.2
ESCUELA RURAL CHAMPULLI,02-11-2022,0
ESCUELA RURAL CHAMPULLI,03-11-2022,0
ESCUELA RURAL CHAMPULLI,04-11-2022,0
ESCUELA RURAL CHAMPULLI,05-11-2022,0
ESCUELA RURAL CHAMPULLI,06-11-2022,0
ESCUELA RURAL CHAMPULLI,07-11-2022,0
ESCUELA RURAL CHAMPULLI,08-11-2022,0
ESCUELA RURAL CHAMPULLI,09-11-2022,1.2
ESCUELA RURAL CHAMPULLI,10-11-2022,2.2
ESCUELA RURAL CHAMPULLI,11-11-2022,12.8
ESCUELA RURAL CHAMPULLI,12-11-2022,12.9
ESCUELA RURAL CHAMPULLI,13-11-2022,4.7
ESCUELA RURAL CHAMPULLI,14-11-2022,3.6
ESCUELA RURAL CHAMPULLI,15-11-2022,0.1
ESCUELA RURAL CHAMPULLI,16-11-2022,0
ESCUELA RURAL CHAMPULLI,17-11-2022,0
ESCUELA RURAL CHAMPULLI,18-11-2022,0.8
ESCUELA RURAL CHAMPULLI,19-11-2022,3.6
ESCUELA RURAL CHAMPULLI,20-11-2022,0
ESCUELA RURAL CHAMPULLI,21-11-2022,0
ESCUELA RURAL CHAMPULLI,22-11-2022,0
ESCUELA RURAL CHAMPULLI,23-11-2022,0.4
ESCUELA RURAL CHAMPULLI,24-11-2022,0
ESCUELA RURAL CHAMPULLI,25-11-2022,0
ESCUELA RURAL CHAMPULLI,26-11-2022,0
ESCUELA RURAL CHAMPULLI,27-11-2022,0
ESCUELA RURAL CHAMPULLI,28-11-2022,0
ESCUELA RURAL CHAMPULLI,29-11-2022,0.1
ESCUELA RURAL CHAMPULLI,30-11-2022,0
ESCUELA RURAL CHAMPULLI,01-12-2022,0
ESCUELA RURAL CHAMPULLI,02-12-2022,4.2
ESCUELA RURAL CHAMPULLI,03-12-2022,0
ESCUELA RURAL CHAMPULLI,04-12-2022,0
ESCUELA RURAL CHAMPULLI,05-12-2022,0
ESCUELA RURAL CHAMPULLI,06-12-2022,0
ESCUELA RURAL CHAMPULLI,07-12-2022,13.7
ESCUELA RURAL CHAMPULLI,08-12-2022,8.1
ESCUELA RURAL CHAMPULLI,09-12-2022,0
ESCUELA RURAL CHAMPULLI,10-12-2022,0
ESCUELA RURAL CHAMPULLI,11-12-2022,0
ESCUELA RURAL CHAMPULLI,12-12-2022,0
ESCUELA RURAL CHAMPULLI,13-12-2022,0
ESCUELA RURAL CHAMPULLI,14-12-2022,0
ESCUELA RURAL CHAMPULLI,15-12-2022,0
ESCUELA RURAL CHAMPULLI,16-12-2022,0.5
ESCUELA RURAL CHAMPULLI,17-12-2022,0
ESCUELA RURAL CHAMPULLI,18-12-2022,0
ESCUELA RURAL CHAMPULLI,19-12-2022,0
ESCUELA RURAL CHAMPULLI,20-12-2022,0.8
ESCUELA RURAL CHAMPULLI,21-12-2022,13
ESCUELA RURAL CHAMPULLI,22-12-2022,1.6
ESCUELA RURAL CHAMPULLI,23-12-2022,0
ESCUELA RURAL CHAMPULLI,24-12-2022,0
ESCUELA RURAL CHAMPULLI,25-12-2022,0
ESCUELA RURAL CHAMPULLI,26-12-2022,0.1
ESCUELA RURAL CHAMPULLI,27-12-2022,0
ESCUELA RURAL CHAMPULLI,28-12-2022,0
ESCUELA RURAL CHAMPULLI,29-12-2022,0
ESCUELA RURAL CHAMPULLI,30-12-2022,0
ESCUELA RURAL CHAMPULLI,31-12-2022,4.7
ESCUELA RURAL CHAMPULLI,01-01-2023,0
ESCUELA RURAL CHAMPULLI,02-01-2023,0
ESCUELA RURAL CHAMPULLI,03-01-2023,0
ESCUELA RURAL CHAMPULLI,04-01-2023,0
ESCUELA RURAL CHAMPULLI,05-01-2023,0
ESCUELA RURAL CHAMPULLI,06-01-2023,0
ESCUELA RURAL CHAMPULLI,07-01-2023,0
ESCUELA RURAL CHAMPULLI,08-01-2023,0
ESCUELA RURAL CHAMPULLI,09-01-2023,4.2
ESCUELA RURAL CHAMPULLI,10-01-2023,2.6
ESCUELA RURAL CHAMPULLI,11-01-2023,0
ESCUELA RURAL CHAMPULLI,12-01-2023,0
ESCUELA RURAL CHAMPULLI,13-01-2023,0
ESCUELA RURAL CHAMPULLI,14-01-2023,0
ESCUELA RURAL CHAMPULLI,15-01-2023,0
ESCUELA RURAL CHAMPULLI,16-01-2023,0
ESCUELA RURAL CHAMPULLI,17-01-2023,0
ESCUELA RURAL CHAMPULLI,18-01-2023,0
ESCUELA RURAL CHAMPULLI,19-01-2023,0
ESCUELA RURAL CHAMPULLI,20-01-2023,0
ESCUELA RURAL CHAMPULLI,21-01-2023,0
ESCUELA RURAL CHAMPULLI,22-01-2023,0
ESCUELA RURAL CHAMPULLI,23-01-2023,15.9
ESCUELA RURAL CHAMPULLI,24-01-2023,0
ESCUELA RURAL CHAMPULLI,25-01-2023,0
ESCUELA RURAL CHAMPULLI,26-01-2023,0
ESCUELA RURAL CHAMPULLI,27-01-2023,0
ESCUELA RURAL CHAMPULLI,28-01-2023,0
ESCUELA RURAL CHAMPULLI,29-01-2023,0.2
ESCUELA RURAL CHAMPULLI,30-01-2023,0.5
ESCUELA RURAL CHAMPULLI,31-01-2023,0
ESCUELA RURAL CHAMPULLI,01-02-2023,0
ESCUELA RURAL CHAMPULLI,02-02-2023,0
ESCUELA RURAL CHAMPULLI,03-02-2023,0
ESCUELA RURAL CHAMPULLI,04-02-2023,0
ESCUELA RURAL CHAMPULLI,05-02-2023,0
ESCUELA RURAL CHAMPULLI,06-02-2023,0
ESCUELA RURAL CHAMPULLI,07-02-2023,0
ESCUELA RURAL CHAMPULLI,08-02-2023,0.1
ESCUELA RURAL CHAMPULLI,09-02-2023,6.6
ESCUELA RURAL CHAMPULLI,10-02-2023,0
ESCUELA RURAL CHAMPULLI,11-02-2023,7.6
ESCUELA RURAL CHAMPULLI,12-02-2023,2.5
ESCUELA RURAL CHAMPULLI,13-02-2023,3.4
ESCUELA RURAL CHAMPULLI,14-02-2023,1.4
ESCUELA RURAL CHAMPULLI,15-02-2023,0
ESCUELA RURAL CHAMPULLI,16-02-2023,0.1
ESCUELA RURAL CHAMPULLI,17-02-2023,0
ESCUELA RURAL CHAMPULLI,18-02-2023,0
ESCUELA RURAL CHAMPULLI,19-02-2023,0
ESCUELA RURAL CHAMPULLI,20-02-2023,0
ESCUELA RURAL CHAMPULLI,21-02-2023,0
ESCUELA RURAL CHAMPULLI,22-02-2023,0
ESCUELA RURAL CHAMPULLI,23-02-2023,0
ESCUELA RURAL CHAMPULLI,24-02-2023,9.2
ESCUELA RURAL CHAMPULLI,25-02-2023,0
ESCUELA RURAL CHAMPULLI,26-02-2023,0
ESCUELA RURAL CHAMPULLI,27-02-2023,0
ESCUELA RURAL CHAMPULLI,28-02-2023,0
ESCUELA RURAL CHAMPULLI,01-03-2023,0
ESCUELA RURAL CHAMPULLI,02-03-2023,0
ESCUELA RURAL CHAMPULLI,03-03-2023,0
ESCUELA RURAL CHAMPULLI,04-03-2023,0
ESCUELA RURAL CHAMPULLI,05-03-2023,0
ESCUELA RURAL CHAMPULLI,06-03-2023,10.2
ESCUELA RURAL CHAMPULLI,07-03-2023,37.2
ESCUELA RURAL CHAMPULLI,08-03-2023,0
ESCUELA RURAL CHAMPULLI,09-03-2023,1.3
ESCUELA RURAL CHAMPULLI,10-03-2023,0.1
ESCUELA RURAL CHAMPULLI,11-03-2023,4.9
ESCUELA RURAL CHAMPULLI,12-03-2023,0.4
ESCUELA RURAL CHAMPULLI,13-03-2023,0
ESCUELA RURAL CHAMPULLI,14-03-2023,28.1
ESCUELA RURAL CHAMPULLI,15-03-2023,12.3
ESCUELA RURAL CHAMPULLI,16-03-2023,7.7
ESCUELA RURAL CHAMPULLI,17-03-2023,0
ESCUELA RURAL CHAMPULLI,18-03-2023,0
ESCUELA RURAL CHAMPULLI,19-03-2023,0
ESCUELA RURAL CHAMPULLI,20-03-2023,0
ESCUELA RURAL CHAMPULLI,21-03-2023,0.1
ESCUELA RURAL CHAMPULLI,22-03-2023,0
ESCUELA RURAL CHAMPULLI,23-03-2023,0
ESCUELA RURAL CHAMPULLI,24-03-2023,0
ESCUELA RURAL CHAMPULLI,25-03-2023,0.2
ESCUELA RURAL CHAMPULLI,26-03-2023,0.1
ESCUELA RURAL CHAMPULLI,27-03-2023,6.7
ESCUELA RURAL CHAMPULLI,28-03-2023,4.6
ESCUELA RURAL CHAMPULLI,29-03-2023,0
ESCUELA RURAL CHAMPULLI,30-03-2023,2
ESCUELA RURAL CHAMPULLI,31-03-2023,1.1
ESCUELA RURAL CHAMPULLI,01-04-2023,1.1
ESCUELA RURAL CHAMPULLI,02-04-2023,0
ESCUELA RURAL CHAMPULLI,03-04-2023,0
ESCUELA RURAL CHAMPULLI,04-04-2023,0
ESCUELA RURAL CHAMPULLI,05-04-2023,7.8
ESCUELA RURAL CHAMPULLI,06-04-2023,0
ESCUELA RURAL CHAMPULLI,07-04-2023,0.2
ESCUELA RURAL CHAMPULLI,08-04-2023,0.1
ESCUELA RURAL CHAMPULLI,09-04-2023,0.2
ESCUELA RURAL CHAMPULLI,10-04-2023,12.2
ESCUELA RURAL CHAMPULLI,11-04-2023,10.4
ESCUELA RURAL CHAMPULLI,12-04-2023,0.1
ESCUELA RURAL CHAMPULLI,13-04-2023,0.1
ESCUELA RURAL CHAMPULLI,14-04-2023,0
ESCUELA RURAL CHAMPULLI,15-04-2023,0
ESCUELA RURAL CHAMPULLI,16-04-2023,1.2
ESCUELA RURAL CHAMPULLI,17-04-2023,2.4
ESCUELA RURAL CHAMPULLI,18-04-2023,1.1
ESCUELA RURAL CHAMPULLI,19-04-2023,0.2
ESCUELA RURAL CHAMPULLI,20-04-2023,7.7
ESCUELA RURAL CHAMPULLI,21-04-2023,0
ESCUELA RURAL CHAMPULLI,22-04-2023,0.4
ESCUELA RURAL CHAMPULLI,23-04-2023,0.5
ESCUELA RURAL CHAMPULLI,24-04-2023,0.1
ESCUELA RURAL CHAMPULLI,25-04-2023,5.6
ESCUELA RURAL CHAMPULLI,26-04-2023,1.1
ESCUELA RURAL CHAMPULLI,27-04-2023,24
ESCUELA RURAL CHAMPULLI,28-04-2023,19.4
ESCUELA RURAL CHAMPULLI,29-04-2023,11.5
ESCUELA RURAL CHAMPULLI,30-04-2023,2.3
ESCUELA RURAL CHAMPULLI,01-05-2023,0.4
ESCUELA RURAL CHAMPULLI,02-05-2023,0
ESCUELA RURAL CHAMPULLI,03-05-2023,0
ESCUELA RURAL CHAMPULLI,04-05-2023,0
ESCUELA RURAL CHAMPULLI,05-05-2023,0.4
ESCUELA RURAL CHAMPULLI,06-05-2023,2.6
ESCUELA RURAL CHAMPULLI,07-05-2023,0
ESCUELA RURAL CHAMPULLI,08-05-2023,0
ESCUELA RURAL CHAMPULLI,09-05-2023,0
ESCUELA RURAL CHAMPULLI,10-05-2023,1.9
ESCUELA RURAL CHAMPULLI,11-05-2023,4
ESCUELA RURAL CHAMPULLI,12-05-2023,0.1
ESCUELA RURAL CHAMPULLI,13-05-2023,0
ESCUELA RURAL CHAMPULLI,14-05-2023,0
ESCUELA RURAL CHAMPULLI,15-05-2023,4.1
ESCUELA RURAL CHAMPULLI,16-05-2023,0
ESCUELA RURAL CHAMPULLI,17-05-2023,2.2
ESCUELA RURAL CHAMPULLI,18-05-2023,7
ESCUELA RURAL CHAMPULLI,19-05-2023,0.1
ESCUELA RURAL CHAMPULLI,20-05-2023,28.1
ESCUELA RURAL CHAMPULLI,21-05-2023,17.4
ESCUELA RURAL CHAMPULLI,22-05-2023,10.4
ESCUELA RURAL CHAMPULLI,23-05-2023,17.9
ESCUELA RURAL CHAMPULLI,24-05-2023,12.2
ESCUELA RURAL CHAMPULLI,25-05-2023,22.5
ESCUELA RURAL CHAMPULLI,26-05-2023,5.4
ESCUELA RURAL CHAMPULLI,27-05-2023,0.4
ESCUELA RURAL CHAMPULLI,28-05-2023,0.1
ESCUELA RURAL CHAMPULLI,29-05-2023,0.7
ESCUELA RURAL CHAMPULLI,30-05-2023,7
ESCUELA RURAL CHAMPULLI,31-05-2023,0
ESCUELA RURAL CHAMPULLI,01-06-2023,4.4
ESCUELA RURAL CHAMPULLI,02-06-2023,20.6
ESCUELA RURAL CHAMPULLI,03-06-2023,5.7
ESCUELA RURAL CHAMPULLI,04-06-2023,0.1
ESCUELA RURAL CHAMPULLI,05-06-2023,34.3
ESCUELA RURAL CHAMPULLI,06-06-2023,0.6
ESCUELA RURAL CHAMPULLI,07-06-2023,28
ESCUELA RURAL CHAMPULLI,08-06-2023,7.7
ESCUELA RURAL CHAMPULLI,09-06-2023,12.6
ESCUELA RURAL CHAMPULLI,10-06-2023,0
ESCUELA RURAL CHAMPULLI,11-06-2023,0.2
ESCUELA RURAL CHAMPULLI,12-06-2023,0
ESCUELA RURAL CHAMPULLI,13-06-2023,0.1
ESCUELA RURAL CHAMPULLI,14-06-2023,1.8
ESCUELA RURAL CHAMPULLI,15-06-2023,0
ESCUELA RURAL CHAMPULLI,16-06-2023,0.1
ESCUELA RURAL CHAMPULLI,17-06-2023,0.1
ESCUELA RURAL CHAMPULLI,18-06-2023,0.3
ESCUELA RURAL CHAMPULLI,19-06-2023,0.2
ESCUELA RURAL CHAMPULLI,20-06-2023,0.9
ESCUELA RURAL CHAMPULLI,21-06-2023,6.4
ESCUELA RURAL CHAMPULLI,22-06-2023,10.5
ESCUELA RURAL CHAMPULLI,23-06-2023,20.9
ESCUELA RURAL CHAMPULLI,24-06-2023,4.4
ESCUELA RURAL CHAMPULLI,25-06-2023,11.5
ESCUELA RURAL CHAMPULLI,26-06-2023,12.7
ESCUELA RURAL CHAMPULLI,27-06-2023,4.5
ESCUELA RURAL CHAMPULLI,28-06-2023,3.6
ESCUELA RURAL CHAMPULLI,29-06-2023,3.5
ESCUELA RURAL CHAMPULLI,30-06-2023,10
ESCUELA RURAL CHAMPULLI,01-07-2023,20.1
ESCUELA RURAL CHAMPULLI,02-07-2023,9.4
ESCUELA RURAL CHAMPULLI,03-07-2023,66.2
ESCUELA RURAL CHAMPULLI,04-07-2023,5.3
ESCUELA RURAL CHAMPULLI,05-07-2023,8.2
ESCUELA RURAL CHAMPULLI,06-07-2023,1.3
ESCUELA RURAL CHAMPULLI,07-07-2023,12.5
ESCUELA RURAL CHAMPULLI,08-07-2023,5.5
ESCUELA RURAL CHAMPULLI,09-07-2023,0.8
ESCUELA RURAL CHAMPULLI,10-07-2023,0.2
ESCUELA RURAL CHAMPULLI,11-07-2023,0.1
ESCUELA RURAL CHAMPULLI,12-07-2023,0.1
ESCUELA RURAL CHAMPULLI,13-07-2023,4.2
ESCUELA RURAL CHAMPULLI,14-07-2023,8.6
ESCUELA RURAL CHAMPULLI,15-07-2023,0.1
ESCUELA RURAL CHAMPULLI,16-07-2023,0
ESCUELA RURAL CHAMPULLI,17-07-2023,0.2
ESCUELA RURAL CHAMPULLI,18-07-2023,25.1
ESCUELA RURAL CHAMPULLI,19-07-2023,2.5
ESCUELA RURAL CHAMPULLI,20-07-2023,22.7
ESCUELA RURAL CHAMPULLI,21-07-2023,1.8
ESCUELA RURAL CHAMPULLI,22-07-2023,2.5
ESCUELA RURAL CHAMPULLI,23-07-2023,1.1
ESCUELA RURAL CHAMPULLI,24-07-2023,12.4
ESCUELA RURAL CHAMPULLI,25-07-2023,1.4
ESCUELA RURAL CHAMPULLI,26-07-2023,0.6
ESCUELA RURAL CHAMPULLI,27-07-2023,0.2
ESCUELA RURAL CHAMPULLI,28-07-2023,1.8
ESCUELA RURAL CHAMPULLI,29-07-2023,4.7
ESCUELA RURAL CHAMPULLI,30-07-2023,0.1
ESCUELA RURAL CHAMPULLI,31-07-2023,5.5
ESCUELA RURAL CHAMPULLI,01-08-2023,1.9
ESCUELA RURAL CHAMPULLI,02-08-2023,0
ESCUELA RURAL CHAMPULLI,03-08-2023,0.2
ESCUELA RURAL CHAMPULLI,04-08-2023,0.1
ESCUELA RURAL CHAMPULLI,05-08-2023,0
ESCUELA RURAL CHAMPULLI,06-08-2023,0
ESCUELA RURAL CHAMPULLI,07-08-2023,0.1
ESCUELA RURAL CHAMPULLI,08-08-2023,11.5
ESCUELA RURAL CHAMPULLI,09-08-2023,27.9
ESCUELA RURAL CHAMPULLI,10-08-2023,2.2
ESCUELA RURAL CHAMPULLI,11-08-2023,0
ESCUELA RURAL CHAMPULLI,12-08-2023,0.1
ESCUELA RURAL CHAMPULLI,13-08-2023,11.5
ESCUELA RURAL CHAMPULLI,14-08-2023,16.4
ESCUELA RURAL CHAMPULLI,15-08-2023,6.1
ESCUELA RURAL CHAMPULLI,16-08-2023,27.9
ESCUELA RURAL CHAMPULLI,17-08-2023,2.2
ESCUELA RURAL CHAMPULLI,18-08-2023,6.4
ESCUELA RURAL CHAMPULLI,19-08-2023,13.3
ESCUELA RURAL CHAMPULLI,20-08-2023,22.1
ESCUELA RURAL CHAMPULLI,21-08-2023,8
ESCUELA RURAL CHAMPULLI,22-08-2023,4.8
ESCUELA RURAL CHAMPULLI,23-08-2023,0.1
ESCUELA RURAL CHAMPULLI,24-08-2023,0.2
ESCUELA RURAL CHAMPULLI,25-08-2023,0.1
ESCUELA RURAL CHAMPULLI,26-08-2023,0.1
ESCUELA RURAL CHAMPULLI,27-08-2023,13.8
ESCUELA RURAL CHAMPULLI,28-08-2023,0.1
ESCUELA RURAL CHAMPULLI,29-08-2023,11.6
ESCUELA RURAL CHAMPULLI,30-08-2023,3.5
ESCUELA RURAL CHAMPULLI,31-08-2023,8.4
ESCUELA RURAL CHAMPULLI,01-09-2023,1.2
ESCUELA RURAL CHAMPULLI,02-09-2023,0.3
ESCUELA RURAL CHAMPULLI,03-09-2023,0
ESCUELA RURAL CHAMPULLI,04-09-2023,0.2
ESCUELA RURAL CHAMPULLI,05-09-2023,12.7
ESCUELA RURAL CHAMPULLI,06-09-2023,17.3
ESCUELA RURAL CHAMPULLI,07-09-2023,7.7
ESCUELA RURAL CHAMPULLI,08-09-2023,11.4
ESCUELA RURAL CHAMPULLI,09-09-2023,2.7
ESCUELA RURAL CHAMPULLI,10-09-2023,25.7
ESCUELA RURAL CHAMPULLI,11-09-2023,2.4
ESCUELA RURAL CHAMPULLI,12-09-2023,4.1
ESCUELA RURAL CHAMPULLI,13-09-2023,30.6
ESCUELA RURAL CHAMPULLI,14-09-2023,35.7
ESCUELA RURAL CHAMPULLI,15-09-2023,2.8
ESCUELA RURAL CHAMPULLI,16-09-2023,5.8
ESCUELA RURAL CHAMPULLI,17-09-2023,0.4
ESCUELA RURAL CHAMPULLI,18-09-2023,0.1
ESCUELA RURAL CHAMPULLI,19-09-2023,0
ESCUELA RURAL CHAMPULLI,20-09-2023,0
ESCUELA RURAL CHAMPULLI,21-09-2023,8.6
ESCUELA RURAL CHAMPULLI,22-09-2023,8.2
ESCUELA RURAL CHAMPULLI,23-09-2023,0.1
ESCUELA RURAL CHAMPULLI,24-09-2023,0
ESCUELA RURAL CHAMPULLI,25-09-2023,0
ESCUELA RURAL CHAMPULLI,26-09-2023,0
ESCUELA RURAL CHAMPULLI,27-09-2023,11.9
ESCUELA RURAL CHAMPULLI,28-09-2023,0
ESCUELA RURAL CHAMPULLI,29-09-2023,0.1
ESCUELA RURAL CHAMPULLI,30-09-2023,0
ESCUELA RURAL CHAMPULLI,01-10-2023,2.2
ESCUELA RURAL CHAMPULLI,02-10-2023,3.4
ESCUELA RURAL CHAMPULLI,03-10-2023,0.1
ESCUELA RURAL CHAMPULLI,04-10-2023,0
ESCUELA RURAL CHAMPULLI,05-10-2023,9.1
ESCUELA RURAL CHAMPULLI,06-10-2023,0.1
ESCUELA RURAL CHAMPULLI,07-10-2023,0
ESCUELA RURAL CHAMPULLI,08-10-2023,0
ESCUELA RURAL CHAMPULLI,09-10-2023,2.3
ESCUELA RURAL CHAMPULLI,10-10-2023,0.1
ESCUELA RURAL CHAMPULLI,11-10-2023,0
ESCUELA RURAL CHAMPULLI,12-10-2023,0.1
ESCUELA RURAL CHAMPULLI,13-10-2023,0
ESCUELA RURAL CHAMPULLI,14-10-2023,0.1
ESCUELA RURAL CHAMPULLI,15-10-2023,0
ESCUELA RURAL CHAMPULLI,16-10-2023,0
ESCUELA RURAL CHAMPULLI,17-10-2023,0
ESCUELA RURAL CHAMPULLI,18-10-2023,0
ESCUELA RURAL CHAMPULLI,19-10-2023,0
ESCUELA RURAL CHAMPULLI,20-10-2023,0
ESCUELA RURAL CHAMPULLI,21-10-2023,0
ESCUELA RURAL CHAMPULLI,22-10-2023,0
ESCUELA RURAL CHAMPULLI,23-10-2023,0
ESCUELA RURAL CHAMPULLI,24-10-2023,0
ESCUELA RURAL CHAMPULLI,25-10-2023,0
ESCUELA RURAL CHAMPULLI,26-10-2023,0.4
ESCUELA RURAL CHAMPULLI,27-10-2023,14.1
ESCUELA RURAL CHAMPULLI,28-10-2023,12.8
ESCUELA RURAL CHAMPULLI,29-10-2023,6
ESCUELA RURAL CHAMPULLI,30-10-2023,6.4
ESCUELA RURAL CHAMPULLI,31-10-2023,0.2
ESCUELA RURAL CHAMPULLI,01-11-2023,0
ESCUELA RURAL CHAMPULLI,02-11-2023,0
ESCUELA RURAL CHAMPULLI,03-11-2023,0
ESCUELA RURAL CHAMPULLI,04-11-2023,2.2
ESCUELA RURAL CHAMPULLI,05-11-2023,9.8
ESCUELA RURAL CHAMPULLI,06-11-2023,24.8
ESCUELA RURAL CHAMPULLI,07-11-2023,2.4
ESCUELA RURAL CHAMPULLI,08-11-2023,0.4
ESCUELA RURAL CHAMPULLI,09-11-2023,0
ESCUELA RURAL CHAMPULLI,10-11-2023,13
ESCUELA RURAL CHAMPULLI,11-11-2023,4.1
ESCUELA RURAL CHAMPULLI,12-11-2023,0.5
ESCUELA RURAL CHAMPULLI,13-11-2023,4
ESCUELA RURAL CHAMPULLI,14-11-2023,0
ESCUELA RURAL CHAMPULLI,15-11-2023,7.6
ESCUELA RURAL CHAMPULLI,16-11-2023,22.5
ESCUELA RURAL CHAMPULLI,17-11-2023,4.2
ESCUELA RURAL CHAMPULLI,18-11-2023,4.1
ESCUELA RURAL CHAMPULLI,19-11-2023,4.3
ESCUELA RURAL CHAMPULLI,20-11-2023,6.2
ESCUELA RURAL CHAMPULLI,21-11-2023,0
ESCUELA RURAL CHAMPULLI,22-11-2023,0.1
ESCUELA RURAL CHAMPULLI,23-11-2023,0.1
ESCUELA RURAL CHAMPULLI,24-11-2023,0
ESCUELA RURAL CHAMPULLI,25-11-2023,0
ESCUELA RURAL CHAMPULLI,26-11-2023,0
ESCUELA RURAL CHAMPULLI,27-11-2023,1.1
ESCUELA RURAL CHAMPULLI,28-11-2023,0
ESCUELA RURAL CHAMPULLI,29-11-2023,0
ESCUELA RURAL CHAMPULLI,30-11-2023,4.4
ESCUELA RURAL CHAMPULLI,01-12-2023,5.8
ESCUELA RURAL CHAMPULLI,02-12-2023,0.8
ESCUELA RURAL CHAMPULLI,03-12-2023,0
ESCUELA RURAL CHAMPULLI,04-12-2023,0
ESCUELA RURAL CHAMPULLI,05-12-2023,0
ESCUELA RURAL CHAMPULLI,06-12-2023,0
ESCUELA RURAL CHAMPULLI,07-12-2023,0
ESCUELA RURAL CHAMPULLI,08-12-2023,0
ESCUELA RURAL CHAMPULLI,09-12-2023,0
ESCUELA RURAL CHAMPULLI,10-12-2023,0
ESCUELA RURAL CHAMPULLI,11-12-2023,4.5
ESCUELA RURAL CHAMPULLI,12-12-2023,0
ESCUELA RURAL CHAMPULLI,13-12-2023,0
ESCUELA RURAL CHAMPULLI,14-12-2023,0
ESCUELA RURAL CHAMPULLI,15-12-2023,0
ESCUELA RURAL CHAMPULLI,16-12-2023,15.2
ESCUELA RURAL CHAMPULLI,17-12-2023,1.5
ESCUELA RURAL CHAMPULLI,18-12-2023,0
ESCUELA RURAL CHAMPULLI,19-12-2023,0
ESCUELA RURAL CHAMPULLI,20-12-2023,0
ESCUELA RURAL CHAMPULLI,21-12-2023,0
ESCUELA RURAL CHAMPULLI,22-12-2023,0
ESCUELA RURAL CHAMPULLI,23-12-2023,0
ESCUELA RURAL CHAMPULLI,24-12-2023,0
ESCUELA RURAL CHAMPULLI,25-12-2023,0
ESCUELA RURAL CHAMPULLI,26-12-2023,0
ESCUELA RURAL CHAMPULLI,27-12-2023,0
ESCUELA RURAL CHAMPULLI,28-12-2023,0
ESCUELA RURAL CHAMPULLI,29-12-2023,0
ESCUELA RURAL CHAMPULLI,30-12-2023,0
ESCUELA RURAL CHAMPULLI,31-12-2023,0
ESCUELA RURAL CHAMPULLI,01-01-2024,0
ESCUELA RURAL CHAMPULLI,02-01-2024,0
ESCUELA RURAL CHAMPULLI,03-01-2024,0
ESCUELA RURAL CHAMPULLI,04-01-2024,0
ESCUELA RURAL CHAMPULLI,05-01-2024,4.1
ESCUELA RURAL CHAMPULLI,06-01-2024,7.1
ESCUELA RURAL CHAMPULLI,07-01-2024,2.6
ESCUELA RURAL CHAMPULLI,08-01-2024,0
ESCUELA RURAL CHAMPULLI,09-01-2024,0
ESCUELA RURAL CHAMPULLI,10-01-2024,0
ESCUELA RURAL CHAMPULLI,11-01-2024,0
ESCUELA RURAL CHAMPULLI,12-01-2024,0
ESCUELA RURAL CHAMPULLI,13-01-2024,0
ESCUELA RURAL CHAMPULLI,14-01-2024,0.1
ESCUELA RURAL CHAMPULLI,15-01-2024,0
ESCUELA RURAL CHAMPULLI,16-01-2024,0
ESCUELA RURAL CHAMPULLI,17-01-2024,1
ESCUELA RURAL CHAMPULLI,18-01-2024,0
ESCUELA RURAL CHAMPULLI,19-01-2024,0
ESCUELA RURAL CHAMPULLI,20-01-2024,0
ESCUELA RURAL CHAMPULLI,21-01-2024,0
ESCUELA RURAL CHAMPULLI,22-01-2024,0
ESCUELA RURAL CHAMPULLI,23-01-2024,0
ESCUELA RURAL CHAMPULLI,24-01-2024,0
ESCUELA RURAL CHAMPULLI,25-01-2024,0
ESCUELA RURAL CHAMPULLI,26-01-2024,0
ESCUELA RURAL CHAMPULLI,27-01-2024,0
ESCUELA RURAL CHAMPULLI,28-01-2024,0
ESCUELA RURAL CHAMPULLI,29-01-2024,0
ESCUELA RURAL CHAMPULLI,30-01-2024,0
ESCUELA RURAL CHAMPULLI,31-01-2024,0
ESCUELA RURAL CHAMPULLI,01-02-2024,0
ESCUELA RURAL CHAMPULLI,02-02-2024,0
ESCUELA RURAL CHAMPULLI,03-02-2024,0
ESCUELA RURAL CHAMPULLI,04-02-2024,0
ESCUELA RURAL CHAMPULLI,05-02-2024,0
ESCUELA RURAL CHAMPULLI,06-02-2024,7.7
ESCUELA RURAL CHAMPULLI,07-02-2024,0
ESCUELA RURAL CHAMPULLI,08-02-2024,0
ESCUELA RURAL CHAMPULLI,09-02-2024,8.6
ESCUELA RURAL CHAMPULLI,10-02-2024,0
ESCUELA RURAL CHAMPULLI,11-02-2024,0
ESCUELA RURAL CHAMPULLI,12-02-2024,0
ESCUELA RURAL CHAMPULLI,13-02-2024,0
ESCUELA RURAL CHAMPULLI,14-02-2024,0
ESCUELA RURAL CHAMPULLI,15-02-2024,0
ESCUELA RURAL CHAMPULLI,16-02-2024,1.1
ESCUELA RURAL CHAMPULLI,17-02-2024,0
ESCUELA RURAL CHAMPULLI,18-02-2024,0
ESCUELA RURAL CHAMPULLI,19-02-2024,0
ESCUELA RURAL CHAMPULLI,20-02-2024,0
ESCUELA RURAL CHAMPULLI,21-02-2024,0.5
ESCUELA RURAL CHAMPULLI,22-02-2024,0.2
ESCUELA RURAL CHAMPULLI,23-02-2024,0
ESCUELA RURAL CHAMPULLI,24-02-2024,0
ESCUELA RURAL CHAMPULLI,25-02-2024,0
ESCUELA RURAL CHAMPULLI,26-02-2024,0
ESCUELA RURAL CHAMPULLI,27-02-2024,4
ESCUELA RURAL CHAMPULLI,28-02-2024,0.1
ESCUELA RURAL CHAMPULLI,29-02-2024,0
ESCUELA RURAL CHAMPULLI,01-05-2024,0.1
ESCUELA RURAL CHAMPULLI,02-05-2024,0
ESCUELA RURAL CHAMPULLI,03-05-2024,32.8
ESCUELA RURAL CHAMPULLI,04-05-2024,6.6
ESCUELA RURAL CHAMPULLI,05-05-2024,43.3
ESCUELA RURAL CHAMPULLI,06-05-2024,40.6
ESCUELA RURAL CHAMPULLI,07-05-2024,1.5
ESCUELA RURAL CHAMPULLI,08-05-2024,6.7
ESCUELA RURAL CHAMPULLI,09-05-2024,6.1
ESCUELA RURAL CHAMPULLI,10-05-2024,1.6
ESCUELA RURAL CHAMPULLI,11-05-2024,0.1
ESCUELA RURAL CHAMPULLI,12-05-2024,0
ESCUELA RURAL CHAMPULLI,13-05-2024,0
ESCUELA RURAL CHAMPULLI,14-05-2024,0.1
ESCUELA RURAL CHAMPULLI,15-05-2024,0.1
ESCUELA RURAL CHAMPULLI,16-05-2024,0.1
ESCUELA RURAL CHAMPULLI,17-05-2024,0.1
ESCUELA RURAL CHAMPULLI,18-05-2024,0.5
ESCUELA RURAL CHAMPULLI,19-05-2024,13.9
ESCUELA RURAL CHAMPULLI,20-05-2024,13.2
ESCUELA RURAL CHAMPULLI,21-05-2024,3.7
ESCUELA RURAL CHAMPULLI,22-05-2024,0
ESCUELA RURAL CHAMPULLI,23-05-2024,0.1
ESCUELA RURAL CHAMPULLI,24-05-2024,0
ESCUELA RURAL CHAMPULLI,25-05-2024,0.1
ESCUELA RURAL CHAMPULLI,26-05-2024,0
ESCUELA RURAL CHAMPULLI,27-05-2024,0.1
ESCUELA RURAL CHAMPULLI,28-05-2024,4.6
ESCUELA RURAL CHAMPULLI,29-05-2024,0.1
ESCUELA RURAL CHAMPULLI,30-05-2024,6.9
ESCUELA RURAL CHAMPULLI,31-05-2024,24.5
ESCUELA RURAL CHAMPULLI,01-06-2024,4.6
ESCUELA RURAL CHAMPULLI,02-06-2024,0
ESCUELA RURAL CHAMPULLI,03-06-2024,1.7
ESCUELA RURAL CHAMPULLI,04-06-2024,12.3
ESCUELA RURAL CHAMPULLI,05-06-2024,13
ESCUELA RURAL CHAMPULLI,06-06-2024,0
ESCUELA RURAL CHAMPULLI,07-06-2024,6.6
ESCUELA RURAL CHAMPULLI,08-06-2024,18
ESCUELA RURAL CHAMPULLI,09-06-2024,18.8
ESCUELA RURAL CHAMPULLI,10-06-2024,21.4
ESCUELA RURAL CHAMPULLI,11-06-2024,20.6
ESCUELA RURAL CHAMPULLI,12-06-2024,22.1
ESCUELA RURAL CHAMPULLI,13-06-2024,10.4
ESCUELA RURAL CHAMPULLI,14-06-2024,5.5
ESCUELA RURAL CHAMPULLI,15-06-2024,0
ESCUELA RURAL CHAMPULLI,16-06-2024,20.7
ESCUELA RURAL CHAMPULLI,17-06-2024,15.4
ESCUELA RURAL CHAMPULLI,18-06-2024,2.7
ESCUELA RURAL CHAMPULLI,19-06-2024,9.6
ESCUELA RURAL CHAMPULLI,20-06-2024,42
ESCUELA RURAL CHAMPULLI,21-06-2024,13
ESCUELA RURAL CHAMPULLI,22-06-2024,5.4
ESCUELA RURAL CHAMPULLI,23-06-2024,0.7
ESCUELA RURAL CHAMPULLI,24-06-2024,0.2
ESCUELA RURAL CHAMPULLI,25-06-2024,34.7
ESCUELA RURAL CHAMPULLI,26-06-2024,19.1
ESCUELA RURAL CHAMPULLI,27-06-2024,1.7
ESCUELA RURAL CHAMPULLI,28-06-2024,0.7
ESCUELA RURAL CHAMPULLI,29-06-2024,0.6
ESCUELA RURAL CHAMPULLI,30-06-2024,4.6
ESCUELA RURAL CHAMPULLI,01-07-2024,32.3
ESCUELA RURAL CHAMPULLI,02-07-2024,3.5
ESCUELA RURAL CHAMPULLI,03-07-2024,6.1
ESCUELA RURAL CHAMPULLI,04-07-2024,0.4
ESCUELA RURAL CHAMPULLI,05-07-2024,0.3
ESCUELA RURAL CHAMPULLI,06-07-2024,0.3
ESCUELA RURAL CHAMPULLI,07-07-2024,0
ESCUELA RURAL CHAMPULLI,08-07-2024,0.1
ESCUELA RURAL CHAMPULLI,09-07-2024,0.1
ESCUELA RURAL CHAMPULLI,10-07-2024,0.1
ESCUELA RURAL CHAMPULLI,11-07-2024,0.1
ESCUELA RURAL CHAMPULLI,12-07-2024,0
ESCUELA RURAL CHAMPULLI,13-07-2024,0.1
ESCUELA RURAL CHAMPULLI,14-07-2024,0.1
ESCUELA RURAL CHAMPULLI,15-07-2024,9.2
ESCUELA RURAL CHAMPULLI,16-07-2024,0
ESCUELA RURAL CHAMPULLI,17-07-2024,7.7
ESCUELA RURAL CHAMPULLI,18-07-2024,0.1
ESCUELA RURAL CHAMPULLI,19-07-2024,0.1
ESCUELA RURAL CHAMPULLI,20-07-2024,0
ESCUELA RURAL CHAMPULLI,21-07-2024,0.2
ESCUELA RURAL CHAMPULLI,22-07-2024,0.3
ESCUELA RURAL CHAMPULLI,23-07-2024,0
ESCUELA RURAL CHAMPULLI,24-07-2024,15.2
ESCUELA RURAL CHAMPULLI,25-07-2024,0
ESCUELA RURAL CHAMPULLI,26-07-2024,5.2
ESCUELA RURAL CHAMPULLI,27-07-2024,0.1
ESCUELA RURAL CHAMPULLI,28-07-2024,0.1
ESCUELA RURAL CHAMPULLI,29-07-2024,0
ESCUELA RURAL CHAMPULLI,30-07-2024,0.1
ESCUELA RURAL CHAMPULLI,31-07-2024,24.9
ESCUELA RURAL CHAMPULLI,01-08-2024,39.5
ESCUELA RURAL CHAMPULLI,02-08-2024,8.4
ESCUELA RURAL CHAMPULLI,03-08-2024,1.2
ESCUELA RURAL CHAMPULLI,04-08-2024,6.4
ESCUELA RURAL CHAMPULLI,05-08-2024,1.4
ESCUELA RURAL CHAMPULLI,06-08-2024,0
ESCUELA RURAL CHAMPULLI,07-08-2024,0.2
ESCUELA RURAL CHAMPULLI,08-08-2024,0.2
ESCUELA RURAL CHAMPULLI,09-08-2024,10
ESCUELA RURAL CHAMPULLI,10-08-2024,0
ESCUELA RURAL CHAMPULLI,11-08-2024,0.1
ESCUELA RURAL CHAMPULLI,12-08-2024,0
ESCUELA RURAL CHAMPULLI,13-08-2024,15.1
ESCUELA RURAL CHAMPULLI,14-08-2024,1.5
ESCUELA RURAL CHAMPULLI,15-08-2024,0
ESCUELA RURAL CHAMPULLI,16-08-2024,0.2
ESCUELA RURAL CHAMPULLI,17-08-2024,0.1
ESCUELA RURAL CHAMPULLI,18-08-2024,0
ESCUELA RURAL CHAMPULLI,19-08-2024,0.1
ESCUELA RURAL CHAMPULLI,20-08-2024,0.4
ESCUELA RURAL CHAMPULLI,21-08-2024,4.1
ESCUELA RURAL CHAMPULLI,22-08-2024,1.5
ESCUELA RURAL CHAMPULLI,23-08-2024,0.1
ESCUELA RURAL CHAMPULLI,24-08-2024,0
ESCUELA RURAL CHAMPULLI,25-08-2024,6
ESCUELA RURAL CHAMPULLI,26-08-2024,2.5
ESCUELA RURAL CHAMPULLI,27-08-2024,0.1
ESCUELA RURAL CHAMPULLI,28-08-2024,0
ESCUELA RURAL CHAMPULLI,29-08-2024,0
ESCUELA RURAL CHAMPULLI,30-08-2024,0.1
ESCUELA RURAL CHAMPULLI,31-08-2024,0
ESCUELA RURAL CHAMPULLI,01-09-2024,13.9
ESCUELA RURAL CHAMPULLI,02-09-2024,5.1
ESCUELA RURAL CHAMPULLI,03-09-2024,11.5
ESCUELA RURAL CHAMPULLI,04-09-2024,0.2
ESCUELA RURAL CHAMPULLI,05-09-2024,9.6
ESCUELA RURAL CHAMPULLI,06-09-2024,0.3
ESCUELA RURAL CHAMPULLI,07-09-2024,1.2
ESCUELA RURAL CHAMPULLI,08-09-2024,0
ESCUELA RURAL CHAMPULLI,09-09-2024,10.2
ESCUELA RURAL CHAMPULLI,10-09-2024,0.3
ESCUELA RURAL CHAMPULLI,11-09-2024,0
ESCUELA RURAL CHAMPULLI,12-09-2024,0.1
ESCUELA RURAL CHAMPULLI,13-09-2024,4.2
ESCUELA RURAL CHAMPULLI,14-09-2024,0.1
ESCUELA RURAL CHAMPULLI,15-09-2024,0
ESCUELA RURAL CHAMPULLI,16-09-2024,0
ESCUELA RURAL CHAMPULLI,17-09-2024,0.1
ESCUELA RURAL CHAMPULLI,18-09-2024,0.8
ESCUELA RURAL CHAMPULLI,19-09-2024,2
ESCUELA RURAL CHAMPULLI,20-09-2024,17.6
ESCUELA RURAL CHAMPULLI,21-09-2024,4.3
ESCUELA RURAL CHAMPULLI,22-09-2024,13.2
ESCUELA RURAL CHAMPULLI,23-09-2024,0.2
ESCUELA RURAL CHAMPULLI,24-09-2024,5.6
ESCUELA RURAL CHAMPULLI,25-09-2024,0.1
ESCUELA RURAL CHAMPULLI,26-09-2024,0.6
ESCUELA RURAL CHAMPULLI,27-09-2024,4.5
ESCUELA RURAL CHAMPULLI,28-09-2024,9.7
ESCUELA RURAL CHAMPULLI,29-09-2024,42.4
ESCUELA RURAL CHAMPULLI,30-09-2024,0.1
ESCUELA RURAL CHAMPULLI,01-10-2024,1.4
ESCUELA RURAL CHAMPULLI,02-10-2024,0
ESCUELA RURAL CHAMPULLI,03-10-2024,0
ESCUELA RURAL CHAMPULLI,04-10-2024,0
ESCUELA RURAL CHAMPULLI,05-10-2024,0
ESCUELA RURAL CHAMPULLI,06-10-2024,0
ESCUELA RURAL CHAMPULLI,07-10-2024,0
ESCUELA RURAL CHAMPULLI,08-10-2024,0.3
ESCUELA RURAL CHAMPULLI,09-10-2024,0
ESCUELA RURAL CHAMPULLI,10-10-2024,14.3
ESCUELA RURAL CHAMPULLI,11-10-2024,0.8
ESCUELA RURAL CHAMPULLI,12-10-2024,0
ESCUELA RURAL CHAMPULLI,13-10-2024,0
ESCUELA RURAL CHAMPULLI,14-10-2024,0
ESCUELA RURAL CHAMPULLI,15-10-2024,0
ESCUELA RURAL CHAMPULLI,16-10-2024,5.3
ESCUELA RURAL CHAMPULLI,17-10-2024,0.2
ESCUELA RURAL CHAMPULLI,18-10-2024,0
ESCUELA RURAL CHAMPULLI,19-10-2024,0.3
ESCUELA RURAL CHAMPULLI,20-10-2024,6.2
ESCUELA RURAL CHAMPULLI,21-10-2024,0
ESCUELA RURAL CHAMPULLI,22-10-2024,0
ESCUELA RURAL CHAMPULLI,23-10-2024,0
ESCUELA RURAL CHAMPULLI,24-10-2024,2.3
ESCUELA RURAL CHAMPULLI,25-10-2024,0.1
ESCUELA RURAL CHAMPULLI,26-10-2024,0
ESCUELA RURAL CHAMPULLI,27-10-2024,0
ESCUELA RURAL CHAMPULLI,28-10-2024,0
ESCUELA RURAL CHAMPULLI,29-10-2024,0
ESCUELA RURAL CHAMPULLI,30-10-2024,0
ESCUELA RURAL CHAMPULLI,31-10-2024,0
ESCUELA RURAL CHAMPULLI,01-11-2024,10.1
ESCUELA RURAL CHAMPULLI,02-11-2024,0.1
ESCUELA RURAL CHAMPULLI,03-11-2024,16.4
ESCUELA RURAL CHAMPULLI,04-11-2024,5.1
ESCUELA RURAL CHAMPULLI,05-11-2024,3.8
ESCUELA RURAL CHAMPULLI,06-11-2024,0
ESCUELA RURAL CHAMPULLI,07-11-2024,0
ESCUELA RURAL CHAMPULLI,08-11-2024,23.2
ESCUELA RURAL CHAMPULLI,09-11-2024,2.3
ESCUELA RURAL CHAMPULLI,10-11-2024,7.3
ESCUELA RURAL CHAMPULLI,11-11-2024,0
ESCUELA RURAL CHAMPULLI,12-11-2024,0
ESCUELA RURAL CHAMPULLI,13-11-2024,0
ESCUELA RURAL CHAMPULLI,14-11-2024,16
ESCUELA RURAL CHAMPULLI,15-11-2024,0.4
ESCUELA RURAL CHAMPULLI,16-11-2024,0
ESCUELA RURAL CHAMPULLI,17-11-2024,0
ESCUELA RURAL CHAMPULLI,18-11-2024,0
ESCUELA RURAL CHAMPULLI,19-11-2024,0
ESCUELA RURAL CHAMPULLI,20-11-2024,0
ESCUELA RURAL CHAMPULLI,21-11-2024,0
ESCUELA RURAL CHAMPULLI,22-11-2024,0.6
ESCUELA RURAL CHAMPULLI,23-11-2024,3.2
ESCUELA RURAL CHAMPULLI,24-11-2024,9.2
ESCUELA RURAL CHAMPULLI,25-11-2024,13.8
ESCUELA RURAL CHAMPULLI,26-11-2024,10.4
ESCUELA RURAL CHAMPULLI,27-11-2024,9.2
ESCUELA RURAL CHAMPULLI,28-11-2024,0.2
ESCUELA RURAL CHAMPULLI,29-11-2024,0
ESCUELA RURAL CHAMPULLI,30-11-2024,0
ESCUELA RURAL CHAMPULLI,01-12-2024,2.5
ESCUELA RURAL CHAMPULLI,02-12-2024,0
ESCUELA RURAL CHAMPULLI,03-12-2024,0
ESCUELA RURAL CHAMPULLI,04-12-2024,5.3
ESCUELA RURAL CHAMPULLI,05-12-2024,5.8
ESCUELA RURAL CHAMPULLI,06-12-2024,0.1
ESCUELA RURAL CHAMPULLI,07-12-2024,0
ESCUELA RURAL CHAMPULLI,08-12-2024,0
ESCUELA RURAL CHAMPULLI,09-12-2024,0
ESCUELA RURAL CHAMPULLI,10-12-2024,0
ESCUELA RURAL CHAMPULLI,11-12-2024,0
ESCUELA RURAL CHAMPULLI,12-12-2024,0
ESCUELA RURAL CHAMPULLI,13-12-2024,0
ESCUELA RURAL CHAMPULLI,14-12-2024,0
ESCUELA RURAL CHAMPULLI,15-12-2024,0
ESCUELA RURAL CHAMPULLI,16-12-2024,0
ESCUELA RURAL CHAMPULLI,17-12-2024,1.4
ESCUELA RURAL CHAMPULLI,18-12-2024,0
ESCUELA RURAL CHAMPULLI,19-12-2024,1.3
ESCUELA RURAL CHAMPULLI,20-12-2024,0
ESCUELA RURAL CHAMPULLI,21-12-2024,0
ESCUELA RURAL CHAMPULLI,22-12-2024,0.1
ESCUELA RURAL CHAMPULLI,23-12-2024,0
ESCUELA RURAL CHAMPULLI,24-12-2024,0
ESCUELA RURAL CHAMPULLI,25-12-2024,0
ESCUELA RURAL CHAMPULLI,26-12-2024,0
ESCUELA RURAL CHAMPULLI,27-12-2024,0
ESCUELA RURAL CHAMPULLI,28-12-2024,0
ESCUELA RURAL CHAMPULLI,29-12-2024,0.9
ESCUELA RURAL CHAMPULLI,30-12-2024,5.3
ESCUELA RURAL CHAMPULLI,31-12-2024,0
ESCUELA RURAL CHAMPULLI,01-08-2025,14.1
ESCUELA RURAL CHAMPULLI,02-08-2025,5.5
ESCUELA RURAL CHAMPULLI,03-08-2025,0.1
ESCUELA RURAL CHAMPULLI,04-08-2025,3
ESCUELA RURAL CHAMPULLI,05-08-2025,5.7
ESCUELA RURAL CHAMPULLI,06-08-2025,0.4
ESCUELA RURAL CHAMPULLI,07-08-2025,0
ESCUELA RURAL CHAMPULLI,08-08-2025,0
ESCUELA RURAL CHAMPULLI,09-08-2025,3.3
ESCUELA RURAL CHAMPULLI,10-08-2025,5.1
ESCUELA RURAL CHAMPULLI,11-08-2025,15.4
ESCUELA RURAL CHAMPULLI,12-08-2025,0.4
ESCUELA RURAL CHAMPULLI,13-08-2025,0
ESCUELA RURAL CHAMPULLI,14-08-2025,0.1
ESCUELA RURAL CHAMPULLI,15-08-2025,0
ESCUELA RURAL CHAMPULLI,16-08-2025,0
ESCUELA RURAL CHAMPULLI,17-08-2025,0
ESCUELA RURAL CHAMPULLI,18-08-2025,0
ESCUELA RURAL CHAMPULLI,19-08-2025,11.1
ESCUELA RURAL CHAMPULLI,20-08-2025,5.2
ESCUELA RURAL CHAMPULLI,21-08-2025,11.8
ESCUELA RURAL CHAMPULLI,22-08-2025,2.2
ESCUELA RURAL CHAMPULLI,23-08-2025,3.4
ESCUELA RURAL CHAMPULLI,24-08-2025,0.1
ESCUELA RURAL CHAMPULLI,25-08-2025,1.1
ESCUELA RURAL CHAMPULLI,26-08-2025,0
ESCUELA RURAL CHAMPULLI,27-08-2025,0.1
ESCUELA RURAL CHAMPULLI,28-08-2025,0
ESCUELA RURAL CHAMPULLI,29-08-2025,0
ESCUELA RURAL CHAMPULLI,30-08-2025,0
ESCUELA RURAL CHAMPULLI,31-08-2025,0
ESCUELA RURAL CHAMPULLI,01-09-2025,7.4
ESCUELA RURAL CHAMPULLI,02-09-2025,1.1
ESCUELA RURAL CHAMPULLI,03-09-2025,0.1
ESCUELA RURAL CHAMPULLI,04-09-2025,0
ESCUELA RURAL CHAMPULLI,05-09-2025,0
ESCUELA RURAL CHAMPULLI,06-09-2025,0
ESCUELA RURAL CHAMPULLI,07-09-2025,1.4
ESCUELA RURAL CHAMPULLI,08-09-2025,36.4
ESCUELA RURAL CHAMPULLI,09-09-2025,14
ESCUELA RURAL CHAMPULLI,10-09-2025,0.1
ESCUELA RURAL CHAMPULLI,11-09-2025,0.1
ESCUELA RURAL CHAMPULLI,12-09-2025,16.2
ESCUELA RURAL CHAMPULLI,13-09-2025,3.9
ESCUELA RURAL CHAMPULLI,14-09-2025,0
ESCUELA RURAL CHAMPULLI,15-09-2025,0
ESCUELA RURAL CHAMPULLI,16-09-2025,0
ESCUELA RURAL CHAMPULLI,17-09-2025,5.8
ESCUELA RURAL CHAMPULLI,18-09-2025,10.1
ESCUELA RURAL CHAMPULLI,19-09-2025,17.2
ESCUELA RURAL CHAMPULLI,20-09-2025,4
ESCUELA RURAL CHAMPULLI,21-09-2025,0.8
ESCUELA RURAL CHAMPULLI,22-09-2025,0
ESCUELA RURAL CHAMPULLI,23-09-2025,0
ESCUELA RURAL CHAMPULLI,24-09-2025,0
ESCUELA RURAL CHAMPULLI,25-09-2025,7
ESCUELA RURAL CHAMPULLI,26-09-2025,3.4
ESCUELA RURAL CHAMPULLI,27-09-2025,13.6
ESCUELA RURAL CHAMPULLI,28-09-2025,0
ESCUELA RURAL CHAMPULLI,29-09-2025,6.6
ESCUELA RURAL CHAMPULLI,30-09-2025,0.5
ESCUELA RURAL CHAMPULLI,23-10-2025,0.38
ESCUELA RURAL CHAMPULLI,24-10-2025,12.09
ESCUELA RURAL CHAMPULLI,25-10-2025,8.41
ESCUELA RURAL CHAMPULLI,26-10-2025,11.64
ESCUELA RURAL CHAMPULLI,27-10-2025,46.78
ESCUELA RURAL CHAMPULLI,28-10-2025,0
ESCUELA RURAL CHAMPULLI,29-10-2025,0
ESCUELA RURAL CHAMPULLI,30-10-2025,2
ESCUELA RURAL CHAMPULLI,31-10-2025,0.1
ESCUELA RURAL CHAMPULLI,01-11-2025,0
ESCUELA RURAL CHAMPULLI,02-11-2025,0
ESCUELA RURAL CHAMPULLI,03-11-2025,0
ESCUELA RURAL CHAMPULLI,04-11-2025,0
ESCUELA RURAL CHAMPULLI,05-11-2025,0
ESCUELA RURAL CHAMPULLI,06-11-2025,0.3
ESCUELA RURAL CHAMPULLI,07-11-2025,0
ESCUELA RURAL CHAMPULLI,08-11-2025,0
ESCUELA RURAL CHAMPULLI,09-11-2025,0
ESCUELA RURAL CHAMPULLI,10-11-2025,1.9
ESCUELA RURAL CHAMPULLI,11-11-2025,0.9
ESCUELA RURAL CHAMPULLI,12-11-2025,0
ESCUELA RURAL CHAMPULLI,13-11-2025,0
ESCUELA RURAL CHAMPULLI,14-11-2025,0
ESCUELA RURAL CHAMPULLI,15-11-2025,1.4
ESCUELA RURAL CHAMPULLI,16-11-2025,0
ESCUELA RURAL CHAMPULLI,17-11-2025,2.1
ESCUELA RURAL CHAMPULLI,18-11-2025,0
ESCUELA RURAL CHAMPULLI,19-11-2025,1.4
ESCUELA RURAL CHAMPULLI,20-11-2025,0
ESCUELA RURAL CHAMPULLI,21-11-2025,0
ESCUELA RURAL CHAMPULLI,22-11-2025,0
ESCUELA RURAL CHAMPULLI,23-11-2025,0
ESCUELA RURAL CHAMPULLI,24-11-2025,0
ESCUELA RURAL CHAMPULLI,25-11-2025,0
ESCUELA RURAL CHAMPULLI,26-11-2025,0
ESCUELA RURAL CHAMPULLI,27-11-2025,0
ESCUELA RURAL CHAMPULLI,28-11-2025,2.2
ESCUELA RURAL CHAMPULLI,29-11-2025,1.8
ESCUELA RURAL CHAMPULLI,30-11-2025,13.8
ESCUELA RURAL CHAMPULLI,01-12-2025,0
ESCUELA RURAL CHAMPULLI,02-12-2025,0
ESCUELA RURAL CHAMPULLI,03-12-2025,0.3
ESCUELA RURAL CHAMPULLI,04-12-2025,0.2
ESCUELA RURAL CHAMPULLI,05-12-2025,0
ESCUELA RURAL CHAMPULLI,06-12-2025,0
ESCUELA RURAL CHAMPULLI,07-12-2025,0
ESCUELA RURAL CHAMPULLI,08-12-2025,0
ESCUELA RURAL CHAMPULLI,09-12-2025,0
ESCUELA RURAL CHAMPULLI,10-12-2025,0
ESCUELA RURAL CHAMPULLI,11-12-2025,1.2
ESCUELA RURAL CHAMPULLI,12-12-2025,4
ESCUELA RURAL CHAMPULLI,13-12-2025,1.7
ESCUELA RURAL CHAMPULLI,14-12-2025,1.2
ESCUELA RURAL CHAMPULLI,15-12-2025,0.8
ESCUELA RURAL CHAMPULLI,16-12-2025,0.1
ESCUELA RURAL CHAMPULLI,17-12-2025,0.1
ESCUELA RURAL CHAMPULLI,18-12-2025,0
ESCUELA RURAL CHAMPULLI,19-12-2025,7
ESCUELA RURAL CHAMPULLI,20-12-2025,36
ESCUELA RURAL CHAMPULLI,21-12-2025,0
ESCUELA RURAL CHAMPULLI,22-12-2025,2.3
ESCUELA RURAL CHAMPULLI,23-12-2025,0.6
ESCUELA RURAL CHAMPULLI,24-12-2025,0.8
ESCUELA RURAL CHAMPULLI,25-12-2025,0.5
ESCUELA RURAL CHAMPULLI,26-12-2025,0
ESCUELA RURAL CHAMPULLI,27-12-2025,0
ESCUELA RURAL CHAMPULLI,28-12-2025,0
ESCUELA RURAL CHAMPULLI,29-12-2025,0
ESCUELA RURAL CHAMPULLI,30-12-2025,0
ESCUELA RURAL CHAMPULLI,31-12-2025,0
ESCUELA RURAL CHAMPULLI,01-01-2026,0
ESCUELA RURAL CHAMPULLI,02-01-2026,0
ESCUELA RURAL CHAMPULLI,03-01-2026,0
ESCUELA RURAL CHAMPULLI,04-01-2026,0
ESCUELA RURAL CHAMPULLI,05-01-2026,0
ESCUELA RURAL CHAMPULLI,06-01-2026,0
ESCUELA RURAL CHAMPULLI,07-01-2026,0
ESCUELA RURAL CHAMPULLI,08-01-2026,0.1
ESCUELA RURAL CHAMPULLI,09-01-2026,0
ESCUELA RURAL CHAMPULLI,10-01-2026,0
ESCUELA RURAL CHAMPULLI,11-01-2026,12.4
ESCUELA RURAL CHAMPULLI,12-01-2026,0.1
ESCUELA RURAL CHAMPULLI,13-01-2026,0
ESCUELA RURAL CHAMPULLI,14-01-2026,12.6
ESCUELA RURAL CHAMPULLI,15-01-2026,0
ESCUELA RURAL CHAMPULLI,16-01-2026,0
ESCUELA RURAL CHAMPULLI,17-01-2026,0
ESCUELA RURAL CHAMPULLI,18-01-2026,0
ESCUELA RURAL CHAMPULLI,19-01-2026,0
ESCUELA RURAL CHAMPULLI,20-01-2026,0
ESCUELA RURAL CHAMPULLI,21-01-2026,0.2
ESCUELA RURAL CHAMPULLI,22-01-2026,0.1
ESCUELA RURAL CHAMPULLI,23-01-2026,0
ESCUELA RURAL CHAMPULLI,24-01-2026,0
ESCUELA RURAL CHAMPULLI,25-01-2026,0
ESCUELA RURAL CHAMPULLI,26-01-2026,0
ESCUELA RURAL CHAMPULLI,27-01-2026,7.3
ESCUELA RURAL CHAMPULLI,28-01-2026,0
ESCUELA RURAL CHAMPULLI,29-01-2026,0
ESCUELA RURAL CHAMPULLI,30-01-2026,5.3
ESCUELA RURAL CHAMPULLI,31-01-2026,0.1
ESCUELA RURAL CHAMPULLI,01-02-2026,0
ESCUELA RURAL CHAMPULLI,02-02-2026,8.2
ESCUELA RURAL CHAMPULLI,03-02-2026,14
ESCUELA RURAL CHAMPULLI,04-02-2026,0
ESCUELA RURAL CHAMPULLI,05-02-2026,0
ESCUELA RURAL CHAMPULLI,06-02-2026,0
ESCUELA RURAL CHAMPULLI,07-02-2026,0
ESCUELA RURAL CHAMPULLI,08-02-2026,1.5
ESCUELA RURAL CHAMPULLI,09-02-2026,0.8
ESCUELA RURAL CHAMPULLI,10-02-2026,15.4
ESCUELA RURAL CHAMPULLI,11-02-2026,1.2
ESCUELA RURAL CHAMPULLI,12-02-2026,0
ESCUELA RURAL CHAMPULLI,13-02-2026,0
ESCUELA RURAL CHAMPULLI,14-02-2026,0
ESCUELA RURAL CHAMPULLI,15-02-2026,0
ESCUELA RURAL CHAMPULLI,16-02-2026,7.2
ESCUELA RURAL CHAMPULLI,17-02-2026,0
ESCUELA RURAL CHAMPULLI,18-02-2026,0
ESCUELA RURAL CHAMPULLI,19-02-2026,0
ESCUELA RURAL CHAMPULLI,20-02-2026,0
ESCUELA RURAL CHAMPULLI,21-02-2026,0
ESCUELA RURAL CHAMPULLI,22-02-2026,0
ESCUELA RURAL CHAMPULLI,23-02-2026,0
ESCUELA RURAL CHAMPULLI,24-02-2026,0
ESCUELA RURAL CHAMPULLI,25-02-2026,0
ESCUELA RURAL CHAMPULLI,26-02-2026,0
ESCUELA RURAL CHAMPULLI,27-02-2026,12.4
ESCUELA RURAL CHAMPULLI,28-02-2026,9.4
ESCUELA RURAL CHAMPULLI,01-03-2026,10.9
ESCUELA RURAL CHAMPULLI,02-03-2026,1.4
ESCUELA RURAL CHAMPULLI,03-03-2026,7
ESCUELA RURAL CHAMPULLI,04-03-2026,0
ESCUELA RURAL CHAMPULLI,05-03-2026,0
ESCUELA RURAL CHAMPULLI,06-03-2026,0
ESCUELA RURAL CHAMPULLI,07-03-2026,0
ESCUELA RURAL CHAMPULLI,08-03-2026,0
ESCUELA RURAL CHAMPULLI,09-03-2026,0
ESCUELA RURAL CHAMPULLI,10-03-2026,0
ESCUELA RURAL CHAMPULLI,11-03-2026,0.7
ESCUELA RURAL CHAMPULLI,12-03-2026,0
ESCUELA RURAL CHAMPULLI,13-03-2026,0
ESCUELA RURAL CHAMPULLI,14-03-2026,42.7
ESCUELA RURAL CHAMPULLI,15-03-2026,5.3
ESCUELA RURAL CHAMPULLI,16-03-2026,29.3
ESCUELA RURAL CHAMPULLI,17-03-2026,0
ESCUELA RURAL CHAMPULLI,18-03-2026,39.6
ESCUELA RURAL CHAMPULLI,19-03-2026,1.5
ESCUELA RURAL CHAMPULLI,20-03-2026,1.4
ESCUELA RURAL CHAMPULLI,21-03-2026,16.9
ESCUELA RURAL CHAMPULLI,22-03-2026,6.2
ESCUELA RURAL CHAMPULLI,23-03-2026,12.6
ESCUELA RURAL CHAMPULLI,24-03-2026,4.2
ESCUELA RURAL CHAMPULLI,25-03-2026,0.1
ESCUELA RURAL CHAMPULLI,26-03-2026,0
ESCUELA RURAL CHAMPULLI,27-03-2026,0
ESCUELA RURAL CHAMPULLI,28-03-2026,0.5
ESCUELA RURAL CHAMPULLI,29-03-2026,0.2
ESCUELA RURAL CHAMPULLI,30-03-2026,10.6
ESCUELA RURAL CHAMPULLI,31-03-2026,0.1
ESCUELA RURAL CHAMPULLI,01-04-2026,0
ESCUELA RURAL CHAMPULLI,02-04-2026,0.1
ESCUELA RURAL CHAMPULLI,03-04-2026,0.5
ESCUELA RURAL CHAMPULLI,04-04-2026,0
ESCUELA RURAL CHAMPULLI,05-04-2026,0
ESCUELA RURAL CHAMPULLI,06-04-2026,0
ESCUELA RURAL CHAMPULLI,07-04-2026,0.2
ESCUELA RURAL CHAMPULLI,08-04-2026,0.1
ESCUELA RURAL CHAMPULLI,09-04-2026,0
ESCUELA RURAL CHAMPULLI,10-04-2026,0
ESCUELA RURAL CHAMPULLI,11-04-2026,10.8
ESCUELA RURAL CHAMPULLI,12-04-2026,0.1
ESCUELA RURAL CHAMPULLI,13-04-2026,6.7
ESCUELA RURAL CHAMPULLI,14-04-2026,0.5
ESCUELA RURAL CHAMPULLI,15-04-2026,2.1
ESCUELA RURAL CHAMPULLI,16-04-2026,8.2
ESCUELA RURAL CHAMPULLI,17-04-2026,9.8
ESCUELA RURAL CHAMPULLI,18-04-2026,2.3
ESCUELA RURAL CHAMPULLI,19-04-2026,0
ESCUELA RURAL CHAMPULLI,20-04-2026,0.1
ESCUELA RURAL CHAMPULLI,21-04-2026,5.8
ESCUELA RURAL CHAMPULLI,22-04-2026,0.3
ESCUELA RURAL CHAMPULLI,23-04-2026,0.6
ESCUELA RURAL CHAMPULLI,24-04-2026,0.2
ESCUELA RURAL CHAMPULLI,25-04-2026,7.6
ESCUELA RURAL CHAMPULLI,26-04-2026,1.7
ESCUELA RURAL CHAMPULLI,27-04-2026,3.3
ESCUELA RURAL CHAMPULLI,28-04-2026,15.1
ESCUELA RURAL CHAMPULLI,29-04-2026,0.1
ESCUELA RURAL CHAMPULLI,30-04-2026,4.6
ESCUELA RURAL CHAMPULLI,01-05-2026,0.1
ESCUELA RURAL CHAMPULLI,02-05-2026,7.1
ESCUELA RURAL CHAMPULLI,03-05-2026,3.9
ESCUELA RURAL CHAMPULLI,04-05-2026,24
ESCUELA RURAL CHAMPULLI,05-05-2026,46.9
ESCUELA RURAL CHAMPULLI,06-05-2026,2.6
ESCUELA RURAL CHAMPULLI,07-05-2026,4.3
ESCUELA RURAL CHAMPULLI,08-05-2026,0.1
ESCUELA RURAL CHAMPULLI,09-05-2026,0
ESCUELA RURAL CHAMPULLI,10-05-2026,0
ESCUELA RURAL CHAMPULLI,11-05-2026,0
ESCUELA RURAL CHAMPULLI,12-05-2026,0
ESCUELA RURAL CHAMPULLI,13-05-2026,0.1
ESCUELA RURAL CHAMPULLI,14-05-2026,0.5
ESCUELA RURAL CHAMPULLI,15-05-2026,0.7
ESCUELA RURAL CHAMPULLI,16-05-2026,0.2
ESCUELA RURAL CHAMPULLI,17-05-2026,0
ESCUELA RURAL CHAMPULLI,18-05-2026,0
ESCUELA RURAL CHAMPULLI,19-05-2026,0
ESCUELA RURAL CHAMPULLI,20-05-2026,0
ESCUELA RURAL CHAMPULLI,21-05-2026,0
ESCUELA RURAL CHAMPULLI,22-05-2026,0.1
ESCUELA RURAL CHAMPULLI,23-05-2026,0
ESCUELA RURAL CHAMPULLI,24-05-2026,0.1
ESCUELA RURAL CHAMPULLI,25-05-2026,0
ESCUELA RURAL CHAMPULLI,26-05-2026,0
ESCUELA RURAL CHAMPULLI,27-05-2026,4.1
ESCUELA RURAL CHAMPULLI,28-05-2026,0.5
ESCUELA RURAL CHAMPULLI,29-05-2026,0
ESCUELA RURAL CHAMPULLI,30-05-2026,0.1
ESCUELA RURAL CHAMPULLI,31-05-2026,0
ESCUELA RURAL CRUCERO,26-12-2022,0.1
ESCUELA RURAL CRUCERO,27-12-2022,0
ESCUELA RURAL CRUCERO,28-12-2022,0
ESCUELA RURAL CRUCERO,29-12-2022,0
ESCUELA RURAL CRUCERO,30-12-2022,0
ESCUELA RURAL CRUCERO,31-12-2022,3.7
ESCUELA RURAL CRUCERO,01-01-2023,0
ESCUELA RURAL CRUCERO,02-01-2023,0.6
ESCUELA RURAL CRUCERO,03-01-2023,0
ESCUELA RURAL CRUCERO,04-01-2023,0.1
ESCUELA RURAL CRUCERO,05-01-2023,0
ESCUELA RURAL CRUCERO,06-01-2023,0
ESCUELA RURAL CRUCERO,07-01-2023,0
ESCUELA RURAL CRUCERO,08-01-2023,0
ESCUELA RURAL CRUCERO,09-01-2023,4.8
ESCUELA RURAL CRUCERO,10-01-2023,0.1
ESCUELA RURAL CRUCERO,11-01-2023,0
ESCUELA RURAL CRUCERO,12-01-2023,0
ESCUELA RURAL CRUCERO,13-01-2023,0
ESCUELA RURAL CRUCERO,14-01-2023,0
ESCUELA RURAL CRUCERO,15-01-2023,0
ESCUELA RURAL CRUCERO,16-01-2023,0
ESCUELA RURAL CRUCERO,17-01-2023,0
ESCUELA RURAL CRUCERO,18-01-2023,0
ESCUELA RURAL CRUCERO,19-01-2023,0
ESCUELA RURAL CRUCERO,20-01-2023,0
ESCUELA RURAL CRUCERO,21-01-2023,0.4
ESCUELA RURAL CRUCERO,22-01-2023,0
ESCUELA RURAL CRUCERO,23-01-2023,19.7
ESCUELA RURAL CRUCERO,24-01-2023,0
ESCUELA RURAL CRUCERO,25-01-2023,0
ESCUELA RURAL CRUCERO,26-01-2023,0
ESCUELA RURAL CRUCERO,27-01-2023,0
ESCUELA RURAL CRUCERO,28-01-2023,0
ESCUELA RURAL CRUCERO,29-01-2023,0.4
ESCUELA RURAL CRUCERO,30-01-2023,0.3
ESCUELA RURAL CRUCERO,31-01-2023,0
ESCUELA RURAL CRUCERO,01-02-2023,0
ESCUELA RURAL CRUCERO,02-02-2023,0
ESCUELA RURAL CRUCERO,03-02-2023,0
ESCUELA RURAL CRUCERO,04-02-2023,0
ESCUELA RURAL CRUCERO,05-02-2023,0
ESCUELA RURAL CRUCERO,06-02-2023,0
ESCUELA RURAL CRUCERO,07-02-2023,0
ESCUELA RURAL CRUCERO,08-02-2023,0
ESCUELA RURAL CRUCERO,09-02-2023,2.7
ESCUELA RURAL CRUCERO,10-02-2023,0.1
ESCUELA RURAL CRUCERO,11-02-2023,5.4
ESCUELA RURAL CRUCERO,12-02-2023,3.6
ESCUELA RURAL CRUCERO,13-02-2023,4.2
ESCUELA RURAL CRUCERO,14-02-2023,0.7
ESCUELA RURAL CRUCERO,15-02-2023,0
ESCUELA RURAL CRUCERO,16-02-2023,0
ESCUELA RURAL CRUCERO,17-02-2023,0
ESCUELA RURAL CRUCERO,18-02-2023,0
ESCUELA RURAL CRUCERO,19-02-2023,0
ESCUELA RURAL CRUCERO,20-02-2023,0
ESCUELA RURAL CRUCERO,21-02-2023,0
ESCUELA RURAL CRUCERO,22-02-2023,0.8
ESCUELA RURAL CRUCERO,23-02-2023,0
ESCUELA RURAL CRUCERO,24-02-2023,6.4
ESCUELA RURAL CRUCERO,25-02-2023,0.1
ESCUELA RURAL CRUCERO,26-02-2023,0
ESCUELA RURAL CRUCERO,27-02-2023,0
ESCUELA RURAL CRUCERO,28-02-2023,0
ESCUELA RURAL CRUCERO,01-03-2023,0
ESCUELA RURAL CRUCERO,02-03-2023,0
ESCUELA RURAL CRUCERO,03-03-2023,0
ESCUELA RURAL CRUCERO,04-03-2023,0
ESCUELA RURAL CRUCERO,05-03-2023,0
ESCUELA RURAL CRUCERO,06-03-2023,11.8
ESCUELA RURAL CRUCERO,07-03-2023,33.5
ESCUELA RURAL CRUCERO,08-03-2023,0
ESCUELA RURAL CRUCERO,09-03-2023,1.8
ESCUELA RURAL CRUCERO,10-03-2023,0.3
ESCUELA RURAL CRUCERO,11-03-2023,2.3
ESCUELA RURAL CRUCERO,12-03-2023,0.2
ESCUELA RURAL CRUCERO,13-03-2023,0.1
ESCUELA RURAL CRUCERO,14-03-2023,28.3
ESCUELA RURAL CRUCERO,15-03-2023,10.4
ESCUELA RURAL CRUCERO,16-03-2023,7.4
ESCUELA RURAL CRUCERO,17-03-2023,0.1
ESCUELA RURAL CRUCERO,18-03-2023,0
ESCUELA RURAL CRUCERO,19-03-2023,0
ESCUELA RURAL CRUCERO,20-03-2023,0
ESCUELA RURAL CRUCERO,21-03-2023,0.1
ESCUELA RURAL CRUCERO,22-03-2023,0.1
ESCUELA RURAL CRUCERO,23-03-2023,0
ESCUELA RURAL CRUCERO,24-03-2023,0
ESCUELA RURAL CRUCERO,25-03-2023,0
ESCUELA RURAL CRUCERO,26-03-2023,0.1
ESCUELA RURAL CRUCERO,27-03-2023,8.8
ESCUELA RURAL CRUCERO,28-03-2023,4.9
ESCUELA RURAL CRUCERO,29-03-2023,0.1
ESCUELA RURAL CRUCERO,30-03-2023,3
ESCUELA RURAL CRUCERO,31-03-2023,1
ESCUELA RURAL CRUCERO,01-04-2023,0.7
ESCUELA RURAL CRUCERO,02-04-2023,0.1
ESCUELA RURAL CRUCERO,03-04-2023,0
ESCUELA RURAL CRUCERO,04-04-2023,0
ESCUELA RURAL CRUCERO,05-04-2023,7.5
ESCUELA RURAL CRUCERO,06-04-2023,0
ESCUELA RURAL CRUCERO,07-04-2023,0
ESCUELA RURAL CRUCERO,08-04-2023,0.1
ESCUELA RURAL CRUCERO,09-04-2023,0.3
ESCUELA RURAL CRUCERO,10-04-2023,12.1
ESCUELA RURAL CRUCERO,11-04-2023,0.7
ESCUELA RURAL CRUCERO,12-04-2023,0.1
ESCUELA RURAL CRUCERO,13-04-2023,0
ESCUELA RURAL CRUCERO,14-04-2023,0
ESCUELA RURAL CRUCERO,15-04-2023,0
ESCUELA RURAL CRUCERO,16-04-2023,0
ESCUELA RURAL CRUCERO,17-04-2023,0.4
ESCUELA RURAL CRUCERO,18-04-2023,0.4
ESCUELA RURAL CRUCERO,19-04-2023,0.2
ESCUELA RURAL CRUCERO,20-04-2023,7.9
ESCUELA RURAL CRUCERO,21-04-2023,0.1
ESCUELA RURAL CRUCERO,22-04-2023,0.3
ESCUELA RURAL CRUCERO,23-04-2023,0.4
ESCUELA RURAL CRUCERO,24-04-2023,0.1
ESCUELA RURAL CRUCERO,25-04-2023,8.3
ESCUELA RURAL CRUCERO,26-04-2023,1.2
ESCUELA RURAL CRUCERO,27-04-2023,27.4
ESCUELA RURAL CRUCERO,28-04-2023,29.7
ESCUELA RURAL CRUCERO,29-04-2023,16.9
ESCUELA RURAL CRUCERO,30-04-2023,2.8
ESCUELA RURAL CRUCERO,01-05-2023,1
ESCUELA RURAL CRUCERO,02-05-2023,0
ESCUELA RURAL CRUCERO,03-05-2023,0
ESCUELA RURAL CRUCERO,04-05-2023,0
ESCUELA RURAL CRUCERO,05-05-2023,0.7
ESCUELA RURAL CRUCERO,06-05-2023,2.5
ESCUELA RURAL CRUCERO,07-05-2023,0
ESCUELA RURAL CRUCERO,08-05-2023,0
ESCUELA RURAL CRUCERO,09-05-2023,0
ESCUELA RURAL CRUCERO,10-05-2023,1.5
ESCUELA RURAL CRUCERO,11-05-2023,4.6
ESCUELA RURAL CRUCERO,12-05-2023,0.1
ESCUELA RURAL CRUCERO,13-05-2023,0.2
ESCUELA RURAL CRUCERO,14-05-2023,0
ESCUELA RURAL CRUCERO,15-05-2023,2.5
ESCUELA RURAL CRUCERO,16-05-2023,0
ESCUELA RURAL CRUCERO,17-05-2023,2.5
ESCUELA RURAL CRUCERO,18-05-2023,8.5
ESCUELA RURAL CRUCERO,19-05-2023,0.1
ESCUELA RURAL CRUCERO,20-05-2023,22.1
ESCUELA RURAL CRUCERO,21-05-2023,6.1
ESCUELA RURAL CRUCERO,22-05-2023,14.9
ESCUELA RURAL CRUCERO,23-05-2023,19
ESCUELA RURAL CRUCERO,24-05-2023,21.8
ESCUELA RURAL CRUCERO,25-05-2023,31.4
ESCUELA RURAL CRUCERO,26-05-2023,3.1
ESCUELA RURAL CRUCERO,27-05-2023,0.2
ESCUELA RURAL CRUCERO,28-05-2023,0.1
ESCUELA RURAL CRUCERO,29-05-2023,0.4
ESCUELA RURAL CRUCERO,30-05-2023,9.4
ESCUELA RURAL CRUCERO,31-05-2023,0.2
ESCUELA RURAL CRUCERO,01-06-2023,7.7
ESCUELA RURAL CRUCERO,02-06-2023,24.6
ESCUELA RURAL CRUCERO,03-06-2023,5
ESCUELA RURAL CRUCERO,04-06-2023,0.2
ESCUELA RURAL CRUCERO,05-06-2023,42.6
ESCUELA RURAL CRUCERO,06-06-2023,0.5
ESCUELA RURAL CRUCERO,07-06-2023,23.3
ESCUELA RURAL CRUCERO,08-06-2023,11
ESCUELA RURAL CRUCERO,09-06-2023,14
ESCUELA RURAL CRUCERO,10-06-2023,0.1
ESCUELA RURAL CRUCERO,11-06-2023,0.2
ESCUELA RURAL CRUCERO,12-06-2023,0
ESCUELA RURAL CRUCERO,13-06-2023,0
ESCUELA RURAL CRUCERO,14-06-2023,2
ESCUELA RURAL CRUCERO,15-06-2023,0
ESCUELA RURAL CRUCERO,16-06-2023,0.2
ESCUELA RURAL CRUCERO,17-06-2023,0.3
ESCUELA RURAL CRUCERO,18-06-2023,0.1
ESCUELA RURAL CRUCERO,19-06-2023,0.4
ESCUELA RURAL CRUCERO,20-06-2023,2.1
ESCUELA RURAL CRUCERO,21-06-2023,6.1
ESCUELA RURAL CRUCERO,22-06-2023,11.9
ESCUELA RURAL CRUCERO,23-06-2023,14.1
ESCUELA RURAL CRUCERO,24-06-2023,5.9
ESCUELA RURAL CRUCERO,25-06-2023,10.3
ESCUELA RURAL CRUCERO,26-06-2023,14.5
ESCUELA RURAL CRUCERO,27-06-2023,6
ESCUELA RURAL CRUCERO,28-06-2023,4
ESCUELA RURAL CRUCERO,29-06-2023,3.2
ESCUELA RURAL CRUCERO,30-06-2023,9
ESCUELA RURAL CRUCERO,01-07-2023,14.3
ESCUELA RURAL CRUCERO,02-07-2023,10.4
ESCUELA RURAL CRUCERO,03-07-2023,72.9
ESCUELA RURAL CRUCERO,04-07-2023,9
ESCUELA RURAL CRUCERO,05-07-2023,11.3
ESCUELA RURAL CRUCERO,06-07-2023,1.4
ESCUELA RURAL CRUCERO,07-07-2023,14.1
ESCUELA RURAL CRUCERO,08-07-2023,6.8
ESCUELA RURAL CRUCERO,09-07-2023,1.1
ESCUELA RURAL CRUCERO,10-07-2023,0.2
ESCUELA RURAL CRUCERO,11-07-2023,0
ESCUELA RURAL CRUCERO,12-07-2023,0.1
ESCUELA RURAL CRUCERO,13-07-2023,3.7
ESCUELA RURAL CRUCERO,14-07-2023,8.1
ESCUELA RURAL CRUCERO,15-07-2023,0.1
ESCUELA RURAL CRUCERO,16-07-2023,0.1
ESCUELA RURAL CRUCERO,17-07-2023,0.1
ESCUELA RURAL CRUCERO,18-07-2023,25.8
ESCUELA RURAL CRUCERO,19-07-2023,2.3
ESCUELA RURAL CRUCERO,20-07-2023,26.7
ESCUELA RURAL CRUCERO,21-07-2023,2
ESCUELA RURAL CRUCERO,22-07-2023,3.3
ESCUELA RURAL CRUCERO,23-07-2023,0.6
ESCUELA RURAL CRUCERO,24-07-2023,16.5
ESCUELA RURAL CRUCERO,25-07-2023,1.2
ESCUELA RURAL CRUCERO,26-07-2023,0.8
ESCUELA RURAL CRUCERO,27-07-2023,0.1
ESCUELA RURAL CRUCERO,28-07-2023,2
ESCUELA RURAL CRUCERO,29-07-2023,2
ESCUELA RURAL CRUCERO,30-07-2023,0
ESCUELA RURAL CRUCERO,31-07-2023,6.4
ESCUELA RURAL CRUCERO,01-08-2023,1.7
ESCUELA RURAL CRUCERO,02-08-2023,0
ESCUELA RURAL CRUCERO,03-08-2023,0.2
ESCUELA RURAL CRUCERO,04-08-2023,0.1
ESCUELA RURAL CRUCERO,05-08-2023,0
ESCUELA RURAL CRUCERO,06-08-2023,0
ESCUELA RURAL CRUCERO,07-08-2023,0.1
ESCUELA RURAL CRUCERO,08-08-2023,10.2
ESCUELA RURAL CRUCERO,09-08-2023,27.1
ESCUELA RURAL CRUCERO,10-08-2023,11.4
ESCUELA RURAL CRUCERO,11-08-2023,0.4
ESCUELA RURAL CRUCERO,12-08-2023,0
ESCUELA RURAL CRUCERO,13-08-2023,6.5
ESCUELA RURAL CRUCERO,14-08-2023,18.6
ESCUELA RURAL CRUCERO,15-08-2023,5
ESCUELA RURAL CRUCERO,16-08-2023,23.6
ESCUELA RURAL CRUCERO,17-08-2023,1.5
ESCUELA RURAL CRUCERO,18-08-2023,7.3
ESCUELA RURAL CRUCERO,19-08-2023,9.4
ESCUELA RURAL CRUCERO,20-08-2023,22.7
ESCUELA RURAL CRUCERO,21-08-2023,5.7
ESCUELA RURAL CRUCERO,22-08-2023,5.2
ESCUELA RURAL CRUCERO,23-08-2023,0.2
ESCUELA RURAL CRUCERO,24-08-2023,0.1
ESCUELA RURAL CRUCERO,25-08-2023,0
ESCUELA RURAL CRUCERO,26-08-2023,0.1
ESCUELA RURAL CRUCERO,27-08-2023,13.9
ESCUELA RURAL CRUCERO,28-08-2023,0
ESCUELA RURAL CRUCERO,29-08-2023,16.1
ESCUELA RURAL CRUCERO,30-08-2023,2
ESCUELA RURAL CRUCERO,31-08-2023,9.9
ESCUELA RURAL CRUCERO,01-09-2023,0.3
ESCUELA RURAL CRUCERO,02-09-2023,0.1
ESCUELA RURAL CRUCERO,03-09-2023,0.1
ESCUELA RURAL CRUCERO,04-09-2023,0.2
ESCUELA RURAL CRUCERO,05-09-2023,10.2
ESCUELA RURAL CRUCERO,06-09-2023,13.6
ESCUELA RURAL CRUCERO,07-09-2023,2.9
ESCUELA RURAL CRUCERO,08-09-2023,7.2
ESCUELA RURAL CRUCERO,09-09-2023,4.8
ESCUELA RURAL CRUCERO,10-09-2023,16.6
ESCUELA RURAL CRUCERO,11-09-2023,2.9
ESCUELA RURAL CRUCERO,12-09-2023,4.5
ESCUELA RURAL CRUCERO,13-09-2023,30.5
ESCUELA RURAL CRUCERO,14-09-2023,35.4
ESCUELA RURAL CRUCERO,15-09-2023,3.2
ESCUELA RURAL CRUCERO,16-09-2023,3
ESCUELA RURAL CRUCERO,17-09-2023,0.4
ESCUELA RURAL CRUCERO,18-09-2023,0.1
ESCUELA RURAL CRUCERO,19-09-2023,0
ESCUELA RURAL CRUCERO,20-09-2023,0
ESCUELA RURAL CRUCERO,21-09-2023,10.8
ESCUELA RURAL CRUCERO,22-09-2023,8.8
ESCUELA RURAL CRUCERO,23-09-2023,0
ESCUELA RURAL CRUCERO,24-09-2023,0
ESCUELA RURAL CRUCERO,25-09-2023,0.1
ESCUELA RURAL CRUCERO,26-09-2023,0
ESCUELA RURAL CRUCERO,27-09-2023,6.3
ESCUELA RURAL CRUCERO,28-09-2023,0.1
ESCUELA RURAL CRUCERO,29-09-2023,0
ESCUELA RURAL CRUCERO,30-09-2023,0
ESCUELA RURAL CRUCERO,01-10-2023,1.6
ESCUELA RURAL CRUCERO,02-10-2023,0.9
ESCUELA RURAL CRUCERO,03-10-2023,0
ESCUELA RURAL CRUCERO,04-10-2023,0
ESCUELA RURAL CRUCERO,05-10-2023,6.7
ESCUELA RURAL CRUCERO,06-10-2023,0
ESCUELA RURAL CRUCERO,07-10-2023,0
ESCUELA RURAL CRUCERO,08-10-2023,0
ESCUELA RURAL CRUCERO,09-10-2023,1.5
ESCUELA RURAL CRUCERO,10-10-2023,0.2
ESCUELA RURAL CRUCERO,11-10-2023,0
ESCUELA RURAL CRUCERO,12-10-2023,0
ESCUELA RURAL CRUCERO,13-10-2023,0
ESCUELA RURAL CRUCERO,14-10-2023,0
ESCUELA RURAL CRUCERO,15-10-2023,0
ESCUELA RURAL CRUCERO,16-10-2023,0
ESCUELA RURAL CRUCERO,17-10-2023,0
ESCUELA RURAL CRUCERO,18-10-2023,0
ESCUELA RURAL CRUCERO,19-10-2023,0
ESCUELA RURAL CRUCERO,20-10-2023,0
ESCUELA RURAL CRUCERO,21-10-2023,0
ESCUELA RURAL CRUCERO,22-10-2023,0
ESCUELA RURAL CRUCERO,23-10-2023,0
ESCUELA RURAL CRUCERO,24-10-2023,0
ESCUELA RURAL CRUCERO,25-10-2023,0
ESCUELA RURAL CRUCERO,26-10-2023,0.6
ESCUELA RURAL CRUCERO,27-10-2023,13.8
ESCUELA RURAL CRUCERO,28-10-2023,10.7
ESCUELA RURAL CRUCERO,29-10-2023,6.4
ESCUELA RURAL CRUCERO,30-10-2023,7.6
ESCUELA RURAL CRUCERO,31-10-2023,0.4
ESCUELA RURAL CRUCERO,01-11-2023,0.1
ESCUELA RURAL CRUCERO,02-11-2023,0
ESCUELA RURAL CRUCERO,03-11-2023,0
ESCUELA RURAL CRUCERO,04-11-2023,1.3
ESCUELA RURAL CRUCERO,05-11-2023,10.1
ESCUELA RURAL CRUCERO,06-11-2023,23.7
ESCUELA RURAL CRUCERO,07-11-2023,3.5
ESCUELA RURAL CRUCERO,08-11-2023,0
ESCUELA RURAL CRUCERO,09-11-2023,0
ESCUELA RURAL CRUCERO,10-11-2023,14.7
ESCUELA RURAL CRUCERO,11-11-2023,4.4
ESCUELA RURAL CRUCERO,12-11-2023,0.3
ESCUELA RURAL CRUCERO,13-11-2023,3.8
ESCUELA RURAL CRUCERO,14-11-2023,0
ESCUELA RURAL CRUCERO,15-11-2023,2.5
ESCUELA RURAL CRUCERO,16-11-2023,28.1
ESCUELA RURAL CRUCERO,17-11-2023,5
ESCUELA RURAL CRUCERO,18-11-2023,4.5
ESCUELA RURAL CRUCERO,19-11-2023,5.8
ESCUELA RURAL CRUCERO,20-11-2023,9.7
ESCUELA RURAL CRUCERO,21-11-2023,0.1
ESCUELA RURAL CRUCERO,22-11-2023,0.6
ESCUELA RURAL CRUCERO,23-11-2023,0.1
ESCUELA RURAL CRUCERO,24-11-2023,0
ESCUELA RURAL CRUCERO,25-11-2023,0
ESCUELA RURAL CRUCERO,26-11-2023,0
ESCUELA RURAL CRUCERO,27-11-2023,0.7
ESCUELA RURAL CRUCERO,28-11-2023,0
ESCUELA RURAL CRUCERO,29-11-2023,0.1
ESCUELA RURAL CRUCERO,30-11-2023,1.7
ESCUELA RURAL CRUCERO,01-12-2023,11.2
ESCUELA RURAL CRUCERO,02-12-2023,1
ESCUELA RURAL CRUCERO,03-12-2023,0.1
ESCUELA RURAL CRUCERO,04-12-2023,0
ESCUELA RURAL CRUCERO,05-12-2023,0
ESCUELA RURAL CRUCERO,06-12-2023,0
ESCUELA RURAL CRUCERO,07-12-2023,0
ESCUELA RURAL CRUCERO,08-12-2023,0
ESCUELA RURAL CRUCERO,09-12-2023,0
ESCUELA RURAL CRUCERO,10-12-2023,0
ESCUELA RURAL CRUCERO,11-12-2023,1.8
ESCUELA RURAL CRUCERO,12-12-2023,0
ESCUELA RURAL CRUCERO,13-12-2023,0
ESCUELA RURAL CRUCERO,14-12-2023,0
ESCUELA RURAL CRUCERO,15-12-2023,0
ESCUELA RURAL CRUCERO,16-12-2023,16.4
ESCUELA RURAL CRUCERO,17-12-2023,2.4
ESCUELA RURAL CRUCERO,18-12-2023,0
ESCUELA RURAL CRUCERO,19-12-2023,1.6
ESCUELA RURAL CRUCERO,20-12-2023,0
ESCUELA RURAL CRUCERO,21-12-2023,0
ESCUELA RURAL CRUCERO,22-12-2023,0
ESCUELA RURAL CRUCERO,23-12-2023,0
ESCUELA RURAL CRUCERO,24-12-2023,0
ESCUELA RURAL CRUCERO,25-12-2023,0
ESCUELA RURAL CRUCERO,26-12-2023,0
ESCUELA RURAL CRUCERO,27-12-2023,0
ESCUELA RURAL CRUCERO,28-12-2023,0
ESCUELA RURAL CRUCERO,29-12-2023,0
ESCUELA RURAL CRUCERO,30-12-2023,0
ESCUELA RURAL CRUCERO,31-12-2023,0
ESCUELA RURAL CRUCERO,01-01-2024,0
ESCUELA RURAL CRUCERO,02-01-2024,0
ESCUELA RURAL CRUCERO,03-01-2024,0
ESCUELA RURAL CRUCERO,04-01-2024,0
ESCUELA RURAL CRUCERO,05-01-2024,11
ESCUELA RURAL CRUCERO,06-01-2024,5.7
ESCUELA RURAL CRUCERO,07-01-2024,1.7
ESCUELA RURAL CRUCERO,08-01-2024,0.1
ESCUELA RURAL CRUCERO,09-01-2024,0
ESCUELA RURAL CRUCERO,10-01-2024,0
ESCUELA RURAL CRUCERO,11-01-2024,0
ESCUELA RURAL CRUCERO,12-01-2024,0
ESCUELA RURAL CRUCERO,13-01-2024,0.1
ESCUELA RURAL CRUCERO,14-01-2024,0
ESCUELA RURAL CRUCERO,15-01-2024,0
ESCUELA RURAL CRUCERO,16-01-2024,0
ESCUELA RURAL CRUCERO,17-01-2024,0.5
ESCUELA RURAL CRUCERO,18-01-2024,0.1
ESCUELA RURAL CRUCERO,19-01-2024,0
ESCUELA RURAL CRUCERO,20-01-2024,0
ESCUELA RURAL CRUCERO,21-01-2024,0
ESCUELA RURAL CRUCERO,22-01-2024,0
ESCUELA RURAL CRUCERO,23-01-2024,0
ESCUELA RURAL CRUCERO,24-01-2024,0
ESCUELA RURAL CRUCERO,25-01-2024,0
ESCUELA RURAL CRUCERO,26-01-2024,0
ESCUELA RURAL CRUCERO,27-01-2024,0
ESCUELA RURAL CRUCERO,28-01-2024,0
ESCUELA RURAL CRUCERO,29-01-2024,0
ESCUELA RURAL CRUCERO,30-01-2024,0
ESCUELA RURAL CRUCERO,31-01-2024,0
ESCUELA RURAL CRUCERO,01-02-2024,0
ESCUELA RURAL CRUCERO,02-02-2024,0
ESCUELA RURAL CRUCERO,03-02-2024,0
ESCUELA RURAL CRUCERO,04-02-2024,0
ESCUELA RURAL CRUCERO,05-02-2024,0
ESCUELA RURAL CRUCERO,06-02-2024,9.2
ESCUELA RURAL CRUCERO,07-02-2024,0.1
ESCUELA RURAL CRUCERO,08-02-2024,0
ESCUELA RURAL CRUCERO,09-02-2024,3.6
ESCUELA RURAL CRUCERO,10-02-2024,0
ESCUELA RURAL CRUCERO,11-02-2024,0
ESCUELA RURAL CRUCERO,12-02-2024,0
ESCUELA RURAL CRUCERO,13-02-2024,0
ESCUELA RURAL CRUCERO,14-02-2024,0
ESCUELA RURAL CRUCERO,15-02-2024,0
ESCUELA RURAL CRUCERO,16-02-2024,0.3
ESCUELA RURAL CRUCERO,17-02-2024,0.1
ESCUELA RURAL CRUCERO,18-02-2024,0
ESCUELA RURAL CRUCERO,19-02-2024,0
ESCUELA RURAL CRUCERO,20-02-2024,0
ESCUELA RURAL CRUCERO,21-02-2024,0.2
ESCUELA RURAL CRUCERO,22-02-2024,0.1
ESCUELA RURAL CRUCERO,23-02-2024,0
ESCUELA RURAL CRUCERO,24-02-2024,0
ESCUELA RURAL CRUCERO,25-02-2024,0
ESCUELA RURAL CRUCERO,26-02-2024,0
ESCUELA RURAL CRUCERO,27-02-2024,3.9
ESCUELA RURAL CRUCERO,28-02-2024,0
ESCUELA RURAL CRUCERO,29-02-2024,0
ESCUELA RURAL CRUCERO,01-03-2024,0
ESCUELA RURAL CRUCERO,02-03-2024,0
ESCUELA RURAL CRUCERO,03-03-2024,0
ESCUELA RURAL CRUCERO,04-03-2024,0
ESCUELA RURAL CRUCERO,05-03-2024,0
ESCUELA RURAL CRUCERO,06-03-2024,0
ESCUELA RURAL CRUCERO,07-03-2024,20.6
ESCUELA RURAL CRUCERO,08-03-2024,1.7
ESCUELA RURAL CRUCERO,09-03-2024,0.9
ESCUELA RURAL CRUCERO,10-03-2024,0
ESCUELA RURAL CRUCERO,11-03-2024,19
ESCUELA RURAL CRUCERO,12-03-2024,0
ESCUELA RURAL CRUCERO,13-03-2024,7.1
ESCUELA RURAL CRUCERO,14-03-2024,0.1
ESCUELA RURAL CRUCERO,15-03-2024,0.3
ESCUELA RURAL CRUCERO,16-03-2024,0.1
ESCUELA RURAL CRUCERO,17-03-2024,0
ESCUELA RURAL CRUCERO,18-03-2024,0
ESCUELA RURAL CRUCERO,19-03-2024,21.6
ESCUELA RURAL CRUCERO,21-03-2024,0.1
ESCUELA RURAL CRUCERO,22-03-2024,23.8
ESCUELA RURAL CRUCERO,23-03-2024,0
ESCUELA RURAL CRUCERO,24-03-2024,0.1
ESCUELA RURAL CRUCERO,25-03-2024,3.8
ESCUELA RURAL CRUCERO,26-03-2024,0.4
ESCUELA RURAL CRUCERO,27-03-2024,0
ESCUELA RURAL CRUCERO,28-03-2024,2.9
ESCUELA RURAL CRUCERO,29-03-2024,0.1
ESCUELA RURAL CRUCERO,30-03-2024,0
ESCUELA RURAL CRUCERO,31-03-2024,0
ESCUELA RURAL CRUCERO,01-04-2024,9.5
ESCUELA RURAL CRUCERO,02-04-2024,13
ESCUELA RURAL CRUCERO,03-04-2024,2.4
ESCUELA RURAL CRUCERO,04-04-2024,0.6
ESCUELA RURAL CRUCERO,05-04-2024,0.1
ESCUELA RURAL CRUCERO,06-04-2024,0.1
ESCUELA RURAL CRUCERO,07-04-2024,5.7
ESCUELA RURAL CRUCERO,08-04-2024,5.8
ESCUELA RURAL CRUCERO,09-04-2024,0.1
ESCUELA RURAL CRUCERO,10-04-2024,0.1
ESCUELA RURAL CRUCERO,11-04-2024,0
ESCUELA RURAL CRUCERO,12-04-2024,0
ESCUELA RURAL CRUCERO,13-04-2024,0
ESCUELA RURAL CRUCERO,14-04-2024,0
ESCUELA RURAL CRUCERO,15-04-2024,4.4
ESCUELA RURAL CRUCERO,16-04-2024,8.9
ESCUELA RURAL CRUCERO,17-04-2024,0
ESCUELA RURAL CRUCERO,18-04-2024,4.4
ESCUELA RURAL CRUCERO,19-04-2024,0.6
ESCUELA RURAL CRUCERO,20-04-2024,0
ESCUELA RURAL CRUCERO,21-04-2024,14.4
ESCUELA RURAL CRUCERO,22-04-2024,3.8
ESCUELA RURAL CRUCERO,23-04-2024,0.2
ESCUELA RURAL CRUCERO,24-04-2024,11.8
ESCUELA RURAL CRUCERO,25-04-2024,21.2
ESCUELA RURAL CRUCERO,26-04-2024,3.5
ESCUELA RURAL CRUCERO,27-04-2024,3.7
ESCUELA RURAL CRUCERO,28-04-2024,59.8
ESCUELA RURAL CRUCERO,29-04-2024,20.5
ESCUELA RURAL CRUCERO,30-04-2024,0.4
ESCUELA RURAL CRUCERO,01-05-2024,2.5
ESCUELA RURAL CRUCERO,02-05-2024,2.4
ESCUELA RURAL CRUCERO,03-05-2024,27.5
ESCUELA RURAL CRUCERO,04-05-2024,5.4
ESCUELA RURAL CRUCERO,05-05-2024,48.9
ESCUELA RURAL CRUCERO,06-05-2024,28.6
ESCUELA RURAL CRUCERO,07-05-2024,0.3
ESCUELA RURAL CRUCERO,08-05-2024,3.5
ESCUELA RURAL CRUCERO,09-05-2024,1.3
ESCUELA RURAL CRUCERO,10-05-2024,1.1
ESCUELA RURAL CRUCERO,11-05-2024,0.1
ESCUELA RURAL CRUCERO,12-05-2024,0
ESCUELA RURAL CRUCERO,13-05-2024,0.2
ESCUELA RURAL CRUCERO,14-05-2024,0.2
ESCUELA RURAL CRUCERO,15-05-2024,0.1
ESCUELA RURAL CRUCERO,16-05-2024,0.1
ESCUELA RURAL CRUCERO,17-05-2024,0.2
ESCUELA RURAL CRUCERO,18-05-2024,0.6
ESCUELA RURAL CRUCERO,19-05-2024,13.4
ESCUELA RURAL CRUCERO,20-05-2024,15.8
ESCUELA RURAL CRUCERO,21-05-2024,0.5
ESCUELA RURAL CRUCERO,22-05-2024,0.3
ESCUELA RURAL CRUCERO,23-05-2024,0
ESCUELA RURAL CRUCERO,24-05-2024,0
ESCUELA RURAL CRUCERO,25-05-2024,0.1
ESCUELA RURAL CRUCERO,26-05-2024,0
ESCUELA RURAL CRUCERO,27-05-2024,0
ESCUELA RURAL CRUCERO,28-05-2024,4
ESCUELA RURAL CRUCERO,29-05-2024,0
ESCUELA RURAL CRUCERO,30-05-2024,5.1
ESCUELA RURAL CRUCERO,31-05-2024,28.2
ESCUELA RURAL CRUCERO,01-07-2024,20
ESCUELA RURAL CRUCERO,02-07-2024,3.6
ESCUELA RURAL CRUCERO,03-07-2024,0.3
ESCUELA RURAL CRUCERO,04-07-2024,0.3
ESCUELA RURAL CRUCERO,05-07-2024,2.2
ESCUELA RURAL CRUCERO,06-07-2024,0.2
ESCUELA RURAL CRUCERO,07-07-2024,0.1
ESCUELA RURAL CRUCERO,08-07-2024,0
ESCUELA RURAL CRUCERO,09-07-2024,0.2
ESCUELA RURAL CRUCERO,10-07-2024,0
ESCUELA RURAL CRUCERO,11-07-2024,0
ESCUELA RURAL CRUCERO,12-07-2024,0.1
ESCUELA RURAL CRUCERO,13-07-2024,0.1
ESCUELA RURAL CRUCERO,14-07-2024,0.2
ESCUELA RURAL CRUCERO,15-07-2024,1.5
ESCUELA RURAL CRUCERO,16-07-2024,0.7
ESCUELA RURAL CRUCERO,17-07-2024,3.8
ESCUELA RURAL CRUCERO,18-07-2024,0.2
ESCUELA RURAL CRUCERO,19-07-2024,1
ESCUELA RURAL CRUCERO,20-07-2024,0.2
ESCUELA RURAL CRUCERO,21-07-2024,0.1
ESCUELA RURAL CRUCERO,22-07-2024,0.3
ESCUELA RURAL CRUCERO,23-07-2024,0.3
ESCUELA RURAL CRUCERO,24-07-2024,6.4
ESCUELA RURAL CRUCERO,25-07-2024,0.8
ESCUELA RURAL CRUCERO,26-07-2024,5.9
ESCUELA RURAL CRUCERO,27-07-2024,0.1
ESCUELA RURAL CRUCERO,28-07-2024,0.2
ESCUELA RURAL CRUCERO,29-07-2024,0.1
ESCUELA RURAL CRUCERO,30-07-2024,0
ESCUELA RURAL CRUCERO,31-07-2024,24.2
ESCUELA RURAL CRUCERO,01-10-2024,0
ESCUELA RURAL CRUCERO,02-10-2024,0.1
ESCUELA RURAL CRUCERO,03-10-2024,0
ESCUELA RURAL CRUCERO,04-10-2024,0
ESCUELA RURAL CRUCERO,05-10-2024,0
ESCUELA RURAL CRUCERO,06-10-2024,0
ESCUELA RURAL CRUCERO,07-10-2024,0
ESCUELA RURAL CRUCERO,08-10-2024,0
ESCUELA RURAL CRUCERO,09-10-2024,0
ESCUELA RURAL CRUCERO,10-10-2024,17.5
ESCUELA RURAL CRUCERO,11-10-2024,0
ESCUELA RURAL CRUCERO,12-10-2024,0
ESCUELA RURAL CRUCERO,13-10-2024,0
ESCUELA RURAL CRUCERO,14-10-2024,0
ESCUELA RURAL CRUCERO,15-10-2024,0
ESCUELA RURAL CRUCERO,16-10-2024,6.9
ESCUELA RURAL CRUCERO,17-10-2024,0
ESCUELA RURAL CRUCERO,18-10-2024,0.2
ESCUELA RURAL CRUCERO,19-10-2024,0.2
ESCUELA RURAL CRUCERO,20-10-2024,4.4
ESCUELA RURAL CRUCERO,21-10-2024,0
ESCUELA RURAL CRUCERO,22-10-2024,0
ESCUELA RURAL CRUCERO,23-10-2024,0.3
ESCUELA RURAL CRUCERO,24-10-2024,2.7
ESCUELA RURAL CRUCERO,25-10-2024,0
ESCUELA RURAL CRUCERO,26-10-2024,0
ESCUELA RURAL CRUCERO,27-10-2024,0
ESCUELA RURAL CRUCERO,28-10-2024,0
ESCUELA RURAL CRUCERO,29-10-2024,0
ESCUELA RURAL CRUCERO,30-10-2024,0
ESCUELA RURAL CRUCERO,31-10-2024,0.1
ESCUELA RURAL CRUCERO,01-11-2024,6.5
ESCUELA RURAL CRUCERO,02-11-2024,0
ESCUELA RURAL CRUCERO,03-11-2024,13.8
ESCUELA RURAL CRUCERO,04-11-2024,3
ESCUELA RURAL CRUCERO,05-11-2024,1.2
ESCUELA RURAL CRUCERO,06-11-2024,0.1
ESCUELA RURAL CRUCERO,07-11-2024,0
ESCUELA RURAL CRUCERO,08-11-2024,10.3
ESCUELA RURAL CRUCERO,09-11-2024,1
ESCUELA RURAL CRUCERO,10-11-2024,5.7
ESCUELA RURAL CRUCERO,11-11-2024,0.1
ESCUELA RURAL CRUCERO,12-11-2024,0.1
ESCUELA RURAL CRUCERO,13-11-2024,0.1
ESCUELA RURAL CRUCERO,14-11-2024,5.6
ESCUELA RURAL CRUCERO,15-11-2024,1.1
ESCUELA RURAL CRUCERO,16-11-2024,0
ESCUELA RURAL CRUCERO,17-11-2024,0.2
ESCUELA RURAL CRUCERO,18-11-2024,0
ESCUELA RURAL CRUCERO,19-11-2024,0.3
ESCUELA RURAL CRUCERO,20-11-2024,0.1
ESCUELA RURAL CRUCERO,21-11-2024,0
ESCUELA RURAL CRUCERO,22-11-2024,0
ESCUELA RURAL CRUCERO,23-11-2024,0
ESCUELA RURAL CRUCERO,24-11-2024,0.1
ESCUELA RURAL CRUCERO,25-11-2024,7.3
ESCUELA RURAL CRUCERO,26-11-2024,5.1
ESCUELA RURAL CRUCERO,27-11-2024,1.8
ESCUELA RURAL CRUCERO,28-11-2024,0
ESCUELA RURAL CRUCERO,29-11-2024,0
ESCUELA RURAL CRUCERO,30-11-2024,0
ESCUELA RURAL CRUCERO,01-12-2024,0.6
ESCUELA RURAL CRUCERO,02-12-2024,0
ESCUELA RURAL CRUCERO,03-12-2024,0
ESCUELA RURAL CRUCERO,04-12-2024,2.5
ESCUELA RURAL CRUCERO,05-12-2024,3.7
ESCUELA RURAL CRUCERO,06-12-2024,0.2
ESCUELA RURAL CRUCERO,07-12-2024,0.1
ESCUELA RURAL CRUCERO,08-12-2024,0
ESCUELA RURAL CRUCERO,09-12-2024,0.1
ESCUELA RURAL CRUCERO,10-12-2024,0
ESCUELA RURAL CRUCERO,11-12-2024,0
ESCUELA RURAL CRUCERO,12-12-2024,0
ESCUELA RURAL CRUCERO,13-12-2024,0
ESCUELA RURAL CRUCERO,14-12-2024,0
ESCUELA RURAL CRUCERO,15-12-2024,0
ESCUELA RURAL CRUCERO,16-12-2024,0
ESCUELA RURAL CRUCERO,17-12-2024,0
ESCUELA RURAL CRUCERO,18-12-2024,0
ESCUELA RURAL CRUCERO,19-12-2024,0
ESCUELA RURAL CRUCERO,20-12-2024,0
ESCUELA RURAL CRUCERO,21-12-2024,0
ESCUELA RURAL CRUCERO,22-12-2024,0
ESCUELA RURAL CRUCERO,23-12-2024,0
ESCUELA RURAL CRUCERO,24-12-2024,0
ESCUELA RURAL CRUCERO,25-12-2024,0
ESCUELA RURAL CRUCERO,26-12-2024,0
ESCUELA RURAL CRUCERO,27-12-2024,0
ESCUELA RURAL CRUCERO,28-12-2024,0
ESCUELA RURAL CRUCERO,29-12-2024,0
ESCUELA RURAL CRUCERO,30-12-2024,0.5
ESCUELA RURAL CRUCERO,31-12-2024,0
ESCUELA RURAL CRUCERO,01-08-2025,25.2
ESCUELA RURAL CRUCERO,02-08-2025,2.8
ESCUELA RURAL CRUCERO,03-08-2025,0.3
ESCUELA RURAL CRUCERO,04-08-2025,5
ESCUELA RURAL CRUCERO,05-08-2025,8.3
ESCUELA RURAL CRUCERO,06-08-2025,0
ESCUELA RURAL CRUCERO,07-08-2025,0
ESCUELA RURAL CRUCERO,08-08-2025,0
ESCUELA RURAL CRUCERO,09-08-2025,3.2
ESCUELA RURAL CRUCERO,10-08-2025,4.4
ESCUELA RURAL CRUCERO,11-08-2025,17.8
ESCUELA RURAL CRUCERO,12-08-2025,3.3
ESCUELA RURAL CRUCERO,13-08-2025,0.2
ESCUELA RURAL CRUCERO,14-08-2025,0.1
ESCUELA RURAL CRUCERO,15-08-2025,0
ESCUELA RURAL CRUCERO,16-08-2025,0
ESCUELA RURAL CRUCERO,17-08-2025,0
ESCUELA RURAL CRUCERO,18-08-2025,0.2
ESCUELA RURAL CRUCERO,19-08-2025,12.6
ESCUELA RURAL CRUCERO,20-08-2025,6.2
ESCUELA RURAL CRUCERO,21-08-2025,12.8
ESCUELA RURAL CRUCERO,22-08-2025,1.7
ESCUELA RURAL CRUCERO,23-08-2025,1.9
ESCUELA RURAL CRUCERO,24-08-2025,0.5
ESCUELA RURAL CRUCERO,25-08-2025,1.6
ESCUELA RURAL CRUCERO,26-08-2025,0.3
ESCUELA RURAL CRUCERO,27-08-2025,0.3
ESCUELA RURAL CRUCERO,28-08-2025,0
ESCUELA RURAL CRUCERO,29-08-2025,0.1
ESCUELA RURAL CRUCERO,30-08-2025,0.1
ESCUELA RURAL CRUCERO,31-08-2025,0
ESCUELA RURAL CRUCERO,01-09-2025,7.2
ESCUELA RURAL CRUCERO,02-09-2025,4.1
ESCUELA RURAL CRUCERO,03-09-2025,0
ESCUELA RURAL CRUCERO,04-09-2025,0
ESCUELA RURAL CRUCERO,05-09-2025,0.1
ESCUELA RURAL CRUCERO,06-09-2025,0
ESCUELA RURAL CRUCERO,07-09-2025,1.3
ESCUELA RURAL CRUCERO,08-09-2025,60.2
ESCUELA RURAL CRUCERO,09-09-2025,18.7
ESCUELA RURAL CRUCERO,10-09-2025,0.6
ESCUELA RURAL CRUCERO,11-09-2025,0.2
ESCUELA RURAL CRUCERO,12-09-2025,15.4
ESCUELA RURAL CRUCERO,13-09-2025,4.3
ESCUELA RURAL CRUCERO,14-09-2025,0.1
ESCUELA RURAL CRUCERO,15-09-2025,0
ESCUELA RURAL CRUCERO,16-09-2025,0
ESCUELA RURAL CRUCERO,17-09-2025,5.9
ESCUELA RURAL CRUCERO,18-09-2025,11.8
ESCUELA RURAL CRUCERO,19-09-2025,26.5
ESCUELA RURAL CRUCERO,20-09-2025,5.2
ESCUELA RURAL CRUCERO,21-09-2025,2.1
ESCUELA RURAL CRUCERO,22-09-2025,0
ESCUELA RURAL CRUCERO,23-09-2025,0.1
ESCUELA RURAL CRUCERO,24-09-2025,0
ESCUELA RURAL CRUCERO,25-09-2025,8.4
ESCUELA RURAL CRUCERO,26-09-2025,5.2
ESCUELA RURAL CRUCERO,27-09-2025,16.4
ESCUELA RURAL CRUCERO,28-09-2025,2.3
ESCUELA RURAL CRUCERO,29-09-2025,11.1
ESCUELA RURAL CRUCERO,30-09-2025,0
ESCUELA RURAL CRUCERO,01-10-2025,0
ESCUELA RURAL CRUCERO,02-10-2025,0
ESCUELA RURAL CRUCERO,03-10-2025,19.4
ESCUELA RURAL CRUCERO,04-10-2025,0.3
ESCUELA RURAL CRUCERO,05-10-2025,2
ESCUELA RURAL CRUCERO,06-10-2025,3.9
ESCUELA RURAL CRUCERO,07-10-2025,0
ESCUELA RURAL CRUCERO,08-10-2025,0
ESCUELA RURAL CRUCERO,09-10-2025,10.8
ESCUELA RURAL CRUCERO,10-10-2025,3.6
ESCUELA RURAL CRUCERO,11-10-2025,1.8
ESCUELA RURAL CRUCERO,12-10-2025,0.5
ESCUELA RURAL CRUCERO,13-10-2025,0
ESCUELA RURAL CRUCERO,14-10-2025,21.4
ESCUELA RURAL CRUCERO,15-10-2025,0.2
ESCUELA RURAL CRUCERO,16-10-2025,0
ESCUELA RURAL CRUCERO,17-10-2025,0
ESCUELA RURAL CRUCERO,18-10-2025,0
ESCUELA RURAL CRUCERO,19-10-2025,0.9
ESCUELA RURAL CRUCERO,20-10-2025,4.7
ESCUELA RURAL CRUCERO,21-10-2025,0
ESCUELA RURAL CRUCERO,22-10-2025,0.3
ESCUELA RURAL CRUCERO,23-10-2025,6.1
ESCUELA RURAL CRUCERO,24-10-2025,4.1
ESCUELA RURAL CRUCERO,25-10-2025,4.7
ESCUELA RURAL CRUCERO,26-10-2025,0.1
ESCUELA RURAL CRUCERO,27-10-2025,0
ESCUELA RURAL CRUCERO,28-10-2025,0
ESCUELA RURAL CRUCERO,29-10-2025,0
ESCUELA RURAL CRUCERO,30-10-2025,3.7
ESCUELA RURAL CRUCERO,31-10-2025,0.7
ESCUELA RURAL CRUCERO,01-11-2025,0
ESCUELA RURAL CRUCERO,02-11-2025,0
ESCUELA RURAL CRUCERO,03-11-2025,0
ESCUELA RURAL CRUCERO,04-11-2025,0
ESCUELA RURAL CRUCERO,05-11-2025,0
ESCUELA RURAL CRUCERO,06-11-2025,0
ESCUELA RURAL CRUCERO,07-11-2025,0
ESCUELA RURAL CRUCERO,08-11-2025,0
ESCUELA RURAL CRUCERO,09-11-2025,0
ESCUELA RURAL CRUCERO,10-11-2025,3.4
ESCUELA RURAL CRUCERO,11-11-2025,0.9
ESCUELA RURAL CRUCERO,12-11-2025,0
ESCUELA RURAL CRUCERO,13-11-2025,0
ESCUELA RURAL CRUCERO,14-11-2025,0.1
ESCUELA RURAL CRUCERO,15-11-2025,3
ESCUELA RURAL CRUCERO,16-11-2025,0
ESCUELA RURAL CRUCERO,17-11-2025,1.1
ESCUELA RURAL CRUCERO,18-11-2025,0
ESCUELA RURAL CRUCERO,19-11-2025,3.7
ESCUELA RURAL CRUCERO,20-11-2025,0.1
ESCUELA RURAL CRUCERO,21-11-2025,0
ESCUELA RURAL CRUCERO,22-11-2025,0
ESCUELA RURAL CRUCERO,23-11-2025,0
ESCUELA RURAL CRUCERO,24-11-2025,0
ESCUELA RURAL CRUCERO,25-11-2025,0
ESCUELA RURAL CRUCERO,26-11-2025,0.1
ESCUELA RURAL CRUCERO,27-11-2025,0
ESCUELA RURAL CRUCERO,28-11-2025,2.1
ESCUELA RURAL CRUCERO,29-11-2025,2.1
ESCUELA RURAL CRUCERO,30-11-2025,25
ESCUELA RURAL CRUCERO,01-12-2025,0
ESCUELA RURAL CRUCERO,02-12-2025,0
ESCUELA RURAL CRUCERO,03-12-2025,0.7
ESCUELA RURAL CRUCERO,04-12-2025,0
ESCUELA RURAL CRUCERO,05-12-2025,0
ESCUELA RURAL CRUCERO,06-12-2025,0
ESCUELA RURAL CRUCERO,07-12-2025,0
ESCUELA RURAL CRUCERO,08-12-2025,0
ESCUELA RURAL CRUCERO,09-12-2025,0
ESCUELA RURAL CRUCERO,10-12-2025,0
ESCUELA RURAL CRUCERO,11-12-2025,0.9
ESCUELA RURAL CRUCERO,12-12-2025,7.5
ESCUELA RURAL CRUCERO,13-12-2025,2.7
ESCUELA RURAL CRUCERO,14-12-2025,0.3
ESCUELA RURAL CRUCERO,15-12-2025,0.1
ESCUELA RURAL CRUCERO,16-12-2025,0
ESCUELA RURAL CRUCERO,17-12-2025,0.8
ESCUELA RURAL CRUCERO,18-12-2025,0
ESCUELA RURAL CRUCERO,19-12-2025,10.3
ESCUELA RURAL CRUCERO,20-12-2025,27.5
ESCUELA RURAL CRUCERO,21-12-2025,0
ESCUELA RURAL CRUCERO,22-12-2025,1.2
ESCUELA RURAL CRUCERO,23-12-2025,0.2
ESCUELA RURAL CRUCERO,24-12-2025,0.4
ESCUELA RURAL CRUCERO,25-12-2025,0.3
ESCUELA RURAL CRUCERO,26-12-2025,0.1
ESCUELA RURAL CRUCERO,27-12-2025,0
ESCUELA RURAL CRUCERO,28-12-2025,0
ESCUELA RURAL CRUCERO,29-12-2025,0
ESCUELA RURAL CRUCERO,30-12-2025,0
ESCUELA RURAL CRUCERO,31-12-2025,0
ESCUELA RURAL CRUCERO,01-01-2026,0
ESCUELA RURAL CRUCERO,02-01-2026,0
ESCUELA RURAL CRUCERO,03-01-2026,0
ESCUELA RURAL CRUCERO,04-01-2026,0
ESCUELA RURAL CRUCERO,05-01-2026,0
ESCUELA RURAL CRUCERO,06-01-2026,0
ESCUELA RURAL CRUCERO,07-01-2026,0
ESCUELA RURAL CRUCERO,08-01-2026,0
ESCUELA RURAL CRUCERO,09-01-2026,0
ESCUELA RURAL CRUCERO,10-01-2026,0
ESCUELA RURAL CRUCERO,11-01-2026,10.4
ESCUELA RURAL CRUCERO,12-01-2026,0
ESCUELA RURAL CRUCERO,13-01-2026,0
ESCUELA RURAL CRUCERO,14-01-2026,15
ESCUELA RURAL CRUCERO,15-01-2026,0
ESCUELA RURAL CRUCERO,16-01-2026,0
ESCUELA RURAL CRUCERO,17-01-2026,0
ESCUELA RURAL CRUCERO,18-01-2026,0
ESCUELA RURAL CRUCERO,19-01-2026,0
ESCUELA RURAL CRUCERO,20-01-2026,0
ESCUELA RURAL CRUCERO,21-01-2026,1.5
ESCUELA RURAL CRUCERO,22-01-2026,0.1
ESCUELA RURAL CRUCERO,23-01-2026,0
ESCUELA RURAL CRUCERO,24-01-2026,0
ESCUELA RURAL CRUCERO,25-01-2026,0
ESCUELA RURAL CRUCERO,26-01-2026,0
ESCUELA RURAL CRUCERO,27-01-2026,11.5
ESCUELA RURAL CRUCERO,28-01-2026,0
ESCUELA RURAL CRUCERO,29-01-2026,0
ESCUELA RURAL CRUCERO,30-01-2026,9.1
ESCUELA RURAL CRUCERO,31-01-2026,0.1
ESCUELA RURAL CRUCERO,01-02-2026,0
ESCUELA RURAL CRUCERO,02-02-2026,9.7
ESCUELA RURAL CRUCERO,03-02-2026,3
ESCUELA RURAL CRUCERO,04-02-2026,0.1
ESCUELA RURAL CRUCERO,05-02-2026,0
ESCUELA RURAL CRUCERO,06-02-2026,0
ESCUELA RURAL CRUCERO,07-02-2026,0
ESCUELA RURAL CRUCERO,08-02-2026,1.2
ESCUELA RURAL CRUCERO,09-02-2026,0.3
ESCUELA RURAL CRUCERO,10-02-2026,15.8
ESCUELA RURAL CRUCERO,11-02-2026,5
ESCUELA RURAL CRUCERO,12-02-2026,0
ESCUELA RURAL CRUCERO,13-02-2026,0
ESCUELA RURAL CRUCERO,14-02-2026,0
ESCUELA RURAL CRUCERO,15-02-2026,0
ESCUELA RURAL CRUCERO,16-02-2026,9.2
ESCUELA RURAL CRUCERO,17-02-2026,0
ESCUELA RURAL CRUCERO,18-02-2026,0
ESCUELA RURAL CRUCERO,19-02-2026,0
ESCUELA RURAL CRUCERO,20-02-2026,0
ESCUELA RURAL CRUCERO,21-02-2026,0
ESCUELA RURAL CRUCERO,22-02-2026,0
ESCUELA RURAL CRUCERO,23-02-2026,0.3
ESCUELA RURAL CRUCERO,24-02-2026,0
ESCUELA RURAL CRUCERO,25-02-2026,0
ESCUELA RURAL CRUCERO,26-02-2026,0
ESCUELA RURAL CRUCERO,27-02-2026,0
ESCUELA RURAL CRUCERO,28-02-2026,17.6
ESCUELA RURAL CRUCERO,01-03-2026,13.3
ESCUELA RURAL CRUCERO,02-03-2026,4.7
ESCUELA RURAL CRUCERO,03-03-2026,10.7
ESCUELA RURAL CRUCERO,04-03-2026,0
ESCUELA RURAL CRUCERO,05-03-2026,0.1
ESCUELA RURAL CRUCERO,06-03-2026,0
ESCUELA RURAL CRUCERO,07-03-2026,0
ESCUELA RURAL CRUCERO,08-03-2026,0
ESCUELA RURAL CRUCERO,09-03-2026,0.1
ESCUELA RURAL CRUCERO,10-03-2026,0
ESCUELA RURAL CRUCERO,11-03-2026,1
ESCUELA RURAL CRUCERO,12-03-2026,0
ESCUELA RURAL CRUCERO,13-03-2026,0
ESCUELA RURAL CRUCERO,14-03-2026,47
ESCUELA RURAL CRUCERO,15-03-2026,6.5
ESCUELA RURAL CRUCERO,16-03-2026,46.3
ESCUELA RURAL CRUCERO,17-03-2026,0.2
ESCUELA RURAL CRUCERO,18-03-2026,57.6
ESCUELA RURAL CRUCERO,19-03-2026,0.5
ESCUELA RURAL CRUCERO,20-03-2026,3.2
ESCUELA RURAL CRUCERO,21-03-2026,25.1
ESCUELA RURAL CRUCERO,22-03-2026,5.2
ESCUELA RURAL CRUCERO,23-03-2026,10.9
ESCUELA RURAL CRUCERO,24-03-2026,2.3
ESCUELA RURAL CRUCERO,25-03-2026,0.2
ESCUELA RURAL CRUCERO,26-03-2026,0
ESCUELA RURAL CRUCERO,27-03-2026,0
ESCUELA RURAL CRUCERO,28-03-2026,0.7
ESCUELA RURAL CRUCERO,29-03-2026,0.8
ESCUELA RURAL CRUCERO,30-03-2026,6.6
ESCUELA RURAL CRUCERO,31-03-2026,0.3
ESCUELA RURAL CRUCERO,01-04-2026,0
ESCUELA RURAL CRUCERO,02-04-2026,0.1
ESCUELA RURAL CRUCERO,03-04-2026,0.5
ESCUELA RURAL CRUCERO,04-04-2026,0
ESCUELA RURAL CRUCERO,05-04-2026,0
ESCUELA RURAL CRUCERO,06-04-2026,0
ESCUELA RURAL CRUCERO,07-04-2026,0.7
ESCUELA RURAL CRUCERO,08-04-2026,0.4
ESCUELA RURAL CRUCERO,09-04-2026,0.1
ESCUELA RURAL CRUCERO,10-04-2026,0.2
ESCUELA RURAL CRUCERO,11-04-2026,15.1
ESCUELA RURAL CRUCERO,12-04-2026,0.1
ESCUELA RURAL CRUCERO,13-04-2026,7.2
ESCUELA RURAL CRUCERO,14-04-2026,1.1
ESCUELA RURAL CRUCERO,15-04-2026,1.8
ESCUELA RURAL CRUCERO,16-04-2026,10.4
ESCUELA RURAL CRUCERO,17-04-2026,13.4
ESCUELA RURAL CRUCERO,18-04-2026,0.2
ESCUELA RURAL CRUCERO,19-04-2026,0.1
ESCUELA RURAL CRUCERO,20-04-2026,0
ESCUELA RURAL CRUCERO,21-04-2026,8.3
ESCUELA RURAL CRUCERO,22-04-2026,0.1
ESCUELA RURAL CRUCERO,23-04-2026,0.8
ESCUELA RURAL CRUCERO,24-04-2026,1.4
ESCUELA RURAL CRUCERO,25-04-2026,6.2
ESCUELA RURAL CRUCERO,26-04-2026,3.8
ESCUELA RURAL CRUCERO,27-04-2026,2.6
ESCUELA RURAL CRUCERO,28-04-2026,18.9
ESCUELA RURAL CRUCERO,29-04-2026,0.1
ESCUELA RURAL CRUCERO,30-04-2026,4.8
ESCUELA RURAL CRUCERO,01-05-2026,0
ESCUELA RURAL CRUCERO,02-05-2026,7.3
ESCUELA RURAL CRUCERO,03-05-2026,2.5
ESCUELA RURAL CRUCERO,04-05-2026,22.8
ESCUELA RURAL CRUCERO,05-05-2026,59.5
ESCUELA RURAL CRUCERO,06-05-2026,1.1
ESCUELA RURAL CRUCERO,07-05-2026,6.3
ESCUELA RURAL CRUCERO,08-05-2026,0.3
ESCUELA RURAL CRUCERO,09-05-2026,0.1
ESCUELA RURAL CRUCERO,10-05-2026,0.1
ESCUELA RURAL CRUCERO,11-05-2026,0.1
ESCUELA RURAL CRUCERO,12-05-2026,0
ESCUELA RURAL CRUCERO,13-05-2026,0
ESCUELA RURAL CRUCERO,14-05-2026,0.7
ESCUELA RURAL CRUCERO,15-05-2026,0.5
ESCUELA RURAL CRUCERO,16-05-2026,0
ESCUELA RURAL CRUCERO,17-05-2026,0.1
ESCUELA RURAL CRUCERO,18-05-2026,0
ESCUELA RURAL CRUCERO,19-05-2026,0.1
ESCUELA RURAL CRUCERO,20-05-2026,0.2
ESCUELA RURAL CRUCERO,21-05-2026,0.1
ESCUELA RURAL CRUCERO,22-05-2026,0.2
ESCUELA RURAL CRUCERO,23-05-2026,0.4
ESCUELA RURAL CRUCERO,24-05-2026,0
ESCUELA RURAL CRUCERO,25-05-2026,0.2
ESCUELA RURAL CRUCERO,26-05-2026,0
ESCUELA RURAL CRUCERO,27-05-2026,4.2
ESCUELA RURAL CRUCERO,28-05-2026,1.2
ESCUELA RURAL CRUCERO,29-05-2026,0.2
ESCUELA RURAL CRUCERO,30-05-2026,0.4
ESCUELA RURAL CRUCERO,31-05-2026,0
