NOMBRE ESTACION,FECHA,Precipitación_diaria
COLMUYAO EN ESC. COLMUYAO,01-09-2024,5.7
COLMUYAO EN ESC. COLMUYAO,02-09-2024,0.6
COLMUYAO EN ESC. COLMUYAO,03-09-2024,0
COLMUYAO EN ESC. COLMUYAO,04-09-2024,0
COLMUYAO EN ESC. COLMUYAO,05-09-2024,0.8
COLMUYAO EN ESC. COLMUYAO,06-09-2024,2.7
COLMUYAO EN ESC. COLMUYAO,07-09-2024,0
COLMUYAO EN ESC. COLMUYAO,08-09-2024,0
COLMUYAO EN ESC. COLMUYAO,09-09-2024,5.6
COLMUYAO EN ESC. COLMUYAO,10-09-2024,0
COLMUYAO EN ESC. COLMUYAO,11-09-2024,0
COLMUYAO EN ESC. COLMUYAO,12-09-2024,0.1
COLMUYAO EN ESC. COLMUYAO,13-09-2024,0
COLMUYAO EN ESC. COLMUYAO,14-09-2024,0
COLMUYAO EN ESC. COLMUYAO,15-09-2024,0
COLMUYAO EN ESC. COLMUYAO,16-09-2024,0
COLMUYAO EN ESC. COLMUYAO,17-09-2024,0
COLMUYAO EN ESC. COLMUYAO,18-09-2024,12.6
COLMUYAO EN ESC. COLMUYAO,19-09-2024,4.8
COLMUYAO EN ESC. COLMUYAO,20-09-2024,0
COLMUYAO EN ESC. COLMUYAO,21-09-2024,41.6
COLMUYAO EN ESC. COLMUYAO,22-09-2024,0
COLMUYAO EN ESC. COLMUYAO,23-09-2024,0
COLMUYAO EN ESC. COLMUYAO,24-09-2024,0
COLMUYAO EN ESC. COLMUYAO,25-09-2024,0
COLMUYAO EN ESC. COLMUYAO,26-09-2024,0
COLMUYAO EN ESC. COLMUYAO,27-09-2024,0
COLMUYAO EN ESC. COLMUYAO,28-09-2024,0.2
COLMUYAO EN ESC. COLMUYAO,29-09-2024,17.1
COLMUYAO EN ESC. COLMUYAO,30-09-2024,15.1
COLMUYAO EN ESC. COLMUYAO,01-10-2024,0
COLMUYAO EN ESC. COLMUYAO,02-10-2024,0
COLMUYAO EN ESC. COLMUYAO,03-10-2024,0
COLMUYAO EN ESC. COLMUYAO,04-10-2024,0
COLMUYAO EN ESC. COLMUYAO,05-10-2024,0
COLMUYAO EN ESC. COLMUYAO,06-10-2024,0
COLMUYAO EN ESC. COLMUYAO,07-10-2024,0
COLMUYAO EN ESC. COLMUYAO,08-10-2024,2.2
COLMUYAO EN ESC. COLMUYAO,09-10-2024,0
COLMUYAO EN ESC. COLMUYAO,10-10-2024,1.6
COLMUYAO EN ESC. COLMUYAO,11-10-2024,0.5
COLMUYAO EN ESC. COLMUYAO,12-10-2024,0
COLMUYAO EN ESC. COLMUYAO,13-10-2024,0
COLMUYAO EN ESC. COLMUYAO,14-10-2024,0
COLMUYAO EN ESC. COLMUYAO,15-10-2024,0
COLMUYAO EN ESC. COLMUYAO,16-10-2024,0
COLMUYAO EN ESC. COLMUYAO,17-10-2024,0
COLMUYAO EN ESC. COLMUYAO,18-10-2024,0.1
COLMUYAO EN ESC. COLMUYAO,19-10-2024,0.5
COLMUYAO EN ESC. COLMUYAO,20-10-2024,3
COLMUYAO EN ESC. COLMUYAO,21-10-2024,0.1
COLMUYAO EN ESC. COLMUYAO,22-10-2024,0.4
COLMUYAO EN ESC. COLMUYAO,23-10-2024,3.1
COLMUYAO EN ESC. COLMUYAO,24-10-2024,0
COLMUYAO EN ESC. COLMUYAO,25-10-2024,0
COLMUYAO EN ESC. COLMUYAO,26-10-2024,0
COLMUYAO EN ESC. COLMUYAO,27-10-2024,0
COLMUYAO EN ESC. COLMUYAO,28-10-2024,0
COLMUYAO EN ESC. COLMUYAO,29-10-2024,0
COLMUYAO EN ESC. COLMUYAO,30-10-2024,0
COLMUYAO EN ESC. COLMUYAO,31-10-2024,0.6
COLMUYAO EN ESC. COLMUYAO,01-11-2024,3.6
COLMUYAO EN ESC. COLMUYAO,02-11-2024,0
COLMUYAO EN ESC. COLMUYAO,03-11-2024,6.7
COLMUYAO EN ESC. COLMUYAO,04-11-2024,0
COLMUYAO EN ESC. COLMUYAO,05-11-2024,0
COLMUYAO EN ESC. COLMUYAO,06-11-2024,0
COLMUYAO EN ESC. COLMUYAO,07-11-2024,0
COLMUYAO EN ESC. COLMUYAO,08-11-2024,0
COLMUYAO EN ESC. COLMUYAO,09-11-2024,0.1
COLMUYAO EN ESC. COLMUYAO,10-11-2024,0
COLMUYAO EN ESC. COLMUYAO,11-11-2024,0
COLMUYAO EN ESC. COLMUYAO,12-11-2024,0
COLMUYAO EN ESC. COLMUYAO,13-11-2024,0
COLMUYAO EN ESC. COLMUYAO,14-11-2024,0
COLMUYAO EN ESC. COLMUYAO,15-11-2024,0
COLMUYAO EN ESC. COLMUYAO,16-11-2024,0
COLMUYAO EN ESC. COLMUYAO,17-11-2024,0
COLMUYAO EN ESC. COLMUYAO,18-11-2024,0.5
COLMUYAO EN ESC. COLMUYAO,19-11-2024,0.1
COLMUYAO EN ESC. COLMUYAO,20-11-2024,0
COLMUYAO EN ESC. COLMUYAO,21-11-2024,0
COLMUYAO EN ESC. COLMUYAO,22-11-2024,0
COLMUYAO EN ESC. COLMUYAO,23-11-2024,0
COLMUYAO EN ESC. COLMUYAO,24-11-2024,0
COLMUYAO EN ESC. COLMUYAO,25-11-2024,0
COLMUYAO EN ESC. COLMUYAO,26-11-2024,0
COLMUYAO EN ESC. COLMUYAO,27-11-2024,0
COLMUYAO EN ESC. COLMUYAO,28-11-2024,0
COLMUYAO EN ESC. COLMUYAO,29-11-2024,0
COLMUYAO EN ESC. COLMUYAO,30-11-2024,0
COLMUYAO EN ESC. COLMUYAO,01-12-2024,0
COLMUYAO EN ESC. COLMUYAO,02-12-2024,0
COLMUYAO EN ESC. COLMUYAO,03-12-2024,0
COLMUYAO EN ESC. COLMUYAO,04-12-2024,0.1
COLMUYAO EN ESC. COLMUYAO,05-12-2024,0
COLMUYAO EN ESC. COLMUYAO,06-12-2024,0
COLMUYAO EN ESC. COLMUYAO,07-12-2024,0
COLMUYAO EN ESC. COLMUYAO,08-12-2024,0
COLMUYAO EN ESC. COLMUYAO,09-12-2024,0
COLMUYAO EN ESC. COLMUYAO,10-12-2024,0
COLMUYAO EN ESC. COLMUYAO,11-12-2024,0
COLMUYAO EN ESC. COLMUYAO,12-12-2024,0
COLMUYAO EN ESC. COLMUYAO,13-12-2024,0
COLMUYAO EN ESC. COLMUYAO,14-12-2024,0
COLMUYAO EN ESC. COLMUYAO,15-12-2024,0
COLMUYAO EN ESC. COLMUYAO,16-12-2024,0
COLMUYAO EN ESC. COLMUYAO,17-12-2024,0
COLMUYAO EN ESC. COLMUYAO,18-12-2024,0
COLMUYAO EN ESC. COLMUYAO,19-12-2024,0
COLMUYAO EN ESC. COLMUYAO,20-12-2024,0
COLMUYAO EN ESC. COLMUYAO,21-12-2024,0
COLMUYAO EN ESC. COLMUYAO,22-12-2024,0
COLMUYAO EN ESC. COLMUYAO,23-12-2024,0
COLMUYAO EN ESC. COLMUYAO,24-12-2024,0
COLMUYAO EN ESC. COLMUYAO,25-12-2024,0.4
COLMUYAO EN ESC. COLMUYAO,26-12-2024,0
COLMUYAO EN ESC. COLMUYAO,27-12-2024,0
COLMUYAO EN ESC. COLMUYAO,28-12-2024,0
COLMUYAO EN ESC. COLMUYAO,29-12-2024,0
COLMUYAO EN ESC. COLMUYAO,30-12-2024,0
COLMUYAO EN ESC. COLMUYAO,31-12-2024,0
COLMUYAO EN ESC. COLMUYAO,01-01-2025,0
COLMUYAO EN ESC. COLMUYAO,02-01-2025,0
COLMUYAO EN ESC. COLMUYAO,03-01-2025,0
COLMUYAO EN ESC. COLMUYAO,04-01-2025,0
COLMUYAO EN ESC. COLMUYAO,05-01-2025,0
COLMUYAO EN ESC. COLMUYAO,06-01-2025,0
COLMUYAO EN ESC. COLMUYAO,07-01-2025,0
COLMUYAO EN ESC. COLMUYAO,08-01-2025,0
COLMUYAO EN ESC. COLMUYAO,09-01-2025,0
COLMUYAO EN ESC. COLMUYAO,10-01-2025,0
COLMUYAO EN ESC. COLMUYAO,11-01-2025,0
COLMUYAO EN ESC. COLMUYAO,12-01-2025,0
COLMUYAO EN ESC. COLMUYAO,13-01-2025,0
COLMUYAO EN ESC. COLMUYAO,14-01-2025,0
COLMUYAO EN ESC. COLMUYAO,15-01-2025,0
COLMUYAO EN ESC. COLMUYAO,16-01-2025,0.3
COLMUYAO EN ESC. COLMUYAO,17-01-2025,0
COLMUYAO EN ESC. COLMUYAO,18-01-2025,0
COLMUYAO EN ESC. COLMUYAO,19-01-2025,0
COLMUYAO EN ESC. COLMUYAO,20-01-2025,0
COLMUYAO EN ESC. COLMUYAO,21-01-2025,0
COLMUYAO EN ESC. COLMUYAO,22-01-2025,0
COLMUYAO EN ESC. COLMUYAO,23-01-2025,0
COLMUYAO EN ESC. COLMUYAO,24-01-2025,0
COLMUYAO EN ESC. COLMUYAO,25-01-2025,0
COLMUYAO EN ESC. COLMUYAO,26-01-2025,0
COLMUYAO EN ESC. COLMUYAO,27-01-2025,0
COLMUYAO EN ESC. COLMUYAO,28-01-2025,0
COLMUYAO EN ESC. COLMUYAO,29-01-2025,0
COLMUYAO EN ESC. COLMUYAO,30-01-2025,0
COLMUYAO EN ESC. COLMUYAO,31-01-2025,0
COLMUYAO EN ESC. COLMUYAO,01-02-2025,0
COLMUYAO EN ESC. COLMUYAO,02-02-2025,0
COLMUYAO EN ESC. COLMUYAO,03-02-2025,0
COLMUYAO EN ESC. COLMUYAO,04-02-2025,0
COLMUYAO EN ESC. COLMUYAO,05-02-2025,0
COLMUYAO EN ESC. COLMUYAO,06-02-2025,0
COLMUYAO EN ESC. COLMUYAO,07-02-2025,0
COLMUYAO EN ESC. COLMUYAO,08-02-2025,0
COLMUYAO EN ESC. COLMUYAO,09-02-2025,0
COLMUYAO EN ESC. COLMUYAO,10-02-2025,0
COLMUYAO EN ESC. COLMUYAO,11-02-2025,0
COLMUYAO EN ESC. COLMUYAO,12-02-2025,0
COLMUYAO EN ESC. COLMUYAO,13-02-2025,0
COLMUYAO EN ESC. COLMUYAO,14-02-2025,0
COLMUYAO EN ESC. COLMUYAO,15-02-2025,0
COLMUYAO EN ESC. COLMUYAO,16-02-2025,0
COLMUYAO EN ESC. COLMUYAO,17-02-2025,0
COLMUYAO EN ESC. COLMUYAO,18-02-2025,0
COLMUYAO EN ESC. COLMUYAO,19-02-2025,0
COLMUYAO EN ESC. COLMUYAO,20-02-2025,0.1
COLMUYAO EN ESC. COLMUYAO,21-02-2025,0
COLMUYAO EN ESC. COLMUYAO,22-02-2025,0
COLMUYAO EN ESC. COLMUYAO,23-02-2025,0
COLMUYAO EN ESC. COLMUYAO,24-02-2025,0
COLMUYAO EN ESC. COLMUYAO,25-02-2025,0
COLMUYAO EN ESC. COLMUYAO,26-02-2025,0
COLMUYAO EN ESC. COLMUYAO,27-02-2025,0.2
COLMUYAO EN ESC. COLMUYAO,28-02-2025,0
COLMUYAO EN ESC. COLMUYAO,01-03-2025,0
COLMUYAO EN ESC. COLMUYAO,02-03-2025,0
COLMUYAO EN ESC. COLMUYAO,03-03-2025,0
COLMUYAO EN ESC. COLMUYAO,04-03-2025,0
COLMUYAO EN ESC. COLMUYAO,05-03-2025,0
COLMUYAO EN ESC. COLMUYAO,06-03-2025,20.1
COLMUYAO EN ESC. COLMUYAO,07-03-2025,0
COLMUYAO EN ESC. COLMUYAO,08-03-2025,0
COLMUYAO EN ESC. COLMUYAO,09-03-2025,0
COLMUYAO EN ESC. COLMUYAO,10-03-2025,0
COLMUYAO EN ESC. COLMUYAO,11-03-2025,0
COLMUYAO EN ESC. COLMUYAO,12-03-2025,0
COLMUYAO EN ESC. COLMUYAO,13-03-2025,0
COLMUYAO EN ESC. COLMUYAO,14-03-2025,0
COLMUYAO EN ESC. COLMUYAO,15-03-2025,0
COLMUYAO EN ESC. COLMUYAO,16-03-2025,0
COLMUYAO EN ESC. COLMUYAO,17-03-2025,0
COLMUYAO EN ESC. COLMUYAO,18-03-2025,0
COLMUYAO EN ESC. COLMUYAO,19-03-2025,0
COLMUYAO EN ESC. COLMUYAO,20-03-2025,0
COLMUYAO EN ESC. COLMUYAO,21-03-2025,0
COLMUYAO EN ESC. COLMUYAO,22-03-2025,0
COLMUYAO EN ESC. COLMUYAO,23-03-2025,0
COLMUYAO EN ESC. COLMUYAO,24-03-2025,0
COLMUYAO EN ESC. COLMUYAO,25-03-2025,0
COLMUYAO EN ESC. COLMUYAO,26-03-2025,0
COLMUYAO EN ESC. COLMUYAO,27-03-2025,0
COLMUYAO EN ESC. COLMUYAO,28-03-2025,0
COLMUYAO EN ESC. COLMUYAO,29-03-2025,13.3
COLMUYAO EN ESC. COLMUYAO,30-03-2025,0
COLMUYAO EN ESC. COLMUYAO,31-03-2025,0
COLMUYAO EN ESC. COLMUYAO,01-04-2025,0
COLMUYAO EN ESC. COLMUYAO,02-04-2025,0
COLMUYAO EN ESC. COLMUYAO,03-04-2025,0
COLMUYAO EN ESC. COLMUYAO,04-04-2025,0
COLMUYAO EN ESC. COLMUYAO,05-04-2025,0
COLMUYAO EN ESC. COLMUYAO,06-04-2025,0
COLMUYAO EN ESC. COLMUYAO,07-04-2025,0
COLMUYAO EN ESC. COLMUYAO,08-04-2025,0
COLMUYAO EN ESC. COLMUYAO,09-04-2025,14.9
COLMUYAO EN ESC. COLMUYAO,10-04-2025,0
COLMUYAO EN ESC. COLMUYAO,11-04-2025,0
COLMUYAO EN ESC. COLMUYAO,12-04-2025,0
COLMUYAO EN ESC. COLMUYAO,13-04-2025,4.4
COLMUYAO EN ESC. COLMUYAO,14-04-2025,0.3
COLMUYAO EN ESC. COLMUYAO,15-04-2025,0
COLMUYAO EN ESC. COLMUYAO,16-04-2025,0
COLMUYAO EN ESC. COLMUYAO,17-04-2025,0
COLMUYAO EN ESC. COLMUYAO,18-04-2025,0
COLMUYAO EN ESC. COLMUYAO,19-04-2025,0
COLMUYAO EN ESC. COLMUYAO,20-04-2025,0
COLMUYAO EN ESC. COLMUYAO,21-04-2025,0
COLMUYAO EN ESC. COLMUYAO,22-04-2025,10
COLMUYAO EN ESC. COLMUYAO,23-04-2025,1.8
COLMUYAO EN ESC. COLMUYAO,24-04-2025,20.3
COLMUYAO EN ESC. COLMUYAO,25-04-2025,6.8
COLMUYAO EN ESC. COLMUYAO,26-04-2025,0
COLMUYAO EN ESC. COLMUYAO,27-04-2025,0
COLMUYAO EN ESC. COLMUYAO,28-04-2025,0
COLMUYAO EN ESC. COLMUYAO,29-04-2025,0.1
COLMUYAO EN ESC. COLMUYAO,30-04-2025,1.8
COLMUYAO EN ESC. COLMUYAO,01-05-2025,0
COLMUYAO EN ESC. COLMUYAO,02-05-2025,0
COLMUYAO EN ESC. COLMUYAO,03-05-2025,2.2
COLMUYAO EN ESC. COLMUYAO,04-05-2025,0.1
COLMUYAO EN ESC. COLMUYAO,05-05-2025,0
COLMUYAO EN ESC. COLMUYAO,06-05-2025,12.8
COLMUYAO EN ESC. COLMUYAO,07-05-2025,8.7
COLMUYAO EN ESC. COLMUYAO,08-05-2025,0
COLMUYAO EN ESC. COLMUYAO,09-05-2025,0
COLMUYAO EN ESC. COLMUYAO,10-05-2025,0
COLMUYAO EN ESC. COLMUYAO,11-05-2025,0.4
COLMUYAO EN ESC. COLMUYAO,12-05-2025,0
COLMUYAO EN ESC. COLMUYAO,13-05-2025,0
COLMUYAO EN ESC. COLMUYAO,14-05-2025,0.1
COLMUYAO EN ESC. COLMUYAO,15-05-2025,0
COLMUYAO EN ESC. COLMUYAO,16-05-2025,40.3
COLMUYAO EN ESC. COLMUYAO,17-05-2025,4.9
COLMUYAO EN ESC. COLMUYAO,18-05-2025,0
COLMUYAO EN ESC. COLMUYAO,19-05-2025,0
COLMUYAO EN ESC. COLMUYAO,20-05-2025,0.1
COLMUYAO EN ESC. COLMUYAO,21-05-2025,0
COLMUYAO EN ESC. COLMUYAO,22-05-2025,0
COLMUYAO EN ESC. COLMUYAO,23-05-2025,1.9
COLMUYAO EN ESC. COLMUYAO,24-05-2025,0
COLMUYAO EN ESC. COLMUYAO,25-05-2025,28.7
COLMUYAO EN ESC. COLMUYAO,26-05-2025,0.7
COLMUYAO EN ESC. COLMUYAO,27-05-2025,0.1
COLMUYAO EN ESC. COLMUYAO,28-05-2025,0
COLMUYAO EN ESC. COLMUYAO,29-05-2025,0
COLMUYAO EN ESC. COLMUYAO,30-05-2025,0
COLMUYAO EN ESC. COLMUYAO,31-05-2025,0
COLMUYAO EN ESC. COLMUYAO,01-06-2025,0
COLMUYAO EN ESC. COLMUYAO,02-06-2025,0
COLMUYAO EN ESC. COLMUYAO,03-06-2025,0.1
COLMUYAO EN ESC. COLMUYAO,04-06-2025,0.1
COLMUYAO EN ESC. COLMUYAO,05-06-2025,0
COLMUYAO EN ESC. COLMUYAO,06-06-2025,0
COLMUYAO EN ESC. COLMUYAO,07-06-2025,0
COLMUYAO EN ESC. COLMUYAO,08-06-2025,0
COLMUYAO EN ESC. COLMUYAO,09-06-2025,0
COLMUYAO EN ESC. COLMUYAO,10-06-2025,0
COLMUYAO EN ESC. COLMUYAO,11-06-2025,28.1
COLMUYAO EN ESC. COLMUYAO,12-06-2025,25.4
COLMUYAO EN ESC. COLMUYAO,13-06-2025,0
COLMUYAO EN ESC. COLMUYAO,14-06-2025,74.3
COLMUYAO EN ESC. COLMUYAO,15-06-2025,0.7
COLMUYAO EN ESC. COLMUYAO,16-06-2025,4
COLMUYAO EN ESC. COLMUYAO,17-06-2025,2.2
COLMUYAO EN ESC. COLMUYAO,18-06-2025,0
COLMUYAO EN ESC. COLMUYAO,19-06-2025,0
COLMUYAO EN ESC. COLMUYAO,20-06-2025,0.8
COLMUYAO EN ESC. COLMUYAO,21-06-2025,28.4
COLMUYAO EN ESC. COLMUYAO,22-06-2025,0.1
COLMUYAO EN ESC. COLMUYAO,23-06-2025,0
COLMUYAO EN ESC. COLMUYAO,24-06-2025,0.2
COLMUYAO EN ESC. COLMUYAO,25-06-2025,0
COLMUYAO EN ESC. COLMUYAO,26-06-2025,0
COLMUYAO EN ESC. COLMUYAO,27-06-2025,0
COLMUYAO EN ESC. COLMUYAO,28-06-2025,0
COLMUYAO EN ESC. COLMUYAO,29-06-2025,0
COLMUYAO EN ESC. COLMUYAO,30-06-2025,0
COLMUYAO EN ESC. COLMUYAO,01-07-2025,0
COLMUYAO EN ESC. COLMUYAO,02-07-2025,0
COLMUYAO EN ESC. COLMUYAO,03-07-2025,0
COLMUYAO EN ESC. COLMUYAO,04-07-2025,0
COLMUYAO EN ESC. COLMUYAO,05-07-2025,18.8
COLMUYAO EN ESC. COLMUYAO,06-07-2025,9
COLMUYAO EN ESC. COLMUYAO,07-07-2025,0.1
COLMUYAO EN ESC. COLMUYAO,08-07-2025,0
COLMUYAO EN ESC. COLMUYAO,09-07-2025,0
COLMUYAO EN ESC. COLMUYAO,10-07-2025,0
COLMUYAO EN ESC. COLMUYAO,11-07-2025,0.1
COLMUYAO EN ESC. COLMUYAO,12-07-2025,0.1
COLMUYAO EN ESC. COLMUYAO,13-07-2025,0
COLMUYAO EN ESC. COLMUYAO,14-07-2025,1.1
COLMUYAO EN ESC. COLMUYAO,15-07-2025,0.2
COLMUYAO EN ESC. COLMUYAO,16-07-2025,0
COLMUYAO EN ESC. COLMUYAO,17-07-2025,0
COLMUYAO EN ESC. COLMUYAO,18-07-2025,0
COLMUYAO EN ESC. COLMUYAO,19-07-2025,0
COLMUYAO EN ESC. COLMUYAO,20-07-2025,0
COLMUYAO EN ESC. COLMUYAO,21-07-2025,0.1
COLMUYAO EN ESC. COLMUYAO,22-07-2025,0
COLMUYAO EN ESC. COLMUYAO,23-07-2025,0
COLMUYAO EN ESC. COLMUYAO,24-07-2025,4.9
COLMUYAO EN ESC. COLMUYAO,25-07-2025,0
COLMUYAO EN ESC. COLMUYAO,26-07-2025,4.3
COLMUYAO EN ESC. COLMUYAO,27-07-2025,5.8
COLMUYAO EN ESC. COLMUYAO,28-07-2025,0
COLMUYAO EN ESC. COLMUYAO,29-07-2025,0
COLMUYAO EN ESC. COLMUYAO,30-07-2025,103
COLMUYAO EN ESC. COLMUYAO,31-07-2025,2.1
COLMUYAO EN ESC. COLMUYAO,01-08-2025,12.8
COLMUYAO EN ESC. COLMUYAO,02-08-2025,1.8
COLMUYAO EN ESC. COLMUYAO,03-08-2025,0.1
COLMUYAO EN ESC. COLMUYAO,04-08-2025,0
COLMUYAO EN ESC. COLMUYAO,05-08-2025,0
COLMUYAO EN ESC. COLMUYAO,06-08-2025,0.1
COLMUYAO EN ESC. COLMUYAO,07-08-2025,0
COLMUYAO EN ESC. COLMUYAO,08-08-2025,0
COLMUYAO EN ESC. COLMUYAO,09-08-2025,0.2
COLMUYAO EN ESC. COLMUYAO,10-08-2025,0
COLMUYAO EN ESC. COLMUYAO,11-08-2025,0.7
COLMUYAO EN ESC. COLMUYAO,12-08-2025,0.7
COLMUYAO EN ESC. COLMUYAO,13-08-2025,0
COLMUYAO EN ESC. COLMUYAO,14-08-2025,0
COLMUYAO EN ESC. COLMUYAO,15-08-2025,2.1
COLMUYAO EN ESC. COLMUYAO,16-08-2025,0
COLMUYAO EN ESC. COLMUYAO,17-08-2025,0
COLMUYAO EN ESC. COLMUYAO,18-08-2025,0
COLMUYAO EN ESC. COLMUYAO,19-08-2025,7.7
COLMUYAO EN ESC. COLMUYAO,20-08-2025,8.9
COLMUYAO EN ESC. COLMUYAO,21-08-2025,8.5
COLMUYAO EN ESC. COLMUYAO,22-08-2025,0
COLMUYAO EN ESC. COLMUYAO,23-08-2025,0
COLMUYAO EN ESC. COLMUYAO,24-08-2025,0
COLMUYAO EN ESC. COLMUYAO,25-08-2025,0
COLMUYAO EN ESC. COLMUYAO,26-08-2025,0
COLMUYAO EN ESC. COLMUYAO,27-08-2025,0
COLMUYAO EN ESC. COLMUYAO,28-08-2025,0
COLMUYAO EN ESC. COLMUYAO,29-08-2025,0
COLMUYAO EN ESC. COLMUYAO,30-08-2025,0
COLMUYAO EN ESC. COLMUYAO,31-08-2025,0
COLMUYAO EN ESC. COLMUYAO,01-09-2025,5.8
COLMUYAO EN ESC. COLMUYAO,02-09-2025,0.8
COLMUYAO EN ESC. COLMUYAO,03-09-2025,0
COLMUYAO EN ESC. COLMUYAO,04-09-2025,0
COLMUYAO EN ESC. COLMUYAO,05-09-2025,0
COLMUYAO EN ESC. COLMUYAO,06-09-2025,0
COLMUYAO EN ESC. COLMUYAO,07-09-2025,4
COLMUYAO EN ESC. COLMUYAO,08-09-2025,0
COLMUYAO EN ESC. COLMUYAO,09-09-2025,13.7
COLMUYAO EN ESC. COLMUYAO,10-09-2025,0
COLMUYAO EN ESC. COLMUYAO,11-09-2025,0
COLMUYAO EN ESC. COLMUYAO,12-09-2025,6.7
COLMUYAO EN ESC. COLMUYAO,13-09-2025,0.1
COLMUYAO EN ESC. COLMUYAO,14-09-2025,0
COLMUYAO EN ESC. COLMUYAO,15-09-2025,0
COLMUYAO EN ESC. COLMUYAO,16-09-2025,0
COLMUYAO EN ESC. COLMUYAO,17-09-2025,0.1
COLMUYAO EN ESC. COLMUYAO,18-09-2025,1.7
COLMUYAO EN ESC. COLMUYAO,19-09-2025,39.4
COLMUYAO EN ESC. COLMUYAO,20-09-2025,6
COLMUYAO EN ESC. COLMUYAO,21-09-2025,1
COLMUYAO EN ESC. COLMUYAO,22-09-2025,0
COLMUYAO EN ESC. COLMUYAO,23-09-2025,0
COLMUYAO EN ESC. COLMUYAO,24-09-2025,0
COLMUYAO EN ESC. COLMUYAO,25-09-2025,6.1
COLMUYAO EN ESC. COLMUYAO,26-09-2025,0.1
COLMUYAO EN ESC. COLMUYAO,27-09-2025,0
COLMUYAO EN ESC. COLMUYAO,28-09-2025,0
COLMUYAO EN ESC. COLMUYAO,29-09-2025,0
COLMUYAO EN ESC. COLMUYAO,30-09-2025,0
COLMUYAO EN ESC. COLMUYAO,01-10-2025,0
COLMUYAO EN ESC. COLMUYAO,02-10-2025,0
COLMUYAO EN ESC. COLMUYAO,03-10-2025,3.1
COLMUYAO EN ESC. COLMUYAO,04-10-2025,5.7
COLMUYAO EN ESC. COLMUYAO,05-10-2025,0
COLMUYAO EN ESC. COLMUYAO,06-10-2025,0
COLMUYAO EN ESC. COLMUYAO,07-10-2025,0
COLMUYAO EN ESC. COLMUYAO,08-10-2025,0
COLMUYAO EN ESC. COLMUYAO,09-10-2025,0.1
COLMUYAO EN ESC. COLMUYAO,10-10-2025,12
COLMUYAO EN ESC. COLMUYAO,11-10-2025,0
COLMUYAO EN ESC. COLMUYAO,12-10-2025,0
COLMUYAO EN ESC. COLMUYAO,13-10-2025,0
COLMUYAO EN ESC. COLMUYAO,14-10-2025,0.7
COLMUYAO EN ESC. COLMUYAO,15-10-2025,0
COLMUYAO EN ESC. COLMUYAO,16-10-2025,0
COLMUYAO EN ESC. COLMUYAO,17-10-2025,0
COLMUYAO EN ESC. COLMUYAO,18-10-2025,0
COLMUYAO EN ESC. COLMUYAO,19-10-2025,0
COLMUYAO EN ESC. COLMUYAO,20-10-2025,0
COLMUYAO EN ESC. COLMUYAO,21-10-2025,0
COLMUYAO EN ESC. COLMUYAO,22-10-2025,0
COLMUYAO EN ESC. COLMUYAO,23-10-2025,0
COLMUYAO EN ESC. COLMUYAO,24-10-2025,0
COLMUYAO EN ESC. COLMUYAO,25-10-2025,0
COLMUYAO EN ESC. COLMUYAO,26-10-2025,0
COLMUYAO EN ESC. COLMUYAO,27-10-2025,0
COLMUYAO EN ESC. COLMUYAO,28-10-2025,0
COLMUYAO EN ESC. COLMUYAO,29-10-2025,0
COLMUYAO EN ESC. COLMUYAO,30-10-2025,0
COLMUYAO EN ESC. COLMUYAO,31-10-2025,0
COLMUYAO EN ESC. COLMUYAO,01-11-2025,0
COLMUYAO EN ESC. COLMUYAO,02-11-2025,0
COLMUYAO EN ESC. COLMUYAO,03-11-2025,0
COLMUYAO EN ESC. COLMUYAO,04-11-2025,0
COLMUYAO EN ESC. COLMUYAO,05-11-2025,0
COLMUYAO EN ESC. COLMUYAO,06-11-2025,1.3
COLMUYAO EN ESC. COLMUYAO,07-11-2025,0.2
COLMUYAO EN ESC. COLMUYAO,08-11-2025,0
COLMUYAO EN ESC. COLMUYAO,09-11-2025,0
COLMUYAO EN ESC. COLMUYAO,10-11-2025,0
COLMUYAO EN ESC. COLMUYAO,11-11-2025,0.3
COLMUYAO EN ESC. COLMUYAO,12-11-2025,0
COLMUYAO EN ESC. COLMUYAO,13-11-2025,0
COLMUYAO EN ESC. COLMUYAO,14-11-2025,0
COLMUYAO EN ESC. COLMUYAO,15-11-2025,0
COLMUYAO EN ESC. COLMUYAO,16-11-2025,0
COLMUYAO EN ESC. COLMUYAO,17-11-2025,0
COLMUYAO EN ESC. COLMUYAO,18-11-2025,0
COLMUYAO EN ESC. COLMUYAO,19-11-2025,0
COLMUYAO EN ESC. COLMUYAO,20-11-2025,0
COLMUYAO EN ESC. COLMUYAO,21-11-2025,0
COLMUYAO EN ESC. COLMUYAO,22-11-2025,0
COLMUYAO EN ESC. COLMUYAO,23-11-2025,0
COLMUYAO EN ESC. COLMUYAO,24-11-2025,0
COLMUYAO EN ESC. COLMUYAO,25-11-2025,0.1
COLMUYAO EN ESC. COLMUYAO,26-11-2025,0.2
COLMUYAO EN ESC. COLMUYAO,27-11-2025,0
COLMUYAO EN ESC. COLMUYAO,28-11-2025,0
COLMUYAO EN ESC. COLMUYAO,29-11-2025,1.2
COLMUYAO EN ESC. COLMUYAO,30-11-2025,0
COLMUYAO EN ESC. COLMUYAO,01-12-2025,0
COLMUYAO EN ESC. COLMUYAO,02-12-2025,0
COLMUYAO EN ESC. COLMUYAO,03-12-2025,0
COLMUYAO EN ESC. COLMUYAO,04-12-2025,0
COLMUYAO EN ESC. COLMUYAO,05-12-2025,0
COLMUYAO EN ESC. COLMUYAO,06-12-2025,0
COLMUYAO EN ESC. COLMUYAO,07-12-2025,0
COLMUYAO EN ESC. COLMUYAO,08-12-2025,0
COLMUYAO EN ESC. COLMUYAO,09-12-2025,0
COLMUYAO EN ESC. COLMUYAO,10-12-2025,0
COLMUYAO EN ESC. COLMUYAO,11-12-2025,0
COLMUYAO EN ESC. COLMUYAO,12-12-2025,0.7
COLMUYAO EN ESC. COLMUYAO,13-12-2025,0
COLMUYAO EN ESC. COLMUYAO,14-12-2025,0
COLMUYAO EN ESC. COLMUYAO,15-12-2025,0
COLMUYAO EN ESC. COLMUYAO,16-12-2025,0
COLMUYAO EN ESC. COLMUYAO,17-12-2025,0
COLMUYAO EN ESC. COLMUYAO,18-12-2025,0
COLMUYAO EN ESC. COLMUYAO,19-12-2025,0
COLMUYAO EN ESC. COLMUYAO,20-12-2025,4.6
COLMUYAO EN ESC. COLMUYAO,21-12-2025,0
COLMUYAO EN ESC. COLMUYAO,22-12-2025,0
COLMUYAO EN ESC. COLMUYAO,23-12-2025,0
COLMUYAO EN ESC. COLMUYAO,24-12-2025,0
COLMUYAO EN ESC. COLMUYAO,25-12-2025,0
COLMUYAO EN ESC. COLMUYAO,26-12-2025,0
COLMUYAO EN ESC. COLMUYAO,27-12-2025,0
COLMUYAO EN ESC. COLMUYAO,28-12-2025,0
COLMUYAO EN ESC. COLMUYAO,29-12-2025,0
COLMUYAO EN ESC. COLMUYAO,30-12-2025,0
COLMUYAO EN ESC. COLMUYAO,31-12-2025,0
COLMUYAO EN ESC. COLMUYAO,01-01-2026,0
COLMUYAO EN ESC. COLMUYAO,02-01-2026,0
COLMUYAO EN ESC. COLMUYAO,03-01-2026,0
COLMUYAO EN ESC. COLMUYAO,04-01-2026,0
COLMUYAO EN ESC. COLMUYAO,05-01-2026,0
COLMUYAO EN ESC. COLMUYAO,06-01-2026,0
COLMUYAO EN ESC. COLMUYAO,07-01-2026,0
COLMUYAO EN ESC. COLMUYAO,08-01-2026,0
COLMUYAO EN ESC. COLMUYAO,09-01-2026,0
COLMUYAO EN ESC. COLMUYAO,10-01-2026,0
COLMUYAO EN ESC. COLMUYAO,11-01-2026,0
COLMUYAO EN ESC. COLMUYAO,12-01-2026,0
COLMUYAO EN ESC. COLMUYAO,13-01-2026,0
COLMUYAO EN ESC. COLMUYAO,14-01-2026,0
COLMUYAO EN ESC. COLMUYAO,15-01-2026,0
COLMUYAO EN ESC. COLMUYAO,16-01-2026,0
COLMUYAO EN ESC. COLMUYAO,17-01-2026,0
COLMUYAO EN ESC. COLMUYAO,18-01-2026,0
COLMUYAO EN ESC. COLMUYAO,19-01-2026,0
COLMUYAO EN ESC. COLMUYAO,20-01-2026,0
COLMUYAO EN ESC. COLMUYAO,21-01-2026,0
COLMUYAO EN ESC. COLMUYAO,22-01-2026,0
COLMUYAO EN ESC. COLMUYAO,23-01-2026,0
COLMUYAO EN ESC. COLMUYAO,24-01-2026,0
COLMUYAO EN ESC. COLMUYAO,25-01-2026,0
COLMUYAO EN ESC. COLMUYAO,26-01-2026,0
COLMUYAO EN ESC. COLMUYAO,27-01-2026,0
COLMUYAO EN ESC. COLMUYAO,28-01-2026,0
COLMUYAO EN ESC. COLMUYAO,29-01-2026,0
COLMUYAO EN ESC. COLMUYAO,30-01-2026,0
COLMUYAO EN ESC. COLMUYAO,31-01-2026,0
COLMUYAO EN ESC. COLMUYAO,01-02-2026,0
COLMUYAO EN ESC. COLMUYAO,02-02-2026,0.5
COLMUYAO EN ESC. COLMUYAO,03-02-2026,4.7
COLMUYAO EN ESC. COLMUYAO,04-02-2026,0
COLMUYAO EN ESC. COLMUYAO,05-02-2026,0
COLMUYAO EN ESC. COLMUYAO,06-02-2026,0
COLMUYAO EN ESC. COLMUYAO,07-02-2026,0
COLMUYAO EN ESC. COLMUYAO,08-02-2026,0.1
COLMUYAO EN ESC. COLMUYAO,09-02-2026,0
COLMUYAO EN ESC. COLMUYAO,10-02-2026,1.1
COLMUYAO EN ESC. COLMUYAO,11-02-2026,0
COLMUYAO EN ESC. COLMUYAO,12-02-2026,0
COLMUYAO EN ESC. COLMUYAO,13-02-2026,0
COLMUYAO EN ESC. COLMUYAO,14-02-2026,0
COLMUYAO EN ESC. COLMUYAO,15-02-2026,0
COLMUYAO EN ESC. COLMUYAO,16-02-2026,0
COLMUYAO EN ESC. COLMUYAO,17-02-2026,6.7
COLMUYAO EN ESC. COLMUYAO,18-02-2026,0
COLMUYAO EN ESC. COLMUYAO,19-02-2026,0
COLMUYAO EN ESC. COLMUYAO,20-02-2026,0
COLMUYAO EN ESC. COLMUYAO,21-02-2026,0
COLMUYAO EN ESC. COLMUYAO,22-02-2026,0
COLMUYAO EN ESC. COLMUYAO,23-02-2026,0
COLMUYAO EN ESC. COLMUYAO,24-02-2026,0
COLMUYAO EN ESC. COLMUYAO,25-02-2026,0
COLMUYAO EN ESC. COLMUYAO,26-02-2026,0
COLMUYAO EN ESC. COLMUYAO,27-02-2026,0
COLMUYAO EN ESC. COLMUYAO,28-02-2026,0
COLMUYAO EN ESC. COLMUYAO,01-03-2026,9.5
COLMUYAO EN ESC. COLMUYAO,02-03-2026,0.3
COLMUYAO EN ESC. COLMUYAO,03-03-2026,0
COLMUYAO EN ESC. COLMUYAO,04-03-2026,0
COLMUYAO EN ESC. COLMUYAO,05-03-2026,0
COLMUYAO EN ESC. COLMUYAO,06-03-2026,0
COLMUYAO EN ESC. COLMUYAO,07-03-2026,0
COLMUYAO EN ESC. COLMUYAO,08-03-2026,0
COLMUYAO EN ESC. COLMUYAO,09-03-2026,0
COLMUYAO EN ESC. COLMUYAO,10-03-2026,0
COLMUYAO EN ESC. COLMUYAO,11-03-2026,0
COLMUYAO EN ESC. COLMUYAO,12-03-2026,0
COLMUYAO EN ESC. COLMUYAO,13-03-2026,0
COLMUYAO EN ESC. COLMUYAO,14-03-2026,4.4
COLMUYAO EN ESC. COLMUYAO,15-03-2026,36.6
COLMUYAO EN ESC. COLMUYAO,16-03-2026,10.3
COLMUYAO EN ESC. COLMUYAO,17-03-2026,0
COLMUYAO EN ESC. COLMUYAO,18-03-2026,1.9
COLMUYAO EN ESC. COLMUYAO,19-03-2026,21.7
COLMUYAO EN ESC. COLMUYAO,20-03-2026,0
COLMUYAO EN ESC. COLMUYAO,21-03-2026,9.6
COLMUYAO EN ESC. COLMUYAO,22-03-2026,0
COLMUYAO EN ESC. COLMUYAO,23-03-2026,0
COLMUYAO EN ESC. COLMUYAO,24-03-2026,0
COLMUYAO EN ESC. COLMUYAO,25-03-2026,0
COLMUYAO EN ESC. COLMUYAO,26-03-2026,0
COLMUYAO EN ESC. COLMUYAO,27-03-2026,0
COLMUYAO EN ESC. COLMUYAO,28-03-2026,0
COLMUYAO EN ESC. COLMUYAO,29-03-2026,0
COLMUYAO EN ESC. COLMUYAO,30-03-2026,0.1
COLMUYAO EN ESC. COLMUYAO,31-03-2026,0.2
COLMUYAO EN ESC. COLMUYAO,01-04-2026,0
COLMUYAO EN ESC. COLMUYAO,02-04-2026,0
COLMUYAO EN ESC. COLMUYAO,03-04-2026,0
COLMUYAO EN ESC. COLMUYAO,04-04-2026,0
COLMUYAO EN ESC. COLMUYAO,05-04-2026,0
COLMUYAO EN ESC. COLMUYAO,06-04-2026,0
COLMUYAO EN ESC. COLMUYAO,07-04-2026,0
COLMUYAO EN ESC. COLMUYAO,08-04-2026,0
COLMUYAO EN ESC. COLMUYAO,09-04-2026,0.1
COLMUYAO EN ESC. COLMUYAO,10-04-2026,0
COLMUYAO EN ESC. COLMUYAO,11-04-2026,0
COLMUYAO EN ESC. COLMUYAO,12-04-2026,0
COLMUYAO EN ESC. COLMUYAO,13-04-2026,0
COLMUYAO EN ESC. COLMUYAO,14-04-2026,0
COLMUYAO EN ESC. COLMUYAO,15-04-2026,0
COLMUYAO EN ESC. COLMUYAO,16-04-2026,12.3
COLMUYAO EN ESC. COLMUYAO,17-04-2026,0.6
COLMUYAO EN ESC. COLMUYAO,18-04-2026,0
COLMUYAO EN ESC. COLMUYAO,19-04-2026,0
COLMUYAO EN ESC. COLMUYAO,20-04-2026,0
COLMUYAO EN ESC. COLMUYAO,21-04-2026,0
COLMUYAO EN ESC. COLMUYAO,22-04-2026,0
COLMUYAO EN ESC. COLMUYAO,23-04-2026,0
COLMUYAO EN ESC. COLMUYAO,24-04-2026,0
COLMUYAO EN ESC. COLMUYAO,25-04-2026,0
COLMUYAO EN ESC. COLMUYAO,26-04-2026,0
COLMUYAO EN ESC. COLMUYAO,27-04-2026,4.5
COLMUYAO EN ESC. COLMUYAO,28-04-2026,9
COLMUYAO EN ESC. COLMUYAO,29-04-2026,0.1
COLMUYAO EN ESC. COLMUYAO,30-04-2026,0
COLMUYAO EN ESC. COLMUYAO,01-05-2026,0
COLMUYAO EN ESC. COLMUYAO,02-05-2026,0
COLMUYAO EN ESC. COLMUYAO,03-05-2026,6
COLMUYAO EN ESC. COLMUYAO,04-05-2026,0
COLMUYAO EN ESC. COLMUYAO,05-05-2026,11.8
COLMUYAO EN ESC. COLMUYAO,06-05-2026,0.9
COLMUYAO EN ESC. COLMUYAO,07-05-2026,0.5
COLMUYAO EN ESC. COLMUYAO,08-05-2026,1
COLMUYAO EN ESC. COLMUYAO,09-05-2026,0
COLMUYAO EN ESC. COLMUYAO,10-05-2026,0
COLMUYAO EN ESC. COLMUYAO,11-05-2026,0
COLMUYAO EN ESC. COLMUYAO,12-05-2026,0
COLMUYAO EN ESC. COLMUYAO,13-05-2026,0
COLMUYAO EN ESC. COLMUYAO,14-05-2026,0
COLMUYAO EN ESC. COLMUYAO,15-05-2026,0
COLMUYAO EN ESC. COLMUYAO,16-05-2026,0
COLMUYAO EN ESC. COLMUYAO,17-05-2026,0
COLMUYAO EN ESC. COLMUYAO,18-05-2026,0
COLMUYAO EN ESC. COLMUYAO,19-05-2026,0.1
COLMUYAO EN ESC. COLMUYAO,20-05-2026,0
COLMUYAO EN ESC. COLMUYAO,21-05-2026,0
COLMUYAO EN ESC. COLMUYAO,22-05-2026,0
COLMUYAO EN ESC. COLMUYAO,23-05-2026,0
COLMUYAO EN ESC. COLMUYAO,24-05-2026,0
COLMUYAO EN ESC. COLMUYAO,25-05-2026,0
COLMUYAO EN ESC. COLMUYAO,26-05-2026,0
COLMUYAO EN ESC. COLMUYAO,27-05-2026,3.5
COLMUYAO EN ESC. COLMUYAO,28-05-2026,0
COLMUYAO EN ESC. COLMUYAO,29-05-2026,0.2
COLMUYAO EN ESC. COLMUYAO,30-05-2026,0
COLMUYAO EN ESC. COLMUYAO,31-05-2026,0
CATO EN INIA SANTA ROSA,01-05-2022,0
CATO EN INIA SANTA ROSA,02-05-2022,0
CATO EN INIA SANTA ROSA,03-05-2022,0
CATO EN INIA SANTA ROSA,04-05-2022,0
CATO EN INIA SANTA ROSA,05-05-2022,0
CATO EN INIA SANTA ROSA,06-05-2022,0
CATO EN INIA SANTA ROSA,07-05-2022,0.1
CATO EN INIA SANTA ROSA,08-05-2022,0
CATO EN INIA SANTA ROSA,09-05-2022,0
CATO EN INIA SANTA ROSA,10-05-2022,0
CATO EN INIA SANTA ROSA,11-05-2022,0
CATO EN INIA SANTA ROSA,12-05-2022,18.7
CATO EN INIA SANTA ROSA,13-05-2022,0
CATO EN INIA SANTA ROSA,14-05-2022,0
CATO EN INIA SANTA ROSA,15-05-2022,0
CATO EN INIA SANTA ROSA,16-05-2022,0.1
CATO EN INIA SANTA ROSA,17-05-2022,0.1
CATO EN INIA SANTA ROSA,18-05-2022,0
CATO EN INIA SANTA ROSA,19-05-2022,13
CATO EN INIA SANTA ROSA,20-05-2022,0.2
CATO EN INIA SANTA ROSA,21-05-2022,0
CATO EN INIA SANTA ROSA,22-05-2022,51.4
CATO EN INIA SANTA ROSA,23-05-2022,6.1
CATO EN INIA SANTA ROSA,24-05-2022,1
CATO EN INIA SANTA ROSA,25-05-2022,0
CATO EN INIA SANTA ROSA,26-05-2022,0
CATO EN INIA SANTA ROSA,27-05-2022,0
CATO EN INIA SANTA ROSA,28-05-2022,0.1
CATO EN INIA SANTA ROSA,29-05-2022,0
CATO EN INIA SANTA ROSA,30-05-2022,0
CATO EN INIA SANTA ROSA,31-05-2022,0
CATO EN INIA SANTA ROSA,01-06-2022,0
CATO EN INIA SANTA ROSA,02-06-2022,22.2
CATO EN INIA SANTA ROSA,03-06-2022,18.3
CATO EN INIA SANTA ROSA,04-06-2022,28.2
CATO EN INIA SANTA ROSA,05-06-2022,0.4
CATO EN INIA SANTA ROSA,06-06-2022,0
CATO EN INIA SANTA ROSA,07-06-2022,0
CATO EN INIA SANTA ROSA,08-06-2022,0
CATO EN INIA SANTA ROSA,09-06-2022,0
CATO EN INIA SANTA ROSA,10-06-2022,0.1
CATO EN INIA SANTA ROSA,11-06-2022,0.1
CATO EN INIA SANTA ROSA,12-06-2022,0.1
CATO EN INIA SANTA ROSA,13-06-2022,1.6
CATO EN INIA SANTA ROSA,14-06-2022,17.2
CATO EN INIA SANTA ROSA,15-06-2022,0.1
CATO EN INIA SANTA ROSA,16-06-2022,0
CATO EN INIA SANTA ROSA,17-06-2022,0.1
CATO EN INIA SANTA ROSA,18-06-2022,0
CATO EN INIA SANTA ROSA,19-06-2022,0
CATO EN INIA SANTA ROSA,20-06-2022,0
CATO EN INIA SANTA ROSA,21-06-2022,0
CATO EN INIA SANTA ROSA,22-06-2022,8.3
CATO EN INIA SANTA ROSA,23-06-2022,43.5
CATO EN INIA SANTA ROSA,24-06-2022,0
CATO EN INIA SANTA ROSA,25-06-2022,0.2
CATO EN INIA SANTA ROSA,26-06-2022,0
CATO EN INIA SANTA ROSA,27-06-2022,0
CATO EN INIA SANTA ROSA,28-06-2022,10.8
CATO EN INIA SANTA ROSA,29-06-2022,6.3
CATO EN INIA SANTA ROSA,30-06-2022,24.5
CATO EN INIA SANTA ROSA,01-09-2024,12.8
CATO EN INIA SANTA ROSA,02-09-2024,5.1
CATO EN INIA SANTA ROSA,03-09-2024,0
CATO EN INIA SANTA ROSA,04-09-2024,0
CATO EN INIA SANTA ROSA,05-09-2024,0.1
CATO EN INIA SANTA ROSA,06-09-2024,0
CATO EN INIA SANTA ROSA,07-09-2024,0
CATO EN INIA SANTA ROSA,08-09-2024,0
CATO EN INIA SANTA ROSA,09-09-2024,6.5
CATO EN INIA SANTA ROSA,10-09-2024,0
CATO EN INIA SANTA ROSA,11-09-2024,0
CATO EN INIA SANTA ROSA,12-09-2024,0
CATO EN INIA SANTA ROSA,13-09-2024,0
CATO EN INIA SANTA ROSA,14-09-2024,0
CATO EN INIA SANTA ROSA,15-09-2024,0
CATO EN INIA SANTA ROSA,16-09-2024,0
CATO EN INIA SANTA ROSA,17-09-2024,0
CATO EN INIA SANTA ROSA,18-09-2024,16.4
CATO EN INIA SANTA ROSA,19-09-2024,1.4
CATO EN INIA SANTA ROSA,20-09-2024,0
CATO EN INIA SANTA ROSA,21-09-2024,35
CATO EN INIA SANTA ROSA,22-09-2024,0.2
CATO EN INIA SANTA ROSA,23-09-2024,0
CATO EN INIA SANTA ROSA,24-09-2024,0
CATO EN INIA SANTA ROSA,25-09-2024,0
CATO EN INIA SANTA ROSA,26-09-2024,0
CATO EN INIA SANTA ROSA,27-09-2024,0
CATO EN INIA SANTA ROSA,28-09-2024,0
CATO EN INIA SANTA ROSA,29-09-2024,12.4
CATO EN INIA SANTA ROSA,30-09-2024,11.2
CATO EN INIA SANTA ROSA,01-10-2024,0.1
CATO EN INIA SANTA ROSA,02-10-2024,0
CATO EN INIA SANTA ROSA,03-10-2024,0
CATO EN INIA SANTA ROSA,04-10-2024,0
CATO EN INIA SANTA ROSA,05-10-2024,0
CATO EN INIA SANTA ROSA,06-10-2024,0
CATO EN INIA SANTA ROSA,07-10-2024,0.7
CATO EN INIA SANTA ROSA,08-10-2024,2.2
CATO EN INIA SANTA ROSA,09-10-2024,0
CATO EN INIA SANTA ROSA,10-10-2024,1.5
CATO EN INIA SANTA ROSA,11-10-2024,0.8
CATO EN INIA SANTA ROSA,12-10-2024,0
CATO EN INIA SANTA ROSA,13-10-2024,0
CATO EN INIA SANTA ROSA,14-10-2024,0
CATO EN INIA SANTA ROSA,15-10-2024,0
CATO EN INIA SANTA ROSA,16-10-2024,0
CATO EN INIA SANTA ROSA,17-10-2024,0
CATO EN INIA SANTA ROSA,18-10-2024,0.1
CATO EN INIA SANTA ROSA,19-10-2024,0
CATO EN INIA SANTA ROSA,20-10-2024,1
CATO EN INIA SANTA ROSA,21-10-2024,0
CATO EN INIA SANTA ROSA,22-10-2024,2.1
CATO EN INIA SANTA ROSA,23-10-2024,11.4
CATO EN INIA SANTA ROSA,24-10-2024,0.2
CATO EN INIA SANTA ROSA,25-10-2024,0
CATO EN INIA SANTA ROSA,26-10-2024,0
CATO EN INIA SANTA ROSA,27-10-2024,0
CATO EN INIA SANTA ROSA,28-10-2024,0
CATO EN INIA SANTA ROSA,29-10-2024,0
CATO EN INIA SANTA ROSA,30-10-2024,0.1
CATO EN INIA SANTA ROSA,31-10-2024,0
CATO EN INIA SANTA ROSA,01-11-2024,4.9
CATO EN INIA SANTA ROSA,02-11-2024,0.1
CATO EN INIA SANTA ROSA,03-11-2024,10.5
CATO EN INIA SANTA ROSA,04-11-2024,0
CATO EN INIA SANTA ROSA,05-11-2024,0
CATO EN INIA SANTA ROSA,06-11-2024,0
CATO EN INIA SANTA ROSA,07-11-2024,0
CATO EN INIA SANTA ROSA,08-11-2024,0
CATO EN INIA SANTA ROSA,09-11-2024,3.5
CATO EN INIA SANTA ROSA,10-11-2024,0
CATO EN INIA SANTA ROSA,11-11-2024,0
CATO EN INIA SANTA ROSA,12-11-2024,0
CATO EN INIA SANTA ROSA,13-11-2024,0.1
CATO EN INIA SANTA ROSA,14-11-2024,0
CATO EN INIA SANTA ROSA,15-11-2024,0
CATO EN INIA SANTA ROSA,16-11-2024,0
CATO EN INIA SANTA ROSA,17-11-2024,0
CATO EN INIA SANTA ROSA,18-11-2024,0
CATO EN INIA SANTA ROSA,19-11-2024,0
CATO EN INIA SANTA ROSA,20-11-2024,0
CATO EN INIA SANTA ROSA,21-11-2024,0
CATO EN INIA SANTA ROSA,22-11-2024,0
CATO EN INIA SANTA ROSA,23-11-2024,0
CATO EN INIA SANTA ROSA,24-11-2024,0
CATO EN INIA SANTA ROSA,25-11-2024,0
CATO EN INIA SANTA ROSA,26-11-2024,0
CATO EN INIA SANTA ROSA,27-11-2024,0
CATO EN INIA SANTA ROSA,28-11-2024,0
CATO EN INIA SANTA ROSA,29-11-2024,0
CATO EN INIA SANTA ROSA,30-11-2024,0
CATO EN INIA SANTA ROSA,01-12-2024,0
CATO EN INIA SANTA ROSA,02-12-2024,0
CATO EN INIA SANTA ROSA,03-12-2024,0
CATO EN INIA SANTA ROSA,04-12-2024,0
CATO EN INIA SANTA ROSA,05-12-2024,0.4
CATO EN INIA SANTA ROSA,06-12-2024,0
CATO EN INIA SANTA ROSA,07-12-2024,0
CATO EN INIA SANTA ROSA,08-12-2024,0
CATO EN INIA SANTA ROSA,09-12-2024,0
CATO EN INIA SANTA ROSA,10-12-2024,0
CATO EN INIA SANTA ROSA,11-12-2024,0
CATO EN INIA SANTA ROSA,12-12-2024,0
CATO EN INIA SANTA ROSA,13-12-2024,0
CATO EN INIA SANTA ROSA,14-12-2024,0
CATO EN INIA SANTA ROSA,15-12-2024,0
CATO EN INIA SANTA ROSA,16-12-2024,0
CATO EN INIA SANTA ROSA,17-12-2024,0
CATO EN INIA SANTA ROSA,18-12-2024,0
CATO EN INIA SANTA ROSA,19-12-2024,0
CATO EN INIA SANTA ROSA,20-12-2024,0
CATO EN INIA SANTA ROSA,21-12-2024,0
CATO EN INIA SANTA ROSA,22-12-2024,0
CATO EN INIA SANTA ROSA,23-12-2024,0
CATO EN INIA SANTA ROSA,24-12-2024,0
CATO EN INIA SANTA ROSA,25-12-2024,0
CATO EN INIA SANTA ROSA,26-12-2024,0
CATO EN INIA SANTA ROSA,27-12-2024,0
CATO EN INIA SANTA ROSA,28-12-2024,0
CATO EN INIA SANTA ROSA,29-12-2024,0
CATO EN INIA SANTA ROSA,30-12-2024,0
CATO EN INIA SANTA ROSA,31-12-2024,0
CATO EN INIA SANTA ROSA,01-01-2025,0
CATO EN INIA SANTA ROSA,02-01-2025,0
CATO EN INIA SANTA ROSA,03-01-2025,0
CATO EN INIA SANTA ROSA,04-01-2025,0
CATO EN INIA SANTA ROSA,05-01-2025,0
CATO EN INIA SANTA ROSA,06-01-2025,0
CATO EN INIA SANTA ROSA,07-01-2025,0
CATO EN INIA SANTA ROSA,08-01-2025,0
CATO EN INIA SANTA ROSA,09-01-2025,0
CATO EN INIA SANTA ROSA,10-01-2025,0
CATO EN INIA SANTA ROSA,11-01-2025,0
CATO EN INIA SANTA ROSA,12-01-2025,0
CATO EN INIA SANTA ROSA,13-01-2025,0
CATO EN INIA SANTA ROSA,14-01-2025,0
CATO EN INIA SANTA ROSA,15-01-2025,0
CATO EN INIA SANTA ROSA,16-01-2025,0
CATO EN INIA SANTA ROSA,17-01-2025,0
CATO EN INIA SANTA ROSA,18-01-2025,0
CATO EN INIA SANTA ROSA,19-01-2025,0
CATO EN INIA SANTA ROSA,20-01-2025,0
CATO EN INIA SANTA ROSA,21-01-2025,0
CATO EN INIA SANTA ROSA,22-01-2025,0
CATO EN INIA SANTA ROSA,23-01-2025,0
CATO EN INIA SANTA ROSA,24-01-2025,0
CATO EN INIA SANTA ROSA,25-01-2025,0
CATO EN INIA SANTA ROSA,26-01-2025,0
CATO EN INIA SANTA ROSA,27-01-2025,0
CATO EN INIA SANTA ROSA,28-01-2025,0
CATO EN INIA SANTA ROSA,29-01-2025,0
CATO EN INIA SANTA ROSA,30-01-2025,0
CATO EN INIA SANTA ROSA,31-01-2025,0
CATO EN INIA SANTA ROSA,01-02-2025,0
CATO EN INIA SANTA ROSA,02-02-2025,0
CATO EN INIA SANTA ROSA,03-02-2025,0
CATO EN INIA SANTA ROSA,04-02-2025,0
CATO EN INIA SANTA ROSA,05-02-2025,0
CATO EN INIA SANTA ROSA,06-02-2025,0
CATO EN INIA SANTA ROSA,07-02-2025,0
CATO EN INIA SANTA ROSA,08-02-2025,0
CATO EN INIA SANTA ROSA,09-02-2025,0
CATO EN INIA SANTA ROSA,10-02-2025,0
CATO EN INIA SANTA ROSA,11-02-2025,0
CATO EN INIA SANTA ROSA,12-02-2025,0
CATO EN INIA SANTA ROSA,13-02-2025,0
CATO EN INIA SANTA ROSA,14-02-2025,0
CATO EN INIA SANTA ROSA,15-02-2025,0
CATO EN INIA SANTA ROSA,16-02-2025,0
CATO EN INIA SANTA ROSA,17-02-2025,0
CATO EN INIA SANTA ROSA,18-02-2025,0
CATO EN INIA SANTA ROSA,19-02-2025,0
CATO EN INIA SANTA ROSA,20-02-2025,0
CATO EN INIA SANTA ROSA,21-02-2025,0
CATO EN INIA SANTA ROSA,22-02-2025,0
CATO EN INIA SANTA ROSA,23-02-2025,0
CATO EN INIA SANTA ROSA,24-02-2025,0
CATO EN INIA SANTA ROSA,25-02-2025,0
CATO EN INIA SANTA ROSA,26-02-2025,0
CATO EN INIA SANTA ROSA,27-02-2025,0
CATO EN INIA SANTA ROSA,28-02-2025,0.2
CATO EN INIA SANTA ROSA,01-03-2025,0
CATO EN INIA SANTA ROSA,02-03-2025,0
CATO EN INIA SANTA ROSA,03-03-2025,0
CATO EN INIA SANTA ROSA,04-03-2025,0
CATO EN INIA SANTA ROSA,05-03-2025,0
CATO EN INIA SANTA ROSA,06-03-2025,15.3
CATO EN INIA SANTA ROSA,07-03-2025,8.5
CATO EN INIA SANTA ROSA,08-03-2025,0
CATO EN INIA SANTA ROSA,09-03-2025,0
CATO EN INIA SANTA ROSA,10-03-2025,0
CATO EN INIA SANTA ROSA,11-03-2025,0
CATO EN INIA SANTA ROSA,12-03-2025,0
CATO EN INIA SANTA ROSA,13-03-2025,0
CATO EN INIA SANTA ROSA,14-03-2025,0
CATO EN INIA SANTA ROSA,15-03-2025,0
CATO EN INIA SANTA ROSA,16-03-2025,0
CATO EN INIA SANTA ROSA,17-03-2025,0
CATO EN INIA SANTA ROSA,18-03-2025,0
CATO EN INIA SANTA ROSA,19-03-2025,0
CATO EN INIA SANTA ROSA,20-03-2025,0
CATO EN INIA SANTA ROSA,21-03-2025,0
CATO EN INIA SANTA ROSA,22-03-2025,0
CATO EN INIA SANTA ROSA,23-03-2025,0
CATO EN INIA SANTA ROSA,24-03-2025,0
CATO EN INIA SANTA ROSA,25-03-2025,0.2
CATO EN INIA SANTA ROSA,26-03-2025,0
CATO EN INIA SANTA ROSA,27-03-2025,0
CATO EN INIA SANTA ROSA,28-03-2025,0
CATO EN INIA SANTA ROSA,29-03-2025,51.1
CATO EN INIA SANTA ROSA,30-03-2025,0
CATO EN INIA SANTA ROSA,31-03-2025,0
CATO EN INIA SANTA ROSA,01-04-2025,0
CATO EN INIA SANTA ROSA,02-04-2025,0
CATO EN INIA SANTA ROSA,03-04-2025,0
CATO EN INIA SANTA ROSA,04-04-2025,0
CATO EN INIA SANTA ROSA,05-04-2025,0
CATO EN INIA SANTA ROSA,06-04-2025,0.1
CATO EN INIA SANTA ROSA,07-04-2025,0.1
CATO EN INIA SANTA ROSA,08-04-2025,0
CATO EN INIA SANTA ROSA,09-04-2025,12.2
CATO EN INIA SANTA ROSA,10-04-2025,6.9
CATO EN INIA SANTA ROSA,11-04-2025,0
CATO EN INIA SANTA ROSA,12-04-2025,0.1
CATO EN INIA SANTA ROSA,13-04-2025,0
CATO EN INIA SANTA ROSA,14-04-2025,7.6
CATO EN INIA SANTA ROSA,15-04-2025,0
CATO EN INIA SANTA ROSA,16-04-2025,0
CATO EN INIA SANTA ROSA,17-04-2025,0
CATO EN INIA SANTA ROSA,18-04-2025,0.1
CATO EN INIA SANTA ROSA,19-04-2025,0
CATO EN INIA SANTA ROSA,20-04-2025,0
CATO EN INIA SANTA ROSA,21-04-2025,0
CATO EN INIA SANTA ROSA,22-04-2025,19.7
CATO EN INIA SANTA ROSA,23-04-2025,0.3
CATO EN INIA SANTA ROSA,24-04-2025,15.4
CATO EN INIA SANTA ROSA,25-04-2025,2.8
CATO EN INIA SANTA ROSA,26-04-2025,0
CATO EN INIA SANTA ROSA,27-04-2025,0
CATO EN INIA SANTA ROSA,28-04-2025,0.1
CATO EN INIA SANTA ROSA,29-04-2025,0.1
CATO EN INIA SANTA ROSA,30-04-2025,0
CATO EN INIA SANTA ROSA,01-05-2025,0.2
CATO EN INIA SANTA ROSA,02-05-2025,0
CATO EN INIA SANTA ROSA,03-05-2025,2.9
CATO EN INIA SANTA ROSA,04-05-2025,0.1
CATO EN INIA SANTA ROSA,05-05-2025,0
CATO EN INIA SANTA ROSA,06-05-2025,1.9
CATO EN INIA SANTA ROSA,07-05-2025,7.6
CATO EN INIA SANTA ROSA,08-05-2025,5.3
CATO EN INIA SANTA ROSA,09-05-2025,0
CATO EN INIA SANTA ROSA,10-05-2025,0.2
CATO EN INIA SANTA ROSA,11-05-2025,0
CATO EN INIA SANTA ROSA,12-05-2025,0.1
CATO EN INIA SANTA ROSA,13-05-2025,0.1
CATO EN INIA SANTA ROSA,14-05-2025,0.2
CATO EN INIA SANTA ROSA,15-05-2025,0.1
CATO EN INIA SANTA ROSA,16-05-2025,16.6
CATO EN INIA SANTA ROSA,17-05-2025,15.1
CATO EN INIA SANTA ROSA,18-05-2025,0.1
CATO EN INIA SANTA ROSA,19-05-2025,0
CATO EN INIA SANTA ROSA,20-05-2025,0
CATO EN INIA SANTA ROSA,21-05-2025,0.1
CATO EN INIA SANTA ROSA,22-05-2025,0.1
CATO EN INIA SANTA ROSA,23-05-2025,2
CATO EN INIA SANTA ROSA,24-05-2025,0.1
CATO EN INIA SANTA ROSA,25-05-2025,33.5
CATO EN INIA SANTA ROSA,26-05-2025,1.4
CATO EN INIA SANTA ROSA,27-05-2025,0.1
CATO EN INIA SANTA ROSA,28-05-2025,0.1
CATO EN INIA SANTA ROSA,29-05-2025,0.1
CATO EN INIA SANTA ROSA,30-05-2025,0
CATO EN INIA SANTA ROSA,31-05-2025,0
CATO EN INIA SANTA ROSA,01-06-2025,0
CATO EN INIA SANTA ROSA,02-06-2025,0
CATO EN INIA SANTA ROSA,03-06-2025,0.1
CATO EN INIA SANTA ROSA,04-06-2025,0.1
CATO EN INIA SANTA ROSA,05-06-2025,0.2
CATO EN INIA SANTA ROSA,06-06-2025,0
CATO EN INIA SANTA ROSA,07-06-2025,0.2
CATO EN INIA SANTA ROSA,08-06-2025,0.2
CATO EN INIA SANTA ROSA,09-06-2025,0
CATO EN INIA SANTA ROSA,10-06-2025,0.2
CATO EN INIA SANTA ROSA,11-06-2025,18.5
CATO EN INIA SANTA ROSA,12-06-2025,39.8
CATO EN INIA SANTA ROSA,13-06-2025,6.3
CATO EN INIA SANTA ROSA,14-06-2025,57.2
CATO EN INIA SANTA ROSA,15-06-2025,22.1
CATO EN INIA SANTA ROSA,16-06-2025,0.1
CATO EN INIA SANTA ROSA,17-06-2025,0
CATO EN INIA SANTA ROSA,18-06-2025,0.1
CATO EN INIA SANTA ROSA,19-06-2025,0.2
CATO EN INIA SANTA ROSA,20-06-2025,0.1
CATO EN INIA SANTA ROSA,21-06-2025,16.5
CATO EN INIA SANTA ROSA,22-06-2025,0
CATO EN INIA SANTA ROSA,23-06-2025,0
CATO EN INIA SANTA ROSA,24-06-2025,0.5
CATO EN INIA SANTA ROSA,25-06-2025,0
CATO EN INIA SANTA ROSA,26-06-2025,0
CATO EN INIA SANTA ROSA,27-06-2025,0
CATO EN INIA SANTA ROSA,28-06-2025,0.1
CATO EN INIA SANTA ROSA,29-06-2025,0.1
CATO EN INIA SANTA ROSA,30-06-2025,0
CATO EN INIA SANTA ROSA,01-07-2025,0
CATO EN INIA SANTA ROSA,02-07-2025,0
CATO EN INIA SANTA ROSA,03-07-2025,0.1
CATO EN INIA SANTA ROSA,04-07-2025,0
CATO EN INIA SANTA ROSA,05-07-2025,2.9
CATO EN INIA SANTA ROSA,06-07-2025,7.3
CATO EN INIA SANTA ROSA,07-07-2025,0
CATO EN INIA SANTA ROSA,08-07-2025,0
CATO EN INIA SANTA ROSA,09-07-2025,0
CATO EN INIA SANTA ROSA,10-07-2025,0
CATO EN INIA SANTA ROSA,11-07-2025,0
CATO EN INIA SANTA ROSA,12-07-2025,0.1
CATO EN INIA SANTA ROSA,13-07-2025,0
CATO EN INIA SANTA ROSA,14-07-2025,4
CATO EN INIA SANTA ROSA,15-07-2025,3.2
CATO EN INIA SANTA ROSA,16-07-2025,0.1
CATO EN INIA SANTA ROSA,17-07-2025,0
CATO EN INIA SANTA ROSA,18-07-2025,0.2
CATO EN INIA SANTA ROSA,19-07-2025,0
CATO EN INIA SANTA ROSA,20-07-2025,0
CATO EN INIA SANTA ROSA,21-07-2025,0
CATO EN INIA SANTA ROSA,22-07-2025,0.1
CATO EN INIA SANTA ROSA,23-07-2025,0.1
CATO EN INIA SANTA ROSA,24-07-2025,7.2
CATO EN INIA SANTA ROSA,25-07-2025,1.6
CATO EN INIA SANTA ROSA,26-07-2025,2.9
CATO EN INIA SANTA ROSA,27-07-2025,7.9
CATO EN INIA SANTA ROSA,28-07-2025,0
CATO EN INIA SANTA ROSA,29-07-2025,0
CATO EN INIA SANTA ROSA,30-07-2025,30.6
CATO EN INIA SANTA ROSA,31-07-2025,28.2
CATO EN INIA SANTA ROSA,01-08-2025,27.8
CATO EN INIA SANTA ROSA,02-08-2025,6.4
CATO EN INIA SANTA ROSA,03-08-2025,0.1
CATO EN INIA SANTA ROSA,04-08-2025,0
CATO EN INIA SANTA ROSA,05-08-2025,0
CATO EN INIA SANTA ROSA,06-08-2025,0.1
CATO EN INIA SANTA ROSA,07-08-2025,0.1
CATO EN INIA SANTA ROSA,08-08-2025,0.1
CATO EN INIA SANTA ROSA,09-08-2025,0.1
CATO EN INIA SANTA ROSA,10-08-2025,0.1
CATO EN INIA SANTA ROSA,11-08-2025,0
CATO EN INIA SANTA ROSA,12-08-2025,0
CATO EN INIA SANTA ROSA,13-08-2025,0
CATO EN INIA SANTA ROSA,14-08-2025,0
CATO EN INIA SANTA ROSA,15-08-2025,2.4
CATO EN INIA SANTA ROSA,16-08-2025,0
CATO EN INIA SANTA ROSA,17-08-2025,0
CATO EN INIA SANTA ROSA,18-08-2025,0.2
CATO EN INIA SANTA ROSA,19-08-2025,7.9
CATO EN INIA SANTA ROSA,20-08-2025,11
CATO EN INIA SANTA ROSA,21-08-2025,24.5
CATO EN INIA SANTA ROSA,22-08-2025,6.1
CATO EN INIA SANTA ROSA,23-08-2025,0
CATO EN INIA SANTA ROSA,24-08-2025,0.1
CATO EN INIA SANTA ROSA,25-08-2025,0
CATO EN INIA SANTA ROSA,26-08-2025,0.1
CATO EN INIA SANTA ROSA,27-08-2025,0.2
CATO EN INIA SANTA ROSA,28-08-2025,0
CATO EN INIA SANTA ROSA,29-08-2025,1.1
CATO EN INIA SANTA ROSA,30-08-2025,0.1
CATO EN INIA SANTA ROSA,31-08-2025,0.7
CATO EN INIA SANTA ROSA,01-09-2025,2.8
CATO EN INIA SANTA ROSA,02-09-2025,2.6
CATO EN INIA SANTA ROSA,03-09-2025,0.1
CATO EN INIA SANTA ROSA,04-09-2025,0
CATO EN INIA SANTA ROSA,05-09-2025,0.2
CATO EN INIA SANTA ROSA,06-09-2025,0
CATO EN INIA SANTA ROSA,07-09-2025,0.6
CATO EN INIA SANTA ROSA,08-09-2025,0
CATO EN INIA SANTA ROSA,09-09-2025,6.7
CATO EN INIA SANTA ROSA,10-09-2025,0
CATO EN INIA SANTA ROSA,11-09-2025,0
CATO EN INIA SANTA ROSA,12-09-2025,17.5
CATO EN INIA SANTA ROSA,13-09-2025,0.2
CATO EN INIA SANTA ROSA,14-09-2025,0
CATO EN INIA SANTA ROSA,15-09-2025,0
CATO EN INIA SANTA ROSA,16-09-2025,0
CATO EN INIA SANTA ROSA,17-09-2025,0
CATO EN INIA SANTA ROSA,18-09-2025,0
CATO EN INIA SANTA ROSA,19-09-2025,20.1
CATO EN INIA SANTA ROSA,20-09-2025,11.5
CATO EN INIA SANTA ROSA,21-09-2025,10.6
CATO EN INIA SANTA ROSA,22-09-2025,0
CATO EN INIA SANTA ROSA,23-09-2025,0
CATO EN INIA SANTA ROSA,24-09-2025,0
CATO EN INIA SANTA ROSA,25-09-2025,7.6
CATO EN INIA SANTA ROSA,26-09-2025,2
CATO EN INIA SANTA ROSA,27-09-2025,0
CATO EN INIA SANTA ROSA,28-09-2025,0.1
CATO EN INIA SANTA ROSA,29-09-2025,0
CATO EN INIA SANTA ROSA,30-09-2025,0
CATO EN INIA SANTA ROSA,01-10-2025,0
CATO EN INIA SANTA ROSA,02-10-2025,0
CATO EN INIA SANTA ROSA,03-10-2025,10.2
CATO EN INIA SANTA ROSA,04-10-2025,7.4
CATO EN INIA SANTA ROSA,05-10-2025,2.5
CATO EN INIA SANTA ROSA,06-10-2025,0
CATO EN INIA SANTA ROSA,07-10-2025,0
CATO EN INIA SANTA ROSA,08-10-2025,0
CATO EN INIA SANTA ROSA,09-10-2025,0
CATO EN INIA SANTA ROSA,10-10-2025,14.5
CATO EN INIA SANTA ROSA,11-10-2025,0
CATO EN INIA SANTA ROSA,12-10-2025,0
CATO EN INIA SANTA ROSA,13-10-2025,0
CATO EN INIA SANTA ROSA,14-10-2025,0
CATO EN INIA SANTA ROSA,15-10-2025,0
CATO EN INIA SANTA ROSA,16-10-2025,0
CATO EN INIA SANTA ROSA,17-10-2025,0
CATO EN INIA SANTA ROSA,18-10-2025,0
CATO EN INIA SANTA ROSA,19-10-2025,0
CATO EN INIA SANTA ROSA,20-10-2025,0
CATO EN INIA SANTA ROSA,21-10-2025,0
CATO EN INIA SANTA ROSA,22-10-2025,0
CATO EN INIA SANTA ROSA,23-10-2025,0
CATO EN INIA SANTA ROSA,24-10-2025,0
CATO EN INIA SANTA ROSA,25-10-2025,0
CATO EN INIA SANTA ROSA,26-10-2025,0
CATO EN INIA SANTA ROSA,27-10-2025,0
CATO EN INIA SANTA ROSA,28-10-2025,0
CATO EN INIA SANTA ROSA,29-10-2025,0
CATO EN INIA SANTA ROSA,30-10-2025,0
CATO EN INIA SANTA ROSA,31-10-2025,0
CATO EN INIA SANTA ROSA,01-11-2025,0
CATO EN INIA SANTA ROSA,02-11-2025,0
CATO EN INIA SANTA ROSA,03-11-2025,0
CATO EN INIA SANTA ROSA,04-11-2025,0.1
CATO EN INIA SANTA ROSA,05-11-2025,0
CATO EN INIA SANTA ROSA,06-11-2025,0
CATO EN INIA SANTA ROSA,07-11-2025,0
CATO EN INIA SANTA ROSA,08-11-2025,0
CATO EN INIA SANTA ROSA,09-11-2025,0
CATO EN INIA SANTA ROSA,10-11-2025,0
CATO EN INIA SANTA ROSA,11-11-2025,0
CATO EN INIA SANTA ROSA,12-11-2025,0
CATO EN INIA SANTA ROSA,13-11-2025,0
CATO EN INIA SANTA ROSA,14-11-2025,0
CATO EN INIA SANTA ROSA,15-11-2025,0
CATO EN INIA SANTA ROSA,16-11-2025,0
CATO EN INIA SANTA ROSA,17-11-2025,0
CATO EN INIA SANTA ROSA,18-11-2025,0
CATO EN INIA SANTA ROSA,19-11-2025,0
CATO EN INIA SANTA ROSA,20-11-2025,0
CATO EN INIA SANTA ROSA,21-11-2025,0
CATO EN INIA SANTA ROSA,22-11-2025,0
CATO EN INIA SANTA ROSA,23-11-2025,0
CATO EN INIA SANTA ROSA,24-11-2025,0
CATO EN INIA SANTA ROSA,25-11-2025,0
CATO EN INIA SANTA ROSA,26-11-2025,0
CATO EN INIA SANTA ROSA,27-11-2025,0
CATO EN INIA SANTA ROSA,28-11-2025,0
CATO EN INIA SANTA ROSA,29-11-2025,0
CATO EN INIA SANTA ROSA,30-11-2025,0
CATO EN INIA SANTA ROSA,01-12-2025,0
CATO EN INIA SANTA ROSA,02-12-2025,0
CATO EN INIA SANTA ROSA,03-12-2025,0
CATO EN INIA SANTA ROSA,04-12-2025,0
CATO EN INIA SANTA ROSA,05-12-2025,0
CATO EN INIA SANTA ROSA,06-12-2025,0
CATO EN INIA SANTA ROSA,07-12-2025,0
CATO EN INIA SANTA ROSA,08-12-2025,0
CATO EN INIA SANTA ROSA,09-12-2025,0
CATO EN INIA SANTA ROSA,10-12-2025,0
CATO EN INIA SANTA ROSA,11-12-2025,0
CATO EN INIA SANTA ROSA,12-12-2025,0
CATO EN INIA SANTA ROSA,13-12-2025,0
CATO EN INIA SANTA ROSA,14-12-2025,0
CATO EN INIA SANTA ROSA,15-12-2025,0
CATO EN INIA SANTA ROSA,16-12-2025,0
CATO EN INIA SANTA ROSA,17-12-2025,0
CATO EN INIA SANTA ROSA,18-12-2025,0
CATO EN INIA SANTA ROSA,19-12-2025,0
CATO EN INIA SANTA ROSA,20-12-2025,5.8
CATO EN INIA SANTA ROSA,21-12-2025,0.2
CATO EN INIA SANTA ROSA,22-12-2025,0
CATO EN INIA SANTA ROSA,23-12-2025,0
CATO EN INIA SANTA ROSA,24-12-2025,0
CATO EN INIA SANTA ROSA,25-12-2025,0
CATO EN INIA SANTA ROSA,26-12-2025,0
CATO EN INIA SANTA ROSA,27-12-2025,0
CATO EN INIA SANTA ROSA,28-12-2025,0
CATO EN INIA SANTA ROSA,29-12-2025,0
CATO EN INIA SANTA ROSA,30-12-2025,0
CATO EN INIA SANTA ROSA,31-12-2025,0
CATO EN INIA SANTA ROSA,01-01-2026,0
CATO EN INIA SANTA ROSA,02-01-2026,0
CATO EN INIA SANTA ROSA,03-01-2026,0
CATO EN INIA SANTA ROSA,04-01-2026,0
CATO EN INIA SANTA ROSA,05-01-2026,0
CATO EN INIA SANTA ROSA,06-01-2026,0
CATO EN INIA SANTA ROSA,07-01-2026,0
CATO EN INIA SANTA ROSA,08-01-2026,0
CATO EN INIA SANTA ROSA,09-01-2026,0
CATO EN INIA SANTA ROSA,10-01-2026,0
CATO EN INIA SANTA ROSA,11-01-2026,0
CATO EN INIA SANTA ROSA,12-01-2026,0
CATO EN INIA SANTA ROSA,13-01-2026,0
CATO EN INIA SANTA ROSA,14-01-2026,0
CATO EN INIA SANTA ROSA,15-01-2026,0
CATO EN INIA SANTA ROSA,16-01-2026,0
CATO EN INIA SANTA ROSA,17-01-2026,0
CATO EN INIA SANTA ROSA,18-01-2026,0
CATO EN INIA SANTA ROSA,19-01-2026,0
CATO EN INIA SANTA ROSA,20-01-2026,0
CATO EN INIA SANTA ROSA,21-01-2026,0
CATO EN INIA SANTA ROSA,22-01-2026,0
CATO EN INIA SANTA ROSA,23-01-2026,0
CATO EN INIA SANTA ROSA,24-01-2026,0
CATO EN INIA SANTA ROSA,25-01-2026,0
CATO EN INIA SANTA ROSA,26-01-2026,0
CATO EN INIA SANTA ROSA,27-01-2026,0
CATO EN INIA SANTA ROSA,28-01-2026,0
CATO EN INIA SANTA ROSA,29-01-2026,0
CATO EN INIA SANTA ROSA,30-01-2026,1.9
CATO EN INIA SANTA ROSA,31-01-2026,0
CATO EN INIA SANTA ROSA,01-02-2026,0
CATO EN INIA SANTA ROSA,02-02-2026,0
CATO EN INIA SANTA ROSA,03-02-2026,3.8
CATO EN INIA SANTA ROSA,04-02-2026,5
CATO EN INIA SANTA ROSA,05-02-2026,0
CATO EN INIA SANTA ROSA,06-02-2026,0
CATO EN INIA SANTA ROSA,07-02-2026,0
CATO EN INIA SANTA ROSA,08-02-2026,0
CATO EN INIA SANTA ROSA,09-02-2026,0
CATO EN INIA SANTA ROSA,10-02-2026,4.2
CATO EN INIA SANTA ROSA,11-02-2026,0
CATO EN INIA SANTA ROSA,12-02-2026,0
CATO EN INIA SANTA ROSA,13-02-2026,0
CATO EN INIA SANTA ROSA,14-02-2026,0
CATO EN INIA SANTA ROSA,15-02-2026,0
CATO EN INIA SANTA ROSA,16-02-2026,0
CATO EN INIA SANTA ROSA,17-02-2026,0
CATO EN INIA SANTA ROSA,18-02-2026,0
CATO EN INIA SANTA ROSA,19-02-2026,0
CATO EN INIA SANTA ROSA,20-02-2026,0
CATO EN INIA SANTA ROSA,21-02-2026,0
CATO EN INIA SANTA ROSA,22-02-2026,0
CATO EN INIA SANTA ROSA,23-02-2026,0
CATO EN INIA SANTA ROSA,24-02-2026,0
CATO EN INIA SANTA ROSA,25-02-2026,0
CATO EN INIA SANTA ROSA,26-02-2026,0
CATO EN INIA SANTA ROSA,27-02-2026,0
CATO EN INIA SANTA ROSA,28-02-2026,0
CATO EN INIA SANTA ROSA,01-03-2026,12
CATO EN INIA SANTA ROSA,02-03-2026,0
CATO EN INIA SANTA ROSA,03-03-2026,0
CATO EN INIA SANTA ROSA,04-03-2026,0
CATO EN INIA SANTA ROSA,05-03-2026,0
CATO EN INIA SANTA ROSA,06-03-2026,0
CATO EN INIA SANTA ROSA,07-03-2026,0
CATO EN INIA SANTA ROSA,08-03-2026,0
CATO EN INIA SANTA ROSA,09-03-2026,0
CATO EN INIA SANTA ROSA,10-03-2026,0
CATO EN INIA SANTA ROSA,11-03-2026,0
CATO EN INIA SANTA ROSA,12-03-2026,0
CATO EN INIA SANTA ROSA,13-03-2026,0
CATO EN INIA SANTA ROSA,14-03-2026,5.3
CATO EN INIA SANTA ROSA,15-03-2026,45.7
CATO EN INIA SANTA ROSA,16-03-2026,7.9
CATO EN INIA SANTA ROSA,17-03-2026,0
CATO EN INIA SANTA ROSA,18-03-2026,0
CATO EN INIA SANTA ROSA,19-03-2026,68.4
CATO EN INIA SANTA ROSA,20-03-2026,3.9
CATO EN INIA SANTA ROSA,21-03-2026,16.2
CATO EN INIA SANTA ROSA,22-03-2026,2.7
CATO EN INIA SANTA ROSA,23-03-2026,0
CATO EN INIA SANTA ROSA,24-03-2026,0.1
CATO EN INIA SANTA ROSA,25-03-2026,0
CATO EN INIA SANTA ROSA,26-03-2026,0.1
CATO EN INIA SANTA ROSA,27-03-2026,0.1
CATO EN INIA SANTA ROSA,28-03-2026,0
CATO EN INIA SANTA ROSA,29-03-2026,0
CATO EN INIA SANTA ROSA,30-03-2026,0.1
CATO EN INIA SANTA ROSA,31-03-2026,0.1
CATO EN INIA SANTA ROSA,01-04-2026,0
CATO EN INIA SANTA ROSA,02-04-2026,0
CATO EN INIA SANTA ROSA,03-04-2026,0
CATO EN INIA SANTA ROSA,04-04-2026,0
CATO EN INIA SANTA ROSA,05-04-2026,0
CATO EN INIA SANTA ROSA,06-04-2026,0
CATO EN INIA SANTA ROSA,07-04-2026,0
CATO EN INIA SANTA ROSA,08-04-2026,0.1
CATO EN INIA SANTA ROSA,09-04-2026,0.1
CATO EN INIA SANTA ROSA,10-04-2026,0
CATO EN INIA SANTA ROSA,11-04-2026,0.1
CATO EN INIA SANTA ROSA,12-04-2026,0.1
CATO EN INIA SANTA ROSA,13-04-2026,0.1
CATO EN INIA SANTA ROSA,14-04-2026,0.1
CATO EN INIA SANTA ROSA,15-04-2026,0
CATO EN INIA SANTA ROSA,16-04-2026,12
CATO EN INIA SANTA ROSA,17-04-2026,0.8
CATO EN INIA SANTA ROSA,18-04-2026,0
CATO EN INIA SANTA ROSA,19-04-2026,0
CATO EN INIA SANTA ROSA,20-04-2026,1
CATO EN INIA SANTA ROSA,21-04-2026,0
CATO EN INIA SANTA ROSA,22-04-2026,0.1
CATO EN INIA SANTA ROSA,23-04-2026,0
CATO EN INIA SANTA ROSA,24-04-2026,0.1
CATO EN INIA SANTA ROSA,25-04-2026,0
CATO EN INIA SANTA ROSA,26-04-2026,0
CATO EN INIA SANTA ROSA,27-04-2026,1.5
CATO EN INIA SANTA ROSA,28-04-2026,16.1
CATO EN INIA SANTA ROSA,29-04-2026,0.2
CATO EN INIA SANTA ROSA,30-04-2026,0
CATO EN INIA SANTA ROSA,01-05-2026,0
CATO EN INIA SANTA ROSA,02-05-2026,0.1
CATO EN INIA SANTA ROSA,03-05-2026,0.5
CATO EN INIA SANTA ROSA,04-05-2026,0.1
CATO EN INIA SANTA ROSA,05-05-2026,18.8
CATO EN INIA SANTA ROSA,06-05-2026,6.6
CATO EN INIA SANTA ROSA,07-05-2026,0.8
CATO EN INIA SANTA ROSA,08-05-2026,2.2
CATO EN INIA SANTA ROSA,09-05-2026,0
CATO EN INIA SANTA ROSA,10-05-2026,0.1
CATO EN INIA SANTA ROSA,11-05-2026,0.2
CATO EN INIA SANTA ROSA,12-05-2026,0.2
CATO EN INIA SANTA ROSA,13-05-2026,0.2
CATO EN INIA SANTA ROSA,14-05-2026,0
CATO EN INIA SANTA ROSA,15-05-2026,0
CATO EN INIA SANTA ROSA,16-05-2026,0
CATO EN INIA SANTA ROSA,17-05-2026,0
CATO EN INIA SANTA ROSA,18-05-2026,0.1
CATO EN INIA SANTA ROSA,19-05-2026,0.3
CATO EN INIA SANTA ROSA,20-05-2026,0
CATO EN INIA SANTA ROSA,21-05-2026,0
CATO EN INIA SANTA ROSA,22-05-2026,0
CATO EN INIA SANTA ROSA,23-05-2026,0
CATO EN INIA SANTA ROSA,24-05-2026,0
CATO EN INIA SANTA ROSA,25-05-2026,0.2
CATO EN INIA SANTA ROSA,26-05-2026,0
CATO EN INIA SANTA ROSA,27-05-2026,0
CATO EN INIA SANTA ROSA,28-05-2026,0.2
CATO EN INIA SANTA ROSA,29-05-2026,0.4
CATO EN INIA SANTA ROSA,30-05-2026,0.3
CATO EN INIA SANTA ROSA,31-05-2026,0
CHILLAN EN UNIVERSIDAD DE CONCEPCION,28-02-2022,0
CHILLAN EN UNIVERSIDAD DE CONCEPCION,01-03-2022,0
CHILLAN EN UNIVERSIDAD DE CONCEPCION,02-03-2022,0
CHILLAN EN UNIVERSIDAD DE CONCEPCION,03-03-2022,0
CHILLAN EN UNIVERSIDAD DE CONCEPCION,04-03-2022,0
CHILLAN EN UNIVERSIDAD DE CONCEPCION,05-03-2022,2.1
CHILLAN EN UNIVERSIDAD DE CONCEPCION,06-03-2022,0
CHILLAN EN UNIVERSIDAD DE CONCEPCION,07-03-2022,0
CHILLAN EN UNIVERSIDAD DE CONCEPCION,08-03-2022,0
CHILLAN EN UNIVERSIDAD DE CONCEPCION,09-03-2022,0
CHILLAN EN UNIVERSIDAD DE CONCEPCION,10-03-2022,0
CHILLAN EN UNIVERSIDAD DE CONCEPCION,11-03-2022,0
CHILLAN EN UNIVERSIDAD DE CONCEPCION,12-03-2022,0
CHILLAN EN UNIVERSIDAD DE CONCEPCION,13-03-2022,0
CHILLAN EN UNIVERSIDAD DE CONCEPCION,14-03-2022,0
CHILLAN EN UNIVERSIDAD DE CONCEPCION,15-03-2022,0
CHILLAN EN UNIVERSIDAD DE CONCEPCION,16-03-2022,0
CHILLAN EN UNIVERSIDAD DE CONCEPCION,17-03-2022,0
CHILLAN EN UNIVERSIDAD DE CONCEPCION,18-03-2022,0
CHILLAN EN UNIVERSIDAD DE CONCEPCION,19-03-2022,0.3
CHILLAN EN UNIVERSIDAD DE CONCEPCION,20-03-2022,0
CHILLAN EN UNIVERSIDAD DE CONCEPCION,21-03-2022,0.8
CHILLAN EN UNIVERSIDAD DE CONCEPCION,22-03-2022,4.1
CHILLAN EN UNIVERSIDAD DE CONCEPCION,23-03-2022,0
CHILLAN EN UNIVERSIDAD DE CONCEPCION,24-03-2022,0
CHILLAN EN UNIVERSIDAD DE CONCEPCION,25-03-2022,0
CHILLAN EN UNIVERSIDAD DE CONCEPCION,26-03-2022,0.1
CHILLAN EN UNIVERSIDAD DE CONCEPCION,27-03-2022,0.3
CHILLAN EN UNIVERSIDAD DE CONCEPCION,28-03-2022,0
CHILLAN EN UNIVERSIDAD DE CONCEPCION,29-03-2022,0
CHILLAN EN UNIVERSIDAD DE CONCEPCION,30-03-2022,0
CHILLAN EN UNIVERSIDAD DE CONCEPCION,01-04-2022,0
CHILLAN EN UNIVERSIDAD DE CONCEPCION,02-04-2022,1.4
CHILLAN EN UNIVERSIDAD DE CONCEPCION,03-04-2022,0
CHILLAN EN UNIVERSIDAD DE CONCEPCION,04-04-2022,0
CHILLAN EN UNIVERSIDAD DE CONCEPCION,05-04-2022,0
CHILLAN EN UNIVERSIDAD DE CONCEPCION,06-04-2022,0
CHILLAN EN UNIVERSIDAD DE CONCEPCION,07-04-2022,0
CHILLAN EN UNIVERSIDAD DE CONCEPCION,08-04-2022,0
CHILLAN EN UNIVERSIDAD DE CONCEPCION,09-04-2022,0
CHILLAN EN UNIVERSIDAD DE CONCEPCION,10-04-2022,0.4
CHILLAN EN UNIVERSIDAD DE CONCEPCION,11-04-2022,0
CHILLAN EN UNIVERSIDAD DE CONCEPCION,12-04-2022,0
CHILLAN EN UNIVERSIDAD DE CONCEPCION,13-04-2022,0
CHILLAN EN UNIVERSIDAD DE CONCEPCION,14-04-2022,0
CHILLAN EN UNIVERSIDAD DE CONCEPCION,15-04-2022,0
CHILLAN EN UNIVERSIDAD DE CONCEPCION,16-04-2022,0
CHILLAN EN UNIVERSIDAD DE CONCEPCION,17-04-2022,0
CHILLAN EN UNIVERSIDAD DE CONCEPCION,18-04-2022,0
CHILLAN EN UNIVERSIDAD DE CONCEPCION,19-04-2022,3
CHILLAN EN UNIVERSIDAD DE CONCEPCION,20-04-2022,0
CHILLAN EN UNIVERSIDAD DE CONCEPCION,21-04-2022,28.6
CHILLAN EN UNIVERSIDAD DE CONCEPCION,22-04-2022,2.5
CHILLAN EN UNIVERSIDAD DE CONCEPCION,23-04-2022,45
CHILLAN EN UNIVERSIDAD DE CONCEPCION,24-04-2022,32.5
CHILLAN EN UNIVERSIDAD DE CONCEPCION,25-04-2022,14.8
CHILLAN EN UNIVERSIDAD DE CONCEPCION,26-04-2022,40.2
CHILLAN EN UNIVERSIDAD DE CONCEPCION,27-04-2022,14.5
CHILLAN EN UNIVERSIDAD DE CONCEPCION,28-04-2022,0
CHILLAN EN UNIVERSIDAD DE CONCEPCION,29-04-2022,0
CHILLAN EN UNIVERSIDAD DE CONCEPCION,30-04-2022,0
CHILLAN EN UNIVERSIDAD DE CONCEPCION,01-06-2022,0.2
CHILLAN EN UNIVERSIDAD DE CONCEPCION,02-06-2022,31.2
CHILLAN EN UNIVERSIDAD DE CONCEPCION,03-06-2022,20.8
CHILLAN EN UNIVERSIDAD DE CONCEPCION,04-06-2022,27.6
CHILLAN EN UNIVERSIDAD DE CONCEPCION,05-06-2022,0.2
CHILLAN EN UNIVERSIDAD DE CONCEPCION,06-06-2022,0
CHILLAN EN UNIVERSIDAD DE CONCEPCION,07-06-2022,0.3
CHILLAN EN UNIVERSIDAD DE CONCEPCION,08-06-2022,0
CHILLAN EN UNIVERSIDAD DE CONCEPCION,09-06-2022,0.1
CHILLAN EN UNIVERSIDAD DE CONCEPCION,10-06-2022,0
CHILLAN EN UNIVERSIDAD DE CONCEPCION,11-06-2022,0.5
CHILLAN EN UNIVERSIDAD DE CONCEPCION,12-06-2022,0.1
CHILLAN EN UNIVERSIDAD DE CONCEPCION,13-06-2022,2.3
CHILLAN EN UNIVERSIDAD DE CONCEPCION,14-06-2022,17.5
CHILLAN EN UNIVERSIDAD DE CONCEPCION,15-06-2022,0.3
CHILLAN EN UNIVERSIDAD DE CONCEPCION,16-06-2022,0
CHILLAN EN UNIVERSIDAD DE CONCEPCION,17-06-2022,0.1
CHILLAN EN UNIVERSIDAD DE CONCEPCION,18-06-2022,0
CHILLAN EN UNIVERSIDAD DE CONCEPCION,19-06-2022,0.1
CHILLAN EN UNIVERSIDAD DE CONCEPCION,20-06-2022,0
CHILLAN EN UNIVERSIDAD DE CONCEPCION,21-06-2022,0
CHILLAN EN UNIVERSIDAD DE CONCEPCION,22-06-2022,17.4
CHILLAN EN UNIVERSIDAD DE CONCEPCION,23-06-2022,49.4
CHILLAN EN UNIVERSIDAD DE CONCEPCION,24-06-2022,0
CHILLAN EN UNIVERSIDAD DE CONCEPCION,25-06-2022,0.5
CHILLAN EN UNIVERSIDAD DE CONCEPCION,26-06-2022,0.1
CHILLAN EN UNIVERSIDAD DE CONCEPCION,27-06-2022,0.1
CHILLAN EN UNIVERSIDAD DE CONCEPCION,28-06-2022,15
CHILLAN EN UNIVERSIDAD DE CONCEPCION,29-06-2022,5.9
CHILLAN EN UNIVERSIDAD DE CONCEPCION,30-06-2022,26.5
CHILLAN EN UNIVERSIDAD DE CONCEPCION,01-09-2024,7.1
CHILLAN EN UNIVERSIDAD DE CONCEPCION,02-09-2024,1.4
CHILLAN EN UNIVERSIDAD DE CONCEPCION,03-09-2024,0.1
CHILLAN EN UNIVERSIDAD DE CONCEPCION,04-09-2024,0
CHILLAN EN UNIVERSIDAD DE CONCEPCION,05-09-2024,0
CHILLAN EN UNIVERSIDAD DE CONCEPCION,06-09-2024,0
CHILLAN EN UNIVERSIDAD DE CONCEPCION,07-09-2024,0
CHILLAN EN UNIVERSIDAD DE CONCEPCION,08-09-2024,0
CHILLAN EN UNIVERSIDAD DE CONCEPCION,09-09-2024,9.7
CHILLAN EN UNIVERSIDAD DE CONCEPCION,10-09-2024,0.1
CHILLAN EN UNIVERSIDAD DE CONCEPCION,11-09-2024,0
CHILLAN EN UNIVERSIDAD DE CONCEPCION,12-09-2024,0
CHILLAN EN UNIVERSIDAD DE CONCEPCION,13-09-2024,0
CHILLAN EN UNIVERSIDAD DE CONCEPCION,14-09-2024,0
CHILLAN EN UNIVERSIDAD DE CONCEPCION,15-09-2024,0
CHILLAN EN UNIVERSIDAD DE CONCEPCION,16-09-2024,0
CHILLAN EN UNIVERSIDAD DE CONCEPCION,17-09-2024,0
CHILLAN EN UNIVERSIDAD DE CONCEPCION,18-09-2024,16.7
CHILLAN EN UNIVERSIDAD DE CONCEPCION,19-09-2024,1.5
CHILLAN EN UNIVERSIDAD DE CONCEPCION,20-09-2024,0
CHILLAN EN UNIVERSIDAD DE CONCEPCION,21-09-2024,42.1
CHILLAN EN UNIVERSIDAD DE CONCEPCION,22-09-2024,0
CHILLAN EN UNIVERSIDAD DE CONCEPCION,23-09-2024,0
CHILLAN EN UNIVERSIDAD DE CONCEPCION,24-09-2024,0
CHILLAN EN UNIVERSIDAD DE CONCEPCION,25-09-2024,0
CHILLAN EN UNIVERSIDAD DE CONCEPCION,26-09-2024,0
CHILLAN EN UNIVERSIDAD DE CONCEPCION,27-09-2024,0
CHILLAN EN UNIVERSIDAD DE CONCEPCION,28-09-2024,0
CHILLAN EN UNIVERSIDAD DE CONCEPCION,29-09-2024,14.6
CHILLAN EN UNIVERSIDAD DE CONCEPCION,30-09-2024,21
CHILLAN EN UNIVERSIDAD DE CONCEPCION,01-10-2024,0
CHILLAN EN UNIVERSIDAD DE CONCEPCION,02-10-2024,0
CHILLAN EN UNIVERSIDAD DE CONCEPCION,03-10-2024,0
CHILLAN EN UNIVERSIDAD DE CONCEPCION,04-10-2024,0
CHILLAN EN UNIVERSIDAD DE CONCEPCION,05-10-2024,0
CHILLAN EN UNIVERSIDAD DE CONCEPCION,06-10-2024,0
CHILLAN EN UNIVERSIDAD DE CONCEPCION,07-10-2024,0
CHILLAN EN UNIVERSIDAD DE CONCEPCION,08-10-2024,2.8
CHILLAN EN UNIVERSIDAD DE CONCEPCION,09-10-2024,0
CHILLAN EN UNIVERSIDAD DE CONCEPCION,10-10-2024,0.9
CHILLAN EN UNIVERSIDAD DE CONCEPCION,11-10-2024,1.2
CHILLAN EN UNIVERSIDAD DE CONCEPCION,12-10-2024,0
CHILLAN EN UNIVERSIDAD DE CONCEPCION,13-10-2024,0
CHILLAN EN UNIVERSIDAD DE CONCEPCION,14-10-2024,0
CHILLAN EN UNIVERSIDAD DE CONCEPCION,15-10-2024,0
CHILLAN EN UNIVERSIDAD DE CONCEPCION,16-10-2024,0.2
CHILLAN EN UNIVERSIDAD DE CONCEPCION,17-10-2024,0
CHILLAN EN UNIVERSIDAD DE CONCEPCION,18-10-2024,0
CHILLAN EN UNIVERSIDAD DE CONCEPCION,19-10-2024,0
CHILLAN EN UNIVERSIDAD DE CONCEPCION,20-10-2024,0.3
CHILLAN EN UNIVERSIDAD DE CONCEPCION,21-10-2024,0
CHILLAN EN UNIVERSIDAD DE CONCEPCION,22-10-2024,5
CHILLAN EN UNIVERSIDAD DE CONCEPCION,23-10-2024,11.4
CHILLAN EN UNIVERSIDAD DE CONCEPCION,24-10-2024,0.3
CHILLAN EN UNIVERSIDAD DE CONCEPCION,25-10-2024,0
CHILLAN EN UNIVERSIDAD DE CONCEPCION,26-10-2024,0
CHILLAN EN UNIVERSIDAD DE CONCEPCION,27-10-2024,0
CHILLAN EN UNIVERSIDAD DE CONCEPCION,28-10-2024,0
CHILLAN EN UNIVERSIDAD DE CONCEPCION,29-10-2024,0.1
CHILLAN EN UNIVERSIDAD DE CONCEPCION,30-10-2024,0.1
CHILLAN EN UNIVERSIDAD DE CONCEPCION,31-10-2024,0
CHILLAN EN UNIVERSIDAD DE CONCEPCION,01-11-2024,5
CHILLAN EN UNIVERSIDAD DE CONCEPCION,02-11-2024,0
CHILLAN EN UNIVERSIDAD DE CONCEPCION,03-11-2024,9.4
CHILLAN EN UNIVERSIDAD DE CONCEPCION,04-11-2024,0
CHILLAN EN UNIVERSIDAD DE CONCEPCION,05-11-2024,0.2
CHILLAN EN UNIVERSIDAD DE CONCEPCION,06-11-2024,0
CHILLAN EN UNIVERSIDAD DE CONCEPCION,07-11-2024,0
CHILLAN EN UNIVERSIDAD DE CONCEPCION,08-11-2024,0
CHILLAN EN UNIVERSIDAD DE CONCEPCION,09-11-2024,5.4
CHILLAN EN UNIVERSIDAD DE CONCEPCION,10-11-2024,0
CHILLAN EN UNIVERSIDAD DE CONCEPCION,11-11-2024,0
CHILLAN EN UNIVERSIDAD DE CONCEPCION,12-11-2024,0
CHILLAN EN UNIVERSIDAD DE CONCEPCION,13-11-2024,0
CHILLAN EN UNIVERSIDAD DE CONCEPCION,14-11-2024,0
CHILLAN EN UNIVERSIDAD DE CONCEPCION,15-11-2024,0
CHILLAN EN UNIVERSIDAD DE CONCEPCION,16-11-2024,0
CHILLAN EN UNIVERSIDAD DE CONCEPCION,17-11-2024,0
CHILLAN EN UNIVERSIDAD DE CONCEPCION,18-11-2024,0
CHILLAN EN UNIVERSIDAD DE CONCEPCION,19-11-2024,0
CHILLAN EN UNIVERSIDAD DE CONCEPCION,20-11-2024,0
CHILLAN EN UNIVERSIDAD DE CONCEPCION,21-11-2024,0
CHILLAN EN UNIVERSIDAD DE CONCEPCION,22-11-2024,0
CHILLAN EN UNIVERSIDAD DE CONCEPCION,23-11-2024,0
CHILLAN EN UNIVERSIDAD DE CONCEPCION,24-11-2024,0
CHILLAN EN UNIVERSIDAD DE CONCEPCION,25-11-2024,0
CHILLAN EN UNIVERSIDAD DE CONCEPCION,26-11-2024,0
CHILLAN EN UNIVERSIDAD DE CONCEPCION,27-11-2024,0
CHILLAN EN UNIVERSIDAD DE CONCEPCION,28-11-2024,0
CHILLAN EN UNIVERSIDAD DE CONCEPCION,29-11-2024,0
CHILLAN EN UNIVERSIDAD DE CONCEPCION,30-11-2024,0
CHILLAN EN UNIVERSIDAD DE CONCEPCION,01-12-2024,0
CHILLAN EN UNIVERSIDAD DE CONCEPCION,02-12-2024,0
CHILLAN EN UNIVERSIDAD DE CONCEPCION,03-12-2024,0
CHILLAN EN UNIVERSIDAD DE CONCEPCION,04-12-2024,0
CHILLAN EN UNIVERSIDAD DE CONCEPCION,05-12-2024,1.6
CHILLAN EN UNIVERSIDAD DE CONCEPCION,06-12-2024,0
CHILLAN EN UNIVERSIDAD DE CONCEPCION,07-12-2024,0
CHILLAN EN UNIVERSIDAD DE CONCEPCION,08-12-2024,0
CHILLAN EN UNIVERSIDAD DE CONCEPCION,09-12-2024,0
CHILLAN EN UNIVERSIDAD DE CONCEPCION,10-12-2024,0
CHILLAN EN UNIVERSIDAD DE CONCEPCION,11-12-2024,0
CHILLAN EN UNIVERSIDAD DE CONCEPCION,12-12-2024,0
CHILLAN EN UNIVERSIDAD DE CONCEPCION,13-12-2024,0
CHILLAN EN UNIVERSIDAD DE CONCEPCION,14-12-2024,0
CHILLAN EN UNIVERSIDAD DE CONCEPCION,15-12-2024,0
CHILLAN EN UNIVERSIDAD DE CONCEPCION,16-12-2024,0
CHILLAN EN UNIVERSIDAD DE CONCEPCION,17-12-2024,0
CHILLAN EN UNIVERSIDAD DE CONCEPCION,18-12-2024,0
CHILLAN EN UNIVERSIDAD DE CONCEPCION,19-12-2024,0
CHILLAN EN UNIVERSIDAD DE CONCEPCION,20-12-2024,0
CHILLAN EN UNIVERSIDAD DE CONCEPCION,21-12-2024,0
CHILLAN EN UNIVERSIDAD DE CONCEPCION,22-12-2024,0
CHILLAN EN UNIVERSIDAD DE CONCEPCION,23-12-2024,0
CHILLAN EN UNIVERSIDAD DE CONCEPCION,24-12-2024,0
CHILLAN EN UNIVERSIDAD DE CONCEPCION,25-12-2024,0
CHILLAN EN UNIVERSIDAD DE CONCEPCION,26-12-2024,0
CHILLAN EN UNIVERSIDAD DE CONCEPCION,27-12-2024,0
CHILLAN EN UNIVERSIDAD DE CONCEPCION,28-12-2024,0
CHILLAN EN UNIVERSIDAD DE CONCEPCION,29-12-2024,0
CHILLAN EN UNIVERSIDAD DE CONCEPCION,30-12-2024,0
CHILLAN EN UNIVERSIDAD DE CONCEPCION,31-12-2024,0
CHILLAN EN UNIVERSIDAD DE CONCEPCION,01-01-2025,0
CHILLAN EN UNIVERSIDAD DE CONCEPCION,02-01-2025,0
CHILLAN EN UNIVERSIDAD DE CONCEPCION,03-01-2025,0
CHILLAN EN UNIVERSIDAD DE CONCEPCION,04-01-2025,0
CHILLAN EN UNIVERSIDAD DE CONCEPCION,05-01-2025,0
CHILLAN EN UNIVERSIDAD DE CONCEPCION,06-01-2025,0
CHILLAN EN UNIVERSIDAD DE CONCEPCION,07-01-2025,0
CHILLAN EN UNIVERSIDAD DE CONCEPCION,08-01-2025,0
CHILLAN EN UNIVERSIDAD DE CONCEPCION,09-01-2025,0
CHILLAN EN UNIVERSIDAD DE CONCEPCION,10-01-2025,0
CHILLAN EN UNIVERSIDAD DE CONCEPCION,11-01-2025,0
CHILLAN EN UNIVERSIDAD DE CONCEPCION,12-01-2025,0
CHILLAN EN UNIVERSIDAD DE CONCEPCION,13-01-2025,0
CHILLAN EN UNIVERSIDAD DE CONCEPCION,14-01-2025,0
CHILLAN EN UNIVERSIDAD DE CONCEPCION,15-01-2025,0
CHILLAN EN UNIVERSIDAD DE CONCEPCION,16-01-2025,0
CHILLAN EN UNIVERSIDAD DE CONCEPCION,17-01-2025,0
CHILLAN EN UNIVERSIDAD DE CONCEPCION,18-01-2025,0
CHILLAN EN UNIVERSIDAD DE CONCEPCION,19-01-2025,0
CHILLAN EN UNIVERSIDAD DE CONCEPCION,20-01-2025,0
CHILLAN EN UNIVERSIDAD DE CONCEPCION,21-01-2025,0
CHILLAN EN UNIVERSIDAD DE CONCEPCION,22-01-2025,0
CHILLAN EN UNIVERSIDAD DE CONCEPCION,23-01-2025,0
CHILLAN EN UNIVERSIDAD DE CONCEPCION,24-01-2025,0
CHILLAN EN UNIVERSIDAD DE CONCEPCION,25-01-2025,0
CHILLAN EN UNIVERSIDAD DE CONCEPCION,26-01-2025,0
CHILLAN EN UNIVERSIDAD DE CONCEPCION,27-01-2025,0
CHILLAN EN UNIVERSIDAD DE CONCEPCION,28-01-2025,0
CHILLAN EN UNIVERSIDAD DE CONCEPCION,29-01-2025,0
CHILLAN EN UNIVERSIDAD DE CONCEPCION,30-01-2025,0
CHILLAN EN UNIVERSIDAD DE CONCEPCION,31-01-2025,0
CHILLAN EN UNIVERSIDAD DE CONCEPCION,01-02-2025,0
CHILLAN EN UNIVERSIDAD DE CONCEPCION,02-02-2025,0
CHILLAN EN UNIVERSIDAD DE CONCEPCION,03-02-2025,0
CHILLAN EN UNIVERSIDAD DE CONCEPCION,04-02-2025,0
CHILLAN EN UNIVERSIDAD DE CONCEPCION,05-02-2025,0
CHILLAN EN UNIVERSIDAD DE CONCEPCION,06-02-2025,0
CHILLAN EN UNIVERSIDAD DE CONCEPCION,07-02-2025,0
CHILLAN EN UNIVERSIDAD DE CONCEPCION,08-02-2025,0
CHILLAN EN UNIVERSIDAD DE CONCEPCION,09-02-2025,0
CHILLAN EN UNIVERSIDAD DE CONCEPCION,10-02-2025,0
CHILLAN EN UNIVERSIDAD DE CONCEPCION,11-02-2025,0
CHILLAN EN UNIVERSIDAD DE CONCEPCION,12-02-2025,0
CHILLAN EN UNIVERSIDAD DE CONCEPCION,13-02-2025,0
CHILLAN EN UNIVERSIDAD DE CONCEPCION,14-02-2025,0
CHILLAN EN UNIVERSIDAD DE CONCEPCION,15-02-2025,0
CHILLAN EN UNIVERSIDAD DE CONCEPCION,16-02-2025,0
CHILLAN EN UNIVERSIDAD DE CONCEPCION,17-02-2025,0
CHILLAN EN UNIVERSIDAD DE CONCEPCION,18-02-2025,0
CHILLAN EN UNIVERSIDAD DE CONCEPCION,19-02-2025,0
CHILLAN EN UNIVERSIDAD DE CONCEPCION,20-02-2025,0
CHILLAN EN UNIVERSIDAD DE CONCEPCION,21-02-2025,0
CHILLAN EN UNIVERSIDAD DE CONCEPCION,22-02-2025,0
CHILLAN EN UNIVERSIDAD DE CONCEPCION,23-02-2025,0
CHILLAN EN UNIVERSIDAD DE CONCEPCION,24-02-2025,0
CHILLAN EN UNIVERSIDAD DE CONCEPCION,25-02-2025,0
CHILLAN EN UNIVERSIDAD DE CONCEPCION,26-02-2025,0
CHILLAN EN UNIVERSIDAD DE CONCEPCION,27-02-2025,0
CHILLAN EN UNIVERSIDAD DE CONCEPCION,28-02-2025,0
CHILLAN EN UNIVERSIDAD DE CONCEPCION,01-03-2025,0
CHILLAN EN UNIVERSIDAD DE CONCEPCION,02-03-2025,0
CHILLAN EN UNIVERSIDAD DE CONCEPCION,03-03-2025,0
CHILLAN EN UNIVERSIDAD DE CONCEPCION,04-03-2025,0
CHILLAN EN UNIVERSIDAD DE CONCEPCION,05-03-2025,0
CHILLAN EN UNIVERSIDAD DE CONCEPCION,06-03-2025,0.1
CHILLAN EN UNIVERSIDAD DE CONCEPCION,07-03-2025,0
CHILLAN EN UNIVERSIDAD DE CONCEPCION,08-03-2025,0
CHILLAN EN UNIVERSIDAD DE CONCEPCION,09-03-2025,0
CHILLAN EN UNIVERSIDAD DE CONCEPCION,10-03-2025,0
CHILLAN EN UNIVERSIDAD DE CONCEPCION,11-03-2025,0
CHILLAN EN UNIVERSIDAD DE CONCEPCION,12-03-2025,0
CHILLAN EN UNIVERSIDAD DE CONCEPCION,13-03-2025,0
CHILLAN EN UNIVERSIDAD DE CONCEPCION,14-03-2025,0
CHILLAN EN UNIVERSIDAD DE CONCEPCION,15-03-2025,0
CHILLAN EN UNIVERSIDAD DE CONCEPCION,16-03-2025,0
CHILLAN EN UNIVERSIDAD DE CONCEPCION,17-03-2025,0
CHILLAN EN UNIVERSIDAD DE CONCEPCION,18-03-2025,0
CHILLAN EN UNIVERSIDAD DE CONCEPCION,19-03-2025,0
CHILLAN EN UNIVERSIDAD DE CONCEPCION,20-03-2025,0
CHILLAN EN UNIVERSIDAD DE CONCEPCION,21-03-2025,0
CHILLAN EN UNIVERSIDAD DE CONCEPCION,22-03-2025,0
CHILLAN EN UNIVERSIDAD DE CONCEPCION,23-03-2025,0
CHILLAN EN UNIVERSIDAD DE CONCEPCION,24-03-2025,0
CHILLAN EN UNIVERSIDAD DE CONCEPCION,25-03-2025,0
CHILLAN EN UNIVERSIDAD DE CONCEPCION,26-03-2025,0
CHILLAN EN UNIVERSIDAD DE CONCEPCION,27-03-2025,0
CHILLAN EN UNIVERSIDAD DE CONCEPCION,28-03-2025,0
CHILLAN EN UNIVERSIDAD DE CONCEPCION,29-03-2025,53.3
CHILLAN EN UNIVERSIDAD DE CONCEPCION,30-03-2025,0.1
CHILLAN EN UNIVERSIDAD DE CONCEPCION,31-03-2025,0
CHILLAN EN UNIVERSIDAD DE CONCEPCION,01-04-2025,0
CHILLAN EN UNIVERSIDAD DE CONCEPCION,02-04-2025,0
CHILLAN EN UNIVERSIDAD DE CONCEPCION,03-04-2025,0
CHILLAN EN UNIVERSIDAD DE CONCEPCION,04-04-2025,0
CHILLAN EN UNIVERSIDAD DE CONCEPCION,05-04-2025,0
CHILLAN EN UNIVERSIDAD DE CONCEPCION,06-04-2025,0
CHILLAN EN UNIVERSIDAD DE CONCEPCION,07-04-2025,0
CHILLAN EN UNIVERSIDAD DE CONCEPCION,08-04-2025,0
CHILLAN EN UNIVERSIDAD DE CONCEPCION,09-04-2025,13.3
CHILLAN EN UNIVERSIDAD DE CONCEPCION,10-04-2025,0.9
CHILLAN EN UNIVERSIDAD DE CONCEPCION,11-04-2025,0
CHILLAN EN UNIVERSIDAD DE CONCEPCION,12-04-2025,0
CHILLAN EN UNIVERSIDAD DE CONCEPCION,13-04-2025,2
CHILLAN EN UNIVERSIDAD DE CONCEPCION,14-04-2025,3.2
CHILLAN EN UNIVERSIDAD DE CONCEPCION,15-04-2025,0
CHILLAN EN UNIVERSIDAD DE CONCEPCION,16-04-2025,0
CHILLAN EN UNIVERSIDAD DE CONCEPCION,17-04-2025,0
CHILLAN EN UNIVERSIDAD DE CONCEPCION,18-04-2025,0
CHILLAN EN UNIVERSIDAD DE CONCEPCION,19-04-2025,0
CHILLAN EN UNIVERSIDAD DE CONCEPCION,20-04-2025,0
CHILLAN EN UNIVERSIDAD DE CONCEPCION,21-04-2025,0
CHILLAN EN UNIVERSIDAD DE CONCEPCION,22-04-2025,15.3
CHILLAN EN UNIVERSIDAD DE CONCEPCION,23-04-2025,0.2
CHILLAN EN UNIVERSIDAD DE CONCEPCION,24-04-2025,8.6
CHILLAN EN UNIVERSIDAD DE CONCEPCION,25-04-2025,2.8
CHILLAN EN UNIVERSIDAD DE CONCEPCION,26-04-2025,0
CHILLAN EN UNIVERSIDAD DE CONCEPCION,27-04-2025,0
CHILLAN EN UNIVERSIDAD DE CONCEPCION,28-04-2025,0
CHILLAN EN UNIVERSIDAD DE CONCEPCION,29-04-2025,0
CHILLAN EN UNIVERSIDAD DE CONCEPCION,30-04-2025,0.4
CHILLAN EN UNIVERSIDAD DE CONCEPCION,01-05-2025,0.5
CHILLAN EN UNIVERSIDAD DE CONCEPCION,02-05-2025,0
CHILLAN EN UNIVERSIDAD DE CONCEPCION,03-05-2025,2.5
CHILLAN EN UNIVERSIDAD DE CONCEPCION,04-05-2025,0
CHILLAN EN UNIVERSIDAD DE CONCEPCION,05-05-2025,0
CHILLAN EN UNIVERSIDAD DE CONCEPCION,06-05-2025,1.7
CHILLAN EN UNIVERSIDAD DE CONCEPCION,07-05-2025,10.8
CHILLAN EN UNIVERSIDAD DE CONCEPCION,08-05-2025,1.2
CHILLAN EN UNIVERSIDAD DE CONCEPCION,09-05-2025,0
CHILLAN EN UNIVERSIDAD DE CONCEPCION,10-05-2025,0
CHILLAN EN UNIVERSIDAD DE CONCEPCION,11-05-2025,0
CHILLAN EN UNIVERSIDAD DE CONCEPCION,12-05-2025,0
CHILLAN EN UNIVERSIDAD DE CONCEPCION,13-05-2025,0
CHILLAN EN UNIVERSIDAD DE CONCEPCION,14-05-2025,0
CHILLAN EN UNIVERSIDAD DE CONCEPCION,15-05-2025,0
CHILLAN EN UNIVERSIDAD DE CONCEPCION,16-05-2025,20.2
CHILLAN EN UNIVERSIDAD DE CONCEPCION,17-05-2025,9.8
CHILLAN EN UNIVERSIDAD DE CONCEPCION,18-05-2025,0
CHILLAN EN UNIVERSIDAD DE CONCEPCION,19-05-2025,0
CHILLAN EN UNIVERSIDAD DE CONCEPCION,20-05-2025,0
CHILLAN EN UNIVERSIDAD DE CONCEPCION,21-05-2025,0
CHILLAN EN UNIVERSIDAD DE CONCEPCION,22-05-2025,0
CHILLAN EN UNIVERSIDAD DE CONCEPCION,23-05-2025,3.4
CHILLAN EN UNIVERSIDAD DE CONCEPCION,24-05-2025,0.2
CHILLAN EN UNIVERSIDAD DE CONCEPCION,25-05-2025,29.4
CHILLAN EN UNIVERSIDAD DE CONCEPCION,26-05-2025,0.5
CHILLAN EN UNIVERSIDAD DE CONCEPCION,27-05-2025,0
CHILLAN EN UNIVERSIDAD DE CONCEPCION,28-05-2025,0
CHILLAN EN UNIVERSIDAD DE CONCEPCION,29-05-2025,0
CHILLAN EN UNIVERSIDAD DE CONCEPCION,30-05-2025,0
CHILLAN EN UNIVERSIDAD DE CONCEPCION,31-05-2025,0
CHILLAN EN UNIVERSIDAD DE CONCEPCION,01-06-2025,0
CHILLAN EN UNIVERSIDAD DE CONCEPCION,02-06-2025,0
CHILLAN EN UNIVERSIDAD DE CONCEPCION,03-06-2025,0
CHILLAN EN UNIVERSIDAD DE CONCEPCION,04-06-2025,0
CHILLAN EN UNIVERSIDAD DE CONCEPCION,05-06-2025,0
CHILLAN EN UNIVERSIDAD DE CONCEPCION,06-06-2025,0
CHILLAN EN UNIVERSIDAD DE CONCEPCION,07-06-2025,0
CHILLAN EN UNIVERSIDAD DE CONCEPCION,08-06-2025,0
CHILLAN EN UNIVERSIDAD DE CONCEPCION,09-06-2025,0.1
CHILLAN EN UNIVERSIDAD DE CONCEPCION,10-06-2025,0
CHILLAN EN UNIVERSIDAD DE CONCEPCION,11-06-2025,15.4
CHILLAN EN UNIVERSIDAD DE CONCEPCION,12-06-2025,29.8
CHILLAN EN UNIVERSIDAD DE CONCEPCION,13-06-2025,0
CHILLAN EN UNIVERSIDAD DE CONCEPCION,14-06-2025,51.9
CHILLAN EN UNIVERSIDAD DE CONCEPCION,15-06-2025,11.7
CHILLAN EN UNIVERSIDAD DE CONCEPCION,16-06-2025,0.3
CHILLAN EN UNIVERSIDAD DE CONCEPCION,17-06-2025,0
CHILLAN EN UNIVERSIDAD DE CONCEPCION,18-06-2025,0
CHILLAN EN UNIVERSIDAD DE CONCEPCION,19-06-2025,0.1
CHILLAN EN UNIVERSIDAD DE CONCEPCION,20-06-2025,0
CHILLAN EN UNIVERSIDAD DE CONCEPCION,21-06-2025,18.7
CHILLAN EN UNIVERSIDAD DE CONCEPCION,22-06-2025,0
CHILLAN EN UNIVERSIDAD DE CONCEPCION,23-06-2025,0
CHILLAN EN UNIVERSIDAD DE CONCEPCION,24-06-2025,0
CHILLAN EN UNIVERSIDAD DE CONCEPCION,25-06-2025,0
CHILLAN EN UNIVERSIDAD DE CONCEPCION,26-06-2025,0
CHILLAN EN UNIVERSIDAD DE CONCEPCION,27-06-2025,0
CHILLAN EN UNIVERSIDAD DE CONCEPCION,28-06-2025,0.1
CHILLAN EN UNIVERSIDAD DE CONCEPCION,29-06-2025,0.1
CHILLAN EN UNIVERSIDAD DE CONCEPCION,30-06-2025,0
CHILLAN EN UNIVERSIDAD DE CONCEPCION,01-07-2025,0
CHILLAN EN UNIVERSIDAD DE CONCEPCION,02-07-2025,0
CHILLAN EN UNIVERSIDAD DE CONCEPCION,03-07-2025,0
CHILLAN EN UNIVERSIDAD DE CONCEPCION,04-07-2025,0
CHILLAN EN UNIVERSIDAD DE CONCEPCION,05-07-2025,3.5
CHILLAN EN UNIVERSIDAD DE CONCEPCION,06-07-2025,4.2
CHILLAN EN UNIVERSIDAD DE CONCEPCION,07-07-2025,0
CHILLAN EN UNIVERSIDAD DE CONCEPCION,08-07-2025,0
CHILLAN EN UNIVERSIDAD DE CONCEPCION,09-07-2025,0
CHILLAN EN UNIVERSIDAD DE CONCEPCION,10-07-2025,0
CHILLAN EN UNIVERSIDAD DE CONCEPCION,11-07-2025,0
CHILLAN EN UNIVERSIDAD DE CONCEPCION,12-07-2025,0
CHILLAN EN UNIVERSIDAD DE CONCEPCION,13-07-2025,0
CHILLAN EN UNIVERSIDAD DE CONCEPCION,14-07-2025,3.9
CHILLAN EN UNIVERSIDAD DE CONCEPCION,15-07-2025,1.3
CHILLAN EN UNIVERSIDAD DE CONCEPCION,16-07-2025,0.1
CHILLAN EN UNIVERSIDAD DE CONCEPCION,17-07-2025,0
CHILLAN EN UNIVERSIDAD DE CONCEPCION,18-07-2025,0
CHILLAN EN UNIVERSIDAD DE CONCEPCION,19-07-2025,0
CHILLAN EN UNIVERSIDAD DE CONCEPCION,20-07-2025,0
CHILLAN EN UNIVERSIDAD DE CONCEPCION,21-07-2025,0
CHILLAN EN UNIVERSIDAD DE CONCEPCION,22-07-2025,0
CHILLAN EN UNIVERSIDAD DE CONCEPCION,23-07-2025,0
CHILLAN EN UNIVERSIDAD DE CONCEPCION,24-07-2025,8.3
CHILLAN EN UNIVERSIDAD DE CONCEPCION,25-07-2025,4.3
CHILLAN EN UNIVERSIDAD DE CONCEPCION,26-07-2025,3.4
CHILLAN EN UNIVERSIDAD DE CONCEPCION,27-07-2025,10
CHILLAN EN UNIVERSIDAD DE CONCEPCION,28-07-2025,0
CHILLAN EN UNIVERSIDAD DE CONCEPCION,29-07-2025,0
CHILLAN EN UNIVERSIDAD DE CONCEPCION,30-07-2025,40
CHILLAN EN UNIVERSIDAD DE CONCEPCION,31-07-2025,16.7
CHILLAN EN UNIVERSIDAD DE CONCEPCION,01-08-2025,30.3
CHILLAN EN UNIVERSIDAD DE CONCEPCION,02-08-2025,2.7
CHILLAN EN UNIVERSIDAD DE CONCEPCION,03-08-2025,0
CHILLAN EN UNIVERSIDAD DE CONCEPCION,04-08-2025,0
CHILLAN EN UNIVERSIDAD DE CONCEPCION,05-08-2025,0.1
CHILLAN EN UNIVERSIDAD DE CONCEPCION,06-08-2025,0
CHILLAN EN UNIVERSIDAD DE CONCEPCION,07-08-2025,0
CHILLAN EN UNIVERSIDAD DE CONCEPCION,08-08-2025,0
CHILLAN EN UNIVERSIDAD DE CONCEPCION,09-08-2025,0.2
CHILLAN EN UNIVERSIDAD DE CONCEPCION,10-08-2025,0
CHILLAN EN UNIVERSIDAD DE CONCEPCION,11-08-2025,0
CHILLAN EN UNIVERSIDAD DE CONCEPCION,12-08-2025,0
CHILLAN EN UNIVERSIDAD DE CONCEPCION,13-08-2025,0
CHILLAN EN UNIVERSIDAD DE CONCEPCION,14-08-2025,0
CHILLAN EN UNIVERSIDAD DE CONCEPCION,15-08-2025,1.8
CHILLAN EN UNIVERSIDAD DE CONCEPCION,16-08-2025,0
CHILLAN EN UNIVERSIDAD DE CONCEPCION,17-08-2025,0
CHILLAN EN UNIVERSIDAD DE CONCEPCION,18-08-2025,0
CHILLAN EN UNIVERSIDAD DE CONCEPCION,19-08-2025,9.7
CHILLAN EN UNIVERSIDAD DE CONCEPCION,20-08-2025,12.7
CHILLAN EN UNIVERSIDAD DE CONCEPCION,21-08-2025,20.5
CHILLAN EN UNIVERSIDAD DE CONCEPCION,22-08-2025,4.1
CHILLAN EN UNIVERSIDAD DE CONCEPCION,23-08-2025,0
CHILLAN EN UNIVERSIDAD DE CONCEPCION,24-08-2025,0
CHILLAN EN UNIVERSIDAD DE CONCEPCION,25-08-2025,0
CHILLAN EN UNIVERSIDAD DE CONCEPCION,26-08-2025,0
CHILLAN EN UNIVERSIDAD DE CONCEPCION,27-08-2025,0
CHILLAN EN UNIVERSIDAD DE CONCEPCION,28-08-2025,0
CHILLAN EN UNIVERSIDAD DE CONCEPCION,29-08-2025,0
CHILLAN EN UNIVERSIDAD DE CONCEPCION,30-08-2025,0.1
CHILLAN EN UNIVERSIDAD DE CONCEPCION,31-08-2025,1.4
CHILLAN EN UNIVERSIDAD DE CONCEPCION,01-09-2025,2
CHILLAN EN UNIVERSIDAD DE CONCEPCION,02-09-2025,1.3
CHILLAN EN UNIVERSIDAD DE CONCEPCION,03-09-2025,0
CHILLAN EN UNIVERSIDAD DE CONCEPCION,04-09-2025,0
CHILLAN EN UNIVERSIDAD DE CONCEPCION,05-09-2025,0.1
CHILLAN EN UNIVERSIDAD DE CONCEPCION,06-09-2025,0.1
CHILLAN EN UNIVERSIDAD DE CONCEPCION,07-09-2025,0.1
CHILLAN EN UNIVERSIDAD DE CONCEPCION,08-09-2025,0
CHILLAN EN UNIVERSIDAD DE CONCEPCION,09-09-2025,14.2
CHILLAN EN UNIVERSIDAD DE CONCEPCION,10-09-2025,0
CHILLAN EN UNIVERSIDAD DE CONCEPCION,11-09-2025,0
CHILLAN EN UNIVERSIDAD DE CONCEPCION,12-09-2025,13.4
CHILLAN EN UNIVERSIDAD DE CONCEPCION,13-09-2025,0.2
CHILLAN EN UNIVERSIDAD DE CONCEPCION,14-09-2025,0
CHILLAN EN UNIVERSIDAD DE CONCEPCION,15-09-2025,0
CHILLAN EN UNIVERSIDAD DE CONCEPCION,16-09-2025,0
CHILLAN EN UNIVERSIDAD DE CONCEPCION,17-09-2025,0
CHILLAN EN UNIVERSIDAD DE CONCEPCION,18-09-2025,0
CHILLAN EN UNIVERSIDAD DE CONCEPCION,19-09-2025,24.1
CHILLAN EN UNIVERSIDAD DE CONCEPCION,20-09-2025,10.4
CHILLAN EN UNIVERSIDAD DE CONCEPCION,21-09-2025,4.5
CHILLAN EN UNIVERSIDAD DE CONCEPCION,22-09-2025,0
CHILLAN EN UNIVERSIDAD DE CONCEPCION,23-09-2025,0
CHILLAN EN UNIVERSIDAD DE CONCEPCION,24-09-2025,0
CHILLAN EN UNIVERSIDAD DE CONCEPCION,25-09-2025,7.7
CHILLAN EN UNIVERSIDAD DE CONCEPCION,26-09-2025,0.8
CHILLAN EN UNIVERSIDAD DE CONCEPCION,27-09-2025,0
CHILLAN EN UNIVERSIDAD DE CONCEPCION,28-09-2025,0
CHILLAN EN UNIVERSIDAD DE CONCEPCION,29-09-2025,0
CHILLAN EN UNIVERSIDAD DE CONCEPCION,30-09-2025,0
CHILLAN EN UNIVERSIDAD DE CONCEPCION,01-10-2025,0
CHILLAN EN UNIVERSIDAD DE CONCEPCION,02-10-2025,0
CHILLAN EN UNIVERSIDAD DE CONCEPCION,03-10-2025,4.9
CHILLAN EN UNIVERSIDAD DE CONCEPCION,04-10-2025,12.3
CHILLAN EN UNIVERSIDAD DE CONCEPCION,05-10-2025,2.5
CHILLAN EN UNIVERSIDAD DE CONCEPCION,06-10-2025,0
CHILLAN EN UNIVERSIDAD DE CONCEPCION,07-10-2025,0
CHILLAN EN UNIVERSIDAD DE CONCEPCION,08-10-2025,0
CHILLAN EN UNIVERSIDAD DE CONCEPCION,09-10-2025,0
CHILLAN EN UNIVERSIDAD DE CONCEPCION,10-10-2025,10.8
CHILLAN EN UNIVERSIDAD DE CONCEPCION,11-10-2025,0
CHILLAN EN UNIVERSIDAD DE CONCEPCION,12-10-2025,0
CHILLAN EN UNIVERSIDAD DE CONCEPCION,13-10-2025,0
CHILLAN EN UNIVERSIDAD DE CONCEPCION,14-10-2025,0
CHILLAN EN UNIVERSIDAD DE CONCEPCION,15-10-2025,0
CHILLAN EN UNIVERSIDAD DE CONCEPCION,16-10-2025,0
CHILLAN EN UNIVERSIDAD DE CONCEPCION,17-10-2025,0
CHILLAN EN UNIVERSIDAD DE CONCEPCION,18-10-2025,0
CHILLAN EN UNIVERSIDAD DE CONCEPCION,19-10-2025,0
CHILLAN EN UNIVERSIDAD DE CONCEPCION,20-10-2025,0
CHILLAN EN UNIVERSIDAD DE CONCEPCION,21-10-2025,0
CHILLAN EN UNIVERSIDAD DE CONCEPCION,22-10-2025,0
CHILLAN EN UNIVERSIDAD DE CONCEPCION,23-10-2025,0
CHILLAN EN UNIVERSIDAD DE CONCEPCION,24-10-2025,0
CHILLAN EN UNIVERSIDAD DE CONCEPCION,25-10-2025,0
CHILLAN EN UNIVERSIDAD DE CONCEPCION,26-10-2025,0
CHILLAN EN UNIVERSIDAD DE CONCEPCION,27-10-2025,0
CHILLAN EN UNIVERSIDAD DE CONCEPCION,28-10-2025,0
CHILLAN EN UNIVERSIDAD DE CONCEPCION,29-10-2025,0
CHILLAN EN UNIVERSIDAD DE CONCEPCION,30-10-2025,0
CHILLAN EN UNIVERSIDAD DE CONCEPCION,31-10-2025,0
CHILLAN EN UNIVERSIDAD DE CONCEPCION,01-11-2025,0
CHILLAN EN UNIVERSIDAD DE CONCEPCION,02-11-2025,0
CHILLAN EN UNIVERSIDAD DE CONCEPCION,03-11-2025,0
CHILLAN EN UNIVERSIDAD DE CONCEPCION,04-11-2025,0
CHILLAN EN UNIVERSIDAD DE CONCEPCION,05-11-2025,0
CHILLAN EN UNIVERSIDAD DE CONCEPCION,06-11-2025,0
CHILLAN EN UNIVERSIDAD DE CONCEPCION,07-11-2025,0
CHILLAN EN UNIVERSIDAD DE CONCEPCION,08-11-2025,0
CHILLAN EN UNIVERSIDAD DE CONCEPCION,09-11-2025,0
CHILLAN EN UNIVERSIDAD DE CONCEPCION,10-11-2025,0
CHILLAN EN UNIVERSIDAD DE CONCEPCION,11-11-2025,0
CHILLAN EN UNIVERSIDAD DE CONCEPCION,12-11-2025,0
CHILLAN EN UNIVERSIDAD DE CONCEPCION,13-11-2025,0
CHILLAN EN UNIVERSIDAD DE CONCEPCION,14-11-2025,0
CHILLAN EN UNIVERSIDAD DE CONCEPCION,15-11-2025,0
CHILLAN EN UNIVERSIDAD DE CONCEPCION,16-11-2025,0
CHILLAN EN UNIVERSIDAD DE CONCEPCION,17-11-2025,0
CHILLAN EN UNIVERSIDAD DE CONCEPCION,18-11-2025,0
CHILLAN EN UNIVERSIDAD DE CONCEPCION,19-11-2025,0
CHILLAN EN UNIVERSIDAD DE CONCEPCION,20-11-2025,0
CHILLAN EN UNIVERSIDAD DE CONCEPCION,21-11-2025,0
CHILLAN EN UNIVERSIDAD DE CONCEPCION,22-11-2025,0
CHILLAN EN UNIVERSIDAD DE CONCEPCION,23-11-2025,0
CHILLAN EN UNIVERSIDAD DE CONCEPCION,24-11-2025,0
CHILLAN EN UNIVERSIDAD DE CONCEPCION,25-11-2025,0
CHILLAN EN UNIVERSIDAD DE CONCEPCION,26-11-2025,0
CHILLAN EN UNIVERSIDAD DE CONCEPCION,27-11-2025,0
CHILLAN EN UNIVERSIDAD DE CONCEPCION,28-11-2025,0
CHILLAN EN UNIVERSIDAD DE CONCEPCION,29-11-2025,0
CHILLAN EN UNIVERSIDAD DE CONCEPCION,30-11-2025,0
CHILLAN EN UNIVERSIDAD DE CONCEPCION,01-12-2025,0
CHILLAN EN UNIVERSIDAD DE CONCEPCION,02-12-2025,0
CHILLAN EN UNIVERSIDAD DE CONCEPCION,03-12-2025,0
CHILLAN EN UNIVERSIDAD DE CONCEPCION,04-12-2025,0
CHILLAN EN UNIVERSIDAD DE CONCEPCION,05-12-2025,0
CHILLAN EN UNIVERSIDAD DE CONCEPCION,06-12-2025,0
CHILLAN EN UNIVERSIDAD DE CONCEPCION,07-12-2025,0
CHILLAN EN UNIVERSIDAD DE CONCEPCION,08-12-2025,0
CHILLAN EN UNIVERSIDAD DE CONCEPCION,09-12-2025,0
CHILLAN EN UNIVERSIDAD DE CONCEPCION,10-12-2025,0
CHILLAN EN UNIVERSIDAD DE CONCEPCION,11-12-2025,0
CHILLAN EN UNIVERSIDAD DE CONCEPCION,12-12-2025,0
CHILLAN EN UNIVERSIDAD DE CONCEPCION,13-12-2025,0
CHILLAN EN UNIVERSIDAD DE CONCEPCION,14-12-2025,0
CHILLAN EN UNIVERSIDAD DE CONCEPCION,15-12-2025,0
CHILLAN EN UNIVERSIDAD DE CONCEPCION,16-12-2025,0
CHILLAN EN UNIVERSIDAD DE CONCEPCION,17-12-2025,0
CHILLAN EN UNIVERSIDAD DE CONCEPCION,18-12-2025,0
CHILLAN EN UNIVERSIDAD DE CONCEPCION,19-12-2025,0
CHILLAN EN UNIVERSIDAD DE CONCEPCION,20-12-2025,1.8
CHILLAN EN UNIVERSIDAD DE CONCEPCION,21-12-2025,0.3
CHILLAN EN UNIVERSIDAD DE CONCEPCION,22-12-2025,0
CHILLAN EN UNIVERSIDAD DE CONCEPCION,23-12-2025,0
CHILLAN EN UNIVERSIDAD DE CONCEPCION,24-12-2025,0
CHILLAN EN UNIVERSIDAD DE CONCEPCION,25-12-2025,0
CHILLAN EN UNIVERSIDAD DE CONCEPCION,26-12-2025,0
CHILLAN EN UNIVERSIDAD DE CONCEPCION,27-12-2025,0
CHILLAN EN UNIVERSIDAD DE CONCEPCION,28-12-2025,0
CHILLAN EN UNIVERSIDAD DE CONCEPCION,29-12-2025,0
CHILLAN EN UNIVERSIDAD DE CONCEPCION,30-12-2025,0
CHILLAN EN UNIVERSIDAD DE CONCEPCION,31-12-2025,0
CHILLAN EN UNIVERSIDAD DE CONCEPCION,01-01-2026,0
CHILLAN EN UNIVERSIDAD DE CONCEPCION,02-01-2026,0
CHILLAN EN UNIVERSIDAD DE CONCEPCION,03-01-2026,0
CHILLAN EN UNIVERSIDAD DE CONCEPCION,04-01-2026,0
CHILLAN EN UNIVERSIDAD DE CONCEPCION,05-01-2026,0
CHILLAN EN UNIVERSIDAD DE CONCEPCION,06-01-2026,0
CHILLAN EN UNIVERSIDAD DE CONCEPCION,07-01-2026,0
CHILLAN EN UNIVERSIDAD DE CONCEPCION,08-01-2026,0
CHILLAN EN UNIVERSIDAD DE CONCEPCION,09-01-2026,0
CHILLAN EN UNIVERSIDAD DE CONCEPCION,10-01-2026,0
CHILLAN EN UNIVERSIDAD DE CONCEPCION,11-01-2026,0
CHILLAN EN UNIVERSIDAD DE CONCEPCION,12-01-2026,0
CHILLAN EN UNIVERSIDAD DE CONCEPCION,13-01-2026,0
CHILLAN EN UNIVERSIDAD DE CONCEPCION,14-01-2026,0
CHILLAN EN UNIVERSIDAD DE CONCEPCION,15-01-2026,0
CHILLAN EN UNIVERSIDAD DE CONCEPCION,16-01-2026,0
CHILLAN EN UNIVERSIDAD DE CONCEPCION,17-01-2026,0
CHILLAN EN UNIVERSIDAD DE CONCEPCION,18-01-2026,0
CHILLAN EN UNIVERSIDAD DE CONCEPCION,19-01-2026,0
CHILLAN EN UNIVERSIDAD DE CONCEPCION,20-01-2026,0
CHILLAN EN UNIVERSIDAD DE CONCEPCION,21-01-2026,0
CHILLAN EN UNIVERSIDAD DE CONCEPCION,22-01-2026,0
CHILLAN EN UNIVERSIDAD DE CONCEPCION,23-01-2026,0
CHILLAN EN UNIVERSIDAD DE CONCEPCION,24-01-2026,0
CHILLAN EN UNIVERSIDAD DE CONCEPCION,25-01-2026,0
CHILLAN EN UNIVERSIDAD DE CONCEPCION,26-01-2026,0
CHILLAN EN UNIVERSIDAD DE CONCEPCION,27-01-2026,0
CHILLAN EN UNIVERSIDAD DE CONCEPCION,28-01-2026,0
CHILLAN EN UNIVERSIDAD DE CONCEPCION,29-01-2026,0
CHILLAN EN UNIVERSIDAD DE CONCEPCION,30-01-2026,0
CHILLAN EN UNIVERSIDAD DE CONCEPCION,31-01-2026,0
CHILLAN EN UNIVERSIDAD DE CONCEPCION,01-02-2026,0
CHILLAN EN UNIVERSIDAD DE CONCEPCION,02-02-2026,1.5
CHILLAN EN UNIVERSIDAD DE CONCEPCION,03-02-2026,2.5
CHILLAN EN UNIVERSIDAD DE CONCEPCION,04-02-2026,0.8
CHILLAN EN UNIVERSIDAD DE CONCEPCION,05-02-2026,0
CHILLAN EN UNIVERSIDAD DE CONCEPCION,06-02-2026,0
CHILLAN EN UNIVERSIDAD DE CONCEPCION,07-02-2026,0
CHILLAN EN UNIVERSIDAD DE CONCEPCION,08-02-2026,0
CHILLAN EN UNIVERSIDAD DE CONCEPCION,09-02-2026,0
CHILLAN EN UNIVERSIDAD DE CONCEPCION,10-02-2026,0.9
CHILLAN EN UNIVERSIDAD DE CONCEPCION,11-02-2026,0
CHILLAN EN UNIVERSIDAD DE CONCEPCION,12-02-2026,0
CHILLAN EN UNIVERSIDAD DE CONCEPCION,13-02-2026,0
CHILLAN EN UNIVERSIDAD DE CONCEPCION,14-02-2026,0
CHILLAN EN UNIVERSIDAD DE CONCEPCION,15-02-2026,0
CHILLAN EN UNIVERSIDAD DE CONCEPCION,16-02-2026,0
CHILLAN EN UNIVERSIDAD DE CONCEPCION,17-02-2026,0.6
CHILLAN EN UNIVERSIDAD DE CONCEPCION,18-02-2026,0
CHILLAN EN UNIVERSIDAD DE CONCEPCION,19-02-2026,0
CHILLAN EN UNIVERSIDAD DE CONCEPCION,20-02-2026,0
CHILLAN EN UNIVERSIDAD DE CONCEPCION,21-02-2026,0
CHILLAN EN UNIVERSIDAD DE CONCEPCION,22-02-2026,0
CHILLAN EN UNIVERSIDAD DE CONCEPCION,23-02-2026,0
CHILLAN EN UNIVERSIDAD DE CONCEPCION,24-02-2026,0
CHILLAN EN UNIVERSIDAD DE CONCEPCION,25-02-2026,0
CHILLAN EN UNIVERSIDAD DE CONCEPCION,26-02-2026,0
CHILLAN EN UNIVERSIDAD DE CONCEPCION,27-02-2026,0
CHILLAN EN UNIVERSIDAD DE CONCEPCION,28-02-2026,0
CHILLAN EN UNIVERSIDAD DE CONCEPCION,01-03-2026,16.8
CHILLAN EN UNIVERSIDAD DE CONCEPCION,02-03-2026,0
CHILLAN EN UNIVERSIDAD DE CONCEPCION,03-03-2026,0
CHILLAN EN UNIVERSIDAD DE CONCEPCION,04-03-2026,0
CHILLAN EN UNIVERSIDAD DE CONCEPCION,05-03-2026,0
CHILLAN EN UNIVERSIDAD DE CONCEPCION,06-03-2026,0
CHILLAN EN UNIVERSIDAD DE CONCEPCION,07-03-2026,0
CHILLAN EN UNIVERSIDAD DE CONCEPCION,08-03-2026,0
CHILLAN EN UNIVERSIDAD DE CONCEPCION,09-03-2026,0
CHILLAN EN UNIVERSIDAD DE CONCEPCION,10-03-2026,0
CHILLAN EN UNIVERSIDAD DE CONCEPCION,11-03-2026,0
CHILLAN EN UNIVERSIDAD DE CONCEPCION,12-03-2026,0
CHILLAN EN UNIVERSIDAD DE CONCEPCION,13-03-2026,0
CHILLAN EN UNIVERSIDAD DE CONCEPCION,14-03-2026,4.4
CHILLAN EN UNIVERSIDAD DE CONCEPCION,15-03-2026,61.6
CHILLAN EN UNIVERSIDAD DE CONCEPCION,16-03-2026,10.1
CHILLAN EN UNIVERSIDAD DE CONCEPCION,17-03-2026,0
CHILLAN EN UNIVERSIDAD DE CONCEPCION,18-03-2026,0
CHILLAN EN UNIVERSIDAD DE CONCEPCION,19-03-2026,45.2
CHILLAN EN UNIVERSIDAD DE CONCEPCION,20-03-2026,0.7
CHILLAN EN UNIVERSIDAD DE CONCEPCION,21-03-2026,22
CHILLAN EN UNIVERSIDAD DE CONCEPCION,22-03-2026,0
CHILLAN EN UNIVERSIDAD DE CONCEPCION,23-03-2026,0
CHILLAN EN UNIVERSIDAD DE CONCEPCION,24-03-2026,0.1
CHILLAN EN UNIVERSIDAD DE CONCEPCION,25-03-2026,0
CHILLAN EN UNIVERSIDAD DE CONCEPCION,26-03-2026,0
CHILLAN EN UNIVERSIDAD DE CONCEPCION,27-03-2026,0
CHILLAN EN UNIVERSIDAD DE CONCEPCION,28-03-2026,0
CHILLAN EN UNIVERSIDAD DE CONCEPCION,29-03-2026,0
CHILLAN EN UNIVERSIDAD DE CONCEPCION,30-03-2026,0
CHILLAN EN UNIVERSIDAD DE CONCEPCION,31-03-2026,0
CHILLAN EN UNIVERSIDAD DE CONCEPCION,01-04-2026,0
CHILLAN EN UNIVERSIDAD DE CONCEPCION,02-04-2026,0
CHILLAN EN UNIVERSIDAD DE CONCEPCION,03-04-2026,0
CHILLAN EN UNIVERSIDAD DE CONCEPCION,04-04-2026,0
CHILLAN EN UNIVERSIDAD DE CONCEPCION,05-04-2026,0
CHILLAN EN UNIVERSIDAD DE CONCEPCION,06-04-2026,0
CHILLAN EN UNIVERSIDAD DE CONCEPCION,07-04-2026,0
CHILLAN EN UNIVERSIDAD DE CONCEPCION,08-04-2026,0
CHILLAN EN UNIVERSIDAD DE CONCEPCION,09-04-2026,0
CHILLAN EN UNIVERSIDAD DE CONCEPCION,10-04-2026,0
CHILLAN EN UNIVERSIDAD DE CONCEPCION,11-04-2026,0
CHILLAN EN UNIVERSIDAD DE CONCEPCION,12-04-2026,0
CHILLAN EN UNIVERSIDAD DE CONCEPCION,13-04-2026,0
CHILLAN EN UNIVERSIDAD DE CONCEPCION,14-04-2026,0
CHILLAN EN UNIVERSIDAD DE CONCEPCION,15-04-2026,0
CHILLAN EN UNIVERSIDAD DE CONCEPCION,16-04-2026,10.4
CHILLAN EN UNIVERSIDAD DE CONCEPCION,17-04-2026,0.1
CHILLAN EN UNIVERSIDAD DE CONCEPCION,18-04-2026,0
CHILLAN EN UNIVERSIDAD DE CONCEPCION,19-04-2026,0
CHILLAN EN UNIVERSIDAD DE CONCEPCION,20-04-2026,2.9
CHILLAN EN UNIVERSIDAD DE CONCEPCION,21-04-2026,0
CHILLAN EN UNIVERSIDAD DE CONCEPCION,22-04-2026,0
CHILLAN EN UNIVERSIDAD DE CONCEPCION,23-04-2026,0
CHILLAN EN UNIVERSIDAD DE CONCEPCION,24-04-2026,0
CHILLAN EN UNIVERSIDAD DE CONCEPCION,25-04-2026,0
CHILLAN EN UNIVERSIDAD DE CONCEPCION,26-04-2026,0
CHILLAN EN UNIVERSIDAD DE CONCEPCION,27-04-2026,1.2
CHILLAN EN UNIVERSIDAD DE CONCEPCION,28-04-2026,10
CHILLAN EN UNIVERSIDAD DE CONCEPCION,29-04-2026,0
CHILLAN EN UNIVERSIDAD DE CONCEPCION,30-04-2026,0
CHILLAN EN UNIVERSIDAD DE CONCEPCION,01-05-2026,0
CHILLAN EN UNIVERSIDAD DE CONCEPCION,02-05-2026,0
CHILLAN EN UNIVERSIDAD DE CONCEPCION,03-05-2026,1.9
CHILLAN EN UNIVERSIDAD DE CONCEPCION,04-05-2026,0.1
CHILLAN EN UNIVERSIDAD DE CONCEPCION,05-05-2026,14.3
CHILLAN EN UNIVERSIDAD DE CONCEPCION,06-05-2026,2.8
CHILLAN EN UNIVERSIDAD DE CONCEPCION,07-05-2026,1.6
CHILLAN EN UNIVERSIDAD DE CONCEPCION,08-05-2026,1.2
CHILLAN EN UNIVERSIDAD DE CONCEPCION,09-05-2026,0
CHILLAN EN UNIVERSIDAD DE CONCEPCION,10-05-2026,0
CHILLAN EN UNIVERSIDAD DE CONCEPCION,11-05-2026,0.1
CHILLAN EN UNIVERSIDAD DE CONCEPCION,12-05-2026,0
CHILLAN EN UNIVERSIDAD DE CONCEPCION,13-05-2026,0
CHILLAN EN UNIVERSIDAD DE CONCEPCION,14-05-2026,0
CHILLAN EN UNIVERSIDAD DE CONCEPCION,15-05-2026,0
CHILLAN EN UNIVERSIDAD DE CONCEPCION,16-05-2026,0
CHILLAN EN UNIVERSIDAD DE CONCEPCION,17-05-2026,0
CHILLAN EN UNIVERSIDAD DE CONCEPCION,18-05-2026,0
CHILLAN EN UNIVERSIDAD DE CONCEPCION,19-05-2026,0.1
CHILLAN EN UNIVERSIDAD DE CONCEPCION,20-05-2026,0.1
CHILLAN EN UNIVERSIDAD DE CONCEPCION,21-05-2026,0
CHILLAN EN UNIVERSIDAD DE CONCEPCION,22-05-2026,0
CHILLAN EN UNIVERSIDAD DE CONCEPCION,23-05-2026,0
CHILLAN EN UNIVERSIDAD DE CONCEPCION,24-05-2026,0
CHILLAN EN UNIVERSIDAD DE CONCEPCION,25-05-2026,0.1
CHILLAN EN UNIVERSIDAD DE CONCEPCION,26-05-2026,0
CHILLAN EN UNIVERSIDAD DE CONCEPCION,27-05-2026,0
CHILLAN EN UNIVERSIDAD DE CONCEPCION,28-05-2026,0.1
CHILLAN EN UNIVERSIDAD DE CONCEPCION,29-05-2026,0.2
CHILLAN EN UNIVERSIDAD DE CONCEPCION,30-05-2026,0.2
CHILLAN EN UNIVERSIDAD DE CONCEPCION,31-05-2026,0.1
SAN CARLOS CAMPUS UDEC,01-09-2024,7.4
SAN CARLOS CAMPUS UDEC,02-09-2024,0.8
SAN CARLOS CAMPUS UDEC,03-09-2024,0.1
SAN CARLOS CAMPUS UDEC,04-09-2024,0
SAN CARLOS CAMPUS UDEC,05-09-2024,0
SAN CARLOS CAMPUS UDEC,06-09-2024,0
SAN CARLOS CAMPUS UDEC,07-09-2024,0
SAN CARLOS CAMPUS UDEC,08-09-2024,0
SAN CARLOS CAMPUS UDEC,09-09-2024,4.8
SAN CARLOS CAMPUS UDEC,10-09-2024,0.1
SAN CARLOS CAMPUS UDEC,11-09-2024,0.1
SAN CARLOS CAMPUS UDEC,12-09-2024,0
SAN CARLOS CAMPUS UDEC,13-09-2024,0
SAN CARLOS CAMPUS UDEC,14-09-2024,0
SAN CARLOS CAMPUS UDEC,15-09-2024,0
SAN CARLOS CAMPUS UDEC,16-09-2024,0
SAN CARLOS CAMPUS UDEC,17-09-2024,0
SAN CARLOS CAMPUS UDEC,18-09-2024,12.1
SAN CARLOS CAMPUS UDEC,19-09-2024,0.3
SAN CARLOS CAMPUS UDEC,20-09-2024,0
SAN CARLOS CAMPUS UDEC,21-09-2024,17.4
SAN CARLOS CAMPUS UDEC,22-09-2024,0.1
SAN CARLOS CAMPUS UDEC,23-09-2024,0
SAN CARLOS CAMPUS UDEC,24-09-2024,0.1
SAN CARLOS CAMPUS UDEC,25-09-2024,0
SAN CARLOS CAMPUS UDEC,26-09-2024,0.1
SAN CARLOS CAMPUS UDEC,27-09-2024,0
SAN CARLOS CAMPUS UDEC,28-09-2024,0
SAN CARLOS CAMPUS UDEC,29-09-2024,8.7
SAN CARLOS CAMPUS UDEC,30-09-2024,12.3
SAN CARLOS CAMPUS UDEC,01-10-2024,0
SAN CARLOS CAMPUS UDEC,02-10-2024,0
SAN CARLOS CAMPUS UDEC,03-10-2024,0
SAN CARLOS CAMPUS UDEC,04-10-2024,0
SAN CARLOS CAMPUS UDEC,05-10-2024,0
SAN CARLOS CAMPUS UDEC,06-10-2024,0
SAN CARLOS CAMPUS UDEC,07-10-2024,0.3
SAN CARLOS CAMPUS UDEC,08-10-2024,2.1
SAN CARLOS CAMPUS UDEC,09-10-2024,0.1
SAN CARLOS CAMPUS UDEC,10-10-2024,0.6
SAN CARLOS CAMPUS UDEC,11-10-2024,3
SAN CARLOS CAMPUS UDEC,12-10-2024,0
SAN CARLOS CAMPUS UDEC,13-10-2024,0
SAN CARLOS CAMPUS UDEC,14-10-2024,0
SAN CARLOS CAMPUS UDEC,15-10-2024,0
SAN CARLOS CAMPUS UDEC,16-10-2024,0
SAN CARLOS CAMPUS UDEC,17-10-2024,0
SAN CARLOS CAMPUS UDEC,18-10-2024,0
SAN CARLOS CAMPUS UDEC,19-10-2024,0.1
SAN CARLOS CAMPUS UDEC,20-10-2024,0.3
SAN CARLOS CAMPUS UDEC,21-10-2024,0
SAN CARLOS CAMPUS UDEC,22-10-2024,3.3
SAN CARLOS CAMPUS UDEC,23-10-2024,8.7
SAN CARLOS CAMPUS UDEC,24-10-2024,0.1
SAN CARLOS CAMPUS UDEC,25-10-2024,0
SAN CARLOS CAMPUS UDEC,26-10-2024,0
SAN CARLOS CAMPUS UDEC,27-10-2024,0
SAN CARLOS CAMPUS UDEC,28-10-2024,0
SAN CARLOS CAMPUS UDEC,29-10-2024,0.1
SAN CARLOS CAMPUS UDEC,30-10-2024,0
SAN CARLOS CAMPUS UDEC,31-10-2024,0.1
SAN CARLOS CAMPUS UDEC,01-11-2024,3.6
SAN CARLOS CAMPUS UDEC,02-11-2024,0
SAN CARLOS CAMPUS UDEC,03-11-2024,3.1
SAN CARLOS CAMPUS UDEC,04-11-2024,0.1
SAN CARLOS CAMPUS UDEC,05-11-2024,0
SAN CARLOS CAMPUS UDEC,06-11-2024,0
SAN CARLOS CAMPUS UDEC,07-11-2024,0
SAN CARLOS CAMPUS UDEC,08-11-2024,0
SAN CARLOS CAMPUS UDEC,09-11-2024,4.8
SAN CARLOS CAMPUS UDEC,10-11-2024,0.1
SAN CARLOS CAMPUS UDEC,11-11-2024,0
SAN CARLOS CAMPUS UDEC,12-11-2024,0
SAN CARLOS CAMPUS UDEC,13-11-2024,0
SAN CARLOS CAMPUS UDEC,14-11-2024,0
SAN CARLOS CAMPUS UDEC,15-11-2024,0
SAN CARLOS CAMPUS UDEC,16-11-2024,0
SAN CARLOS CAMPUS UDEC,17-11-2024,0
SAN CARLOS CAMPUS UDEC,18-11-2024,0
SAN CARLOS CAMPUS UDEC,19-11-2024,0
SAN CARLOS CAMPUS UDEC,20-11-2024,0
SAN CARLOS CAMPUS UDEC,21-11-2024,0
SAN CARLOS CAMPUS UDEC,22-11-2024,0
SAN CARLOS CAMPUS UDEC,23-11-2024,0
SAN CARLOS CAMPUS UDEC,24-11-2024,0
SAN CARLOS CAMPUS UDEC,25-11-2024,0
SAN CARLOS CAMPUS UDEC,26-11-2024,0
SAN CARLOS CAMPUS UDEC,27-11-2024,0
SAN CARLOS CAMPUS UDEC,28-11-2024,0
SAN CARLOS CAMPUS UDEC,29-11-2024,0.7
SAN CARLOS CAMPUS UDEC,30-11-2024,0
SAN CARLOS CAMPUS UDEC,01-12-2024,0
SAN CARLOS CAMPUS UDEC,02-12-2024,0
SAN CARLOS CAMPUS UDEC,03-12-2024,0
SAN CARLOS CAMPUS UDEC,04-12-2024,0
SAN CARLOS CAMPUS UDEC,05-12-2024,0.1
SAN CARLOS CAMPUS UDEC,06-12-2024,0.1
SAN CARLOS CAMPUS UDEC,07-12-2024,0
SAN CARLOS CAMPUS UDEC,08-12-2024,0
SAN CARLOS CAMPUS UDEC,09-12-2024,0
SAN CARLOS CAMPUS UDEC,10-12-2024,0
SAN CARLOS CAMPUS UDEC,11-12-2024,0
SAN CARLOS CAMPUS UDEC,12-12-2024,0
SAN CARLOS CAMPUS UDEC,13-12-2024,0
SAN CARLOS CAMPUS UDEC,14-12-2024,0
SAN CARLOS CAMPUS UDEC,15-12-2024,0
SAN CARLOS CAMPUS UDEC,16-12-2024,0
SAN CARLOS CAMPUS UDEC,17-12-2024,0
SAN CARLOS CAMPUS UDEC,18-12-2024,0
SAN CARLOS CAMPUS UDEC,19-12-2024,0
SAN CARLOS CAMPUS UDEC,20-12-2024,0
SAN CARLOS CAMPUS UDEC,21-12-2024,0
SAN CARLOS CAMPUS UDEC,22-12-2024,0
SAN CARLOS CAMPUS UDEC,23-12-2024,0
SAN CARLOS CAMPUS UDEC,24-12-2024,0
SAN CARLOS CAMPUS UDEC,25-12-2024,0
SAN CARLOS CAMPUS UDEC,26-12-2024,0
SAN CARLOS CAMPUS UDEC,27-12-2024,0
SAN CARLOS CAMPUS UDEC,28-12-2024,0
SAN CARLOS CAMPUS UDEC,29-12-2024,0
SAN CARLOS CAMPUS UDEC,30-12-2024,0
SAN CARLOS CAMPUS UDEC,31-12-2024,0
SAN CARLOS CAMPUS UDEC,01-01-2025,0
SAN CARLOS CAMPUS UDEC,02-01-2025,0
SAN CARLOS CAMPUS UDEC,03-01-2025,0
SAN CARLOS CAMPUS UDEC,04-01-2025,0
SAN CARLOS CAMPUS UDEC,05-01-2025,0
SAN CARLOS CAMPUS UDEC,06-01-2025,0
SAN CARLOS CAMPUS UDEC,07-01-2025,0
SAN CARLOS CAMPUS UDEC,08-01-2025,0
SAN CARLOS CAMPUS UDEC,09-01-2025,0
SAN CARLOS CAMPUS UDEC,10-01-2025,0
SAN CARLOS CAMPUS UDEC,11-01-2025,0
SAN CARLOS CAMPUS UDEC,12-01-2025,0
SAN CARLOS CAMPUS UDEC,13-01-2025,0
SAN CARLOS CAMPUS UDEC,14-01-2025,0
SAN CARLOS CAMPUS UDEC,15-01-2025,0
SAN CARLOS CAMPUS UDEC,16-01-2025,0
SAN CARLOS CAMPUS UDEC,17-01-2025,0
SAN CARLOS CAMPUS UDEC,18-01-2025,0
SAN CARLOS CAMPUS UDEC,19-01-2025,0
SAN CARLOS CAMPUS UDEC,20-01-2025,0
SAN CARLOS CAMPUS UDEC,21-01-2025,0
SAN CARLOS CAMPUS UDEC,22-01-2025,0
SAN CARLOS CAMPUS UDEC,23-01-2025,0
SAN CARLOS CAMPUS UDEC,24-01-2025,0
SAN CARLOS CAMPUS UDEC,25-01-2025,0
SAN CARLOS CAMPUS UDEC,26-01-2025,0
SAN CARLOS CAMPUS UDEC,27-01-2025,0
SAN CARLOS CAMPUS UDEC,28-01-2025,0
SAN CARLOS CAMPUS UDEC,29-01-2025,0
SAN CARLOS CAMPUS UDEC,30-01-2025,0
SAN CARLOS CAMPUS UDEC,31-01-2025,0
SAN CARLOS CAMPUS UDEC,01-02-2025,0
SAN CARLOS CAMPUS UDEC,02-02-2025,0
SAN CARLOS CAMPUS UDEC,03-02-2025,0
SAN CARLOS CAMPUS UDEC,04-02-2025,0
SAN CARLOS CAMPUS UDEC,05-02-2025,0
SAN CARLOS CAMPUS UDEC,06-02-2025,0
SAN CARLOS CAMPUS UDEC,07-02-2025,0
SAN CARLOS CAMPUS UDEC,08-02-2025,0
SAN CARLOS CAMPUS UDEC,09-02-2025,0
SAN CARLOS CAMPUS UDEC,10-02-2025,0
SAN CARLOS CAMPUS UDEC,11-02-2025,0
SAN CARLOS CAMPUS UDEC,12-02-2025,0
SAN CARLOS CAMPUS UDEC,13-02-2025,0
SAN CARLOS CAMPUS UDEC,14-02-2025,0
SAN CARLOS CAMPUS UDEC,15-02-2025,0
SAN CARLOS CAMPUS UDEC,16-02-2025,0
SAN CARLOS CAMPUS UDEC,17-02-2025,0
SAN CARLOS CAMPUS UDEC,18-02-2025,0
SAN CARLOS CAMPUS UDEC,19-02-2025,0
SAN CARLOS CAMPUS UDEC,20-02-2025,0
SAN CARLOS CAMPUS UDEC,21-02-2025,0
SAN CARLOS CAMPUS UDEC,22-02-2025,0
SAN CARLOS CAMPUS UDEC,23-02-2025,0
SAN CARLOS CAMPUS UDEC,24-02-2025,0
SAN CARLOS CAMPUS UDEC,25-02-2025,0
SAN CARLOS CAMPUS UDEC,26-02-2025,0
SAN CARLOS CAMPUS UDEC,27-02-2025,0
SAN CARLOS CAMPUS UDEC,28-02-2025,0
SAN CARLOS CAMPUS UDEC,01-03-2025,0
SAN CARLOS CAMPUS UDEC,02-03-2025,0
SAN CARLOS CAMPUS UDEC,03-03-2025,0
SAN CARLOS CAMPUS UDEC,04-03-2025,0
SAN CARLOS CAMPUS UDEC,05-03-2025,0
SAN CARLOS CAMPUS UDEC,06-03-2025,9.1
SAN CARLOS CAMPUS UDEC,07-03-2025,1.3
SAN CARLOS CAMPUS UDEC,08-03-2025,0
SAN CARLOS CAMPUS UDEC,09-03-2025,0
SAN CARLOS CAMPUS UDEC,10-03-2025,0
SAN CARLOS CAMPUS UDEC,11-03-2025,0
SAN CARLOS CAMPUS UDEC,12-03-2025,0
SAN CARLOS CAMPUS UDEC,13-03-2025,0
SAN CARLOS CAMPUS UDEC,14-03-2025,0
SAN CARLOS CAMPUS UDEC,15-03-2025,0
SAN CARLOS CAMPUS UDEC,16-03-2025,0
SAN CARLOS CAMPUS UDEC,17-03-2025,0
SAN CARLOS CAMPUS UDEC,18-03-2025,0
SAN CARLOS CAMPUS UDEC,19-03-2025,0
SAN CARLOS CAMPUS UDEC,20-03-2025,0
SAN CARLOS CAMPUS UDEC,21-03-2025,0
SAN CARLOS CAMPUS UDEC,22-03-2025,0
SAN CARLOS CAMPUS UDEC,23-03-2025,0
SAN CARLOS CAMPUS UDEC,24-03-2025,0
SAN CARLOS CAMPUS UDEC,25-03-2025,0.2
SAN CARLOS CAMPUS UDEC,26-03-2025,0
SAN CARLOS CAMPUS UDEC,27-03-2025,0
SAN CARLOS CAMPUS UDEC,28-03-2025,0
SAN CARLOS CAMPUS UDEC,29-03-2025,19.4
SAN CARLOS CAMPUS UDEC,30-03-2025,0
SAN CARLOS CAMPUS UDEC,31-03-2025,0
SAN CARLOS CAMPUS UDEC,01-04-2025,0
SAN CARLOS CAMPUS UDEC,02-04-2025,0
SAN CARLOS CAMPUS UDEC,03-04-2025,0
SAN CARLOS CAMPUS UDEC,04-04-2025,0
SAN CARLOS CAMPUS UDEC,05-04-2025,0
SAN CARLOS CAMPUS UDEC,06-04-2025,0
SAN CARLOS CAMPUS UDEC,07-04-2025,0
SAN CARLOS CAMPUS UDEC,08-04-2025,0
SAN CARLOS CAMPUS UDEC,09-04-2025,3.3
SAN CARLOS CAMPUS UDEC,10-04-2025,1.1
SAN CARLOS CAMPUS UDEC,11-04-2025,0
SAN CARLOS CAMPUS UDEC,12-04-2025,0
SAN CARLOS CAMPUS UDEC,13-04-2025,0
SAN CARLOS CAMPUS UDEC,14-04-2025,2.5
SAN CARLOS CAMPUS UDEC,15-04-2025,0
SAN CARLOS CAMPUS UDEC,16-04-2025,0
SAN CARLOS CAMPUS UDEC,17-04-2025,0
SAN CARLOS CAMPUS UDEC,18-04-2025,0
SAN CARLOS CAMPUS UDEC,19-04-2025,0
SAN CARLOS CAMPUS UDEC,20-04-2025,0
SAN CARLOS CAMPUS UDEC,21-04-2025,0
SAN CARLOS CAMPUS UDEC,22-04-2025,7.1
SAN CARLOS CAMPUS UDEC,23-04-2025,0.7
SAN CARLOS CAMPUS UDEC,24-04-2025,7.7
SAN CARLOS CAMPUS UDEC,25-04-2025,1.6
SAN CARLOS CAMPUS UDEC,26-04-2025,0
SAN CARLOS CAMPUS UDEC,27-04-2025,0
SAN CARLOS CAMPUS UDEC,28-04-2025,0
SAN CARLOS CAMPUS UDEC,29-04-2025,0
SAN CARLOS CAMPUS UDEC,30-04-2025,0
SAN CARLOS CAMPUS UDEC,01-05-2025,0
SAN CARLOS CAMPUS UDEC,02-05-2025,0
SAN CARLOS CAMPUS UDEC,03-05-2025,0.2
SAN CARLOS CAMPUS UDEC,04-05-2025,0
SAN CARLOS CAMPUS UDEC,05-05-2025,0
SAN CARLOS CAMPUS UDEC,06-05-2025,1
SAN CARLOS CAMPUS UDEC,07-05-2025,4.2
SAN CARLOS CAMPUS UDEC,08-05-2025,11
SAN CARLOS CAMPUS UDEC,09-05-2025,0
SAN CARLOS CAMPUS UDEC,10-05-2025,0
SAN CARLOS CAMPUS UDEC,11-05-2025,0
SAN CARLOS CAMPUS UDEC,12-05-2025,0
SAN CARLOS CAMPUS UDEC,13-05-2025,0
SAN CARLOS CAMPUS UDEC,14-05-2025,0
SAN CARLOS CAMPUS UDEC,15-05-2025,0
SAN CARLOS CAMPUS UDEC,16-05-2025,15.8
SAN CARLOS CAMPUS UDEC,17-05-2025,16
SAN CARLOS CAMPUS UDEC,18-05-2025,0
SAN CARLOS CAMPUS UDEC,19-05-2025,0
SAN CARLOS CAMPUS UDEC,20-05-2025,0
SAN CARLOS CAMPUS UDEC,21-05-2025,0
SAN CARLOS CAMPUS UDEC,22-05-2025,0
SAN CARLOS CAMPUS UDEC,23-05-2025,1.6
SAN CARLOS CAMPUS UDEC,24-05-2025,0
SAN CARLOS CAMPUS UDEC,25-05-2025,26.8
SAN CARLOS CAMPUS UDEC,26-05-2025,2
SAN CARLOS CAMPUS UDEC,27-05-2025,0
SAN CARLOS CAMPUS UDEC,28-05-2025,0
SAN CARLOS CAMPUS UDEC,29-05-2025,0
SAN CARLOS CAMPUS UDEC,30-05-2025,0
SAN CARLOS CAMPUS UDEC,31-05-2025,0
SAN CARLOS CAMPUS UDEC,01-06-2025,0
SAN CARLOS CAMPUS UDEC,02-06-2025,0
SAN CARLOS CAMPUS UDEC,03-06-2025,0
SAN CARLOS CAMPUS UDEC,04-06-2025,0
SAN CARLOS CAMPUS UDEC,05-06-2025,0
SAN CARLOS CAMPUS UDEC,06-06-2025,0
SAN CARLOS CAMPUS UDEC,07-06-2025,0
SAN CARLOS CAMPUS UDEC,08-06-2025,0
SAN CARLOS CAMPUS UDEC,09-06-2025,0
SAN CARLOS CAMPUS UDEC,10-06-2025,0
SAN CARLOS CAMPUS UDEC,11-06-2025,15.6
SAN CARLOS CAMPUS UDEC,12-06-2025,35.8
SAN CARLOS CAMPUS UDEC,13-06-2025,0
SAN CARLOS CAMPUS UDEC,14-06-2025,36.8
SAN CARLOS CAMPUS UDEC,15-06-2025,22
SAN CARLOS CAMPUS UDEC,16-06-2025,1.2
SAN CARLOS CAMPUS UDEC,17-06-2025,0
SAN CARLOS CAMPUS UDEC,18-06-2025,0
SAN CARLOS CAMPUS UDEC,19-06-2025,0
SAN CARLOS CAMPUS UDEC,20-06-2025,0
SAN CARLOS CAMPUS UDEC,21-06-2025,14
SAN CARLOS CAMPUS UDEC,22-06-2025,0
SAN CARLOS CAMPUS UDEC,23-06-2025,0
SAN CARLOS CAMPUS UDEC,24-06-2025,0.2
SAN CARLOS CAMPUS UDEC,25-06-2025,0
SAN CARLOS CAMPUS UDEC,26-06-2025,0
SAN CARLOS CAMPUS UDEC,27-06-2025,0
SAN CARLOS CAMPUS UDEC,28-06-2025,0
SAN CARLOS CAMPUS UDEC,29-06-2025,0
SAN CARLOS CAMPUS UDEC,30-06-2025,0
SAN CARLOS CAMPUS UDEC,01-07-2025,0
SAN CARLOS CAMPUS UDEC,02-07-2025,0
SAN CARLOS CAMPUS UDEC,03-07-2025,0
SAN CARLOS CAMPUS UDEC,04-07-2025,0
SAN CARLOS CAMPUS UDEC,05-07-2025,3
SAN CARLOS CAMPUS UDEC,06-07-2025,4.2
SAN CARLOS CAMPUS UDEC,07-07-2025,0.2
SAN CARLOS CAMPUS UDEC,08-07-2025,0
SAN CARLOS CAMPUS UDEC,09-07-2025,0
SAN CARLOS CAMPUS UDEC,10-07-2025,0
SAN CARLOS CAMPUS UDEC,11-07-2025,0
SAN CARLOS CAMPUS UDEC,12-07-2025,0
SAN CARLOS CAMPUS UDEC,13-07-2025,0
SAN CARLOS CAMPUS UDEC,14-07-2025,3.4
SAN CARLOS CAMPUS UDEC,15-07-2025,2.4
SAN CARLOS CAMPUS UDEC,16-07-2025,0.2
SAN CARLOS CAMPUS UDEC,17-07-2025,0
SAN CARLOS CAMPUS UDEC,18-07-2025,0
SAN CARLOS CAMPUS UDEC,19-07-2025,0
SAN CARLOS CAMPUS UDEC,20-07-2025,0
SAN CARLOS CAMPUS UDEC,21-07-2025,0
SAN CARLOS CAMPUS UDEC,22-07-2025,0
SAN CARLOS CAMPUS UDEC,23-07-2025,0
SAN CARLOS CAMPUS UDEC,24-07-2025,6.2
SAN CARLOS CAMPUS UDEC,25-07-2025,1.2
SAN CARLOS CAMPUS UDEC,26-07-2025,0.6
SAN CARLOS CAMPUS UDEC,27-07-2025,5.6
SAN CARLOS CAMPUS UDEC,28-07-2025,0
SAN CARLOS CAMPUS UDEC,29-07-2025,0
SAN CARLOS CAMPUS UDEC,30-07-2025,22.4
SAN CARLOS CAMPUS UDEC,31-07-2025,20.4
SAN CARLOS CAMPUS UDEC,01-08-2025,29.2
SAN CARLOS CAMPUS UDEC,02-08-2025,23.2
SAN CARLOS CAMPUS UDEC,03-08-2025,0
SAN CARLOS CAMPUS UDEC,04-08-2025,0
SAN CARLOS CAMPUS UDEC,05-08-2025,0
SAN CARLOS CAMPUS UDEC,06-08-2025,0
SAN CARLOS CAMPUS UDEC,07-08-2025,0
SAN CARLOS CAMPUS UDEC,08-08-2025,0
SAN CARLOS CAMPUS UDEC,09-08-2025,0
SAN CARLOS CAMPUS UDEC,10-08-2025,0
SAN CARLOS CAMPUS UDEC,11-08-2025,0
SAN CARLOS CAMPUS UDEC,12-08-2025,0
SAN CARLOS CAMPUS UDEC,13-08-2025,0
SAN CARLOS CAMPUS UDEC,14-08-2025,0
SAN CARLOS CAMPUS UDEC,15-08-2025,1.2
SAN CARLOS CAMPUS UDEC,16-08-2025,0
SAN CARLOS CAMPUS UDEC,17-08-2025,0
SAN CARLOS CAMPUS UDEC,18-08-2025,0
SAN CARLOS CAMPUS UDEC,19-08-2025,8.2
SAN CARLOS CAMPUS UDEC,20-08-2025,6.6
SAN CARLOS CAMPUS UDEC,21-08-2025,21.6
SAN CARLOS CAMPUS UDEC,22-08-2025,3.4
SAN CARLOS CAMPUS UDEC,23-08-2025,0.2
SAN CARLOS CAMPUS UDEC,24-08-2025,0
SAN CARLOS CAMPUS UDEC,25-08-2025,0
SAN CARLOS CAMPUS UDEC,26-08-2025,0
SAN CARLOS CAMPUS UDEC,27-08-2025,0
SAN CARLOS CAMPUS UDEC,28-08-2025,0
SAN CARLOS CAMPUS UDEC,29-08-2025,0
SAN CARLOS CAMPUS UDEC,30-08-2025,0
SAN CARLOS CAMPUS UDEC,31-08-2025,0.2
SAN CARLOS CAMPUS UDEC,01-09-2025,1.6
SAN CARLOS CAMPUS UDEC,02-09-2025,2.2
SAN CARLOS CAMPUS UDEC,03-09-2025,0
SAN CARLOS CAMPUS UDEC,04-09-2025,0
SAN CARLOS CAMPUS UDEC,05-09-2025,0
SAN CARLOS CAMPUS UDEC,06-09-2025,0
SAN CARLOS CAMPUS UDEC,07-09-2025,0.4
SAN CARLOS CAMPUS UDEC,08-09-2025,0
SAN CARLOS CAMPUS UDEC,09-09-2025,4.2
SAN CARLOS CAMPUS UDEC,10-09-2025,0
SAN CARLOS CAMPUS UDEC,11-09-2025,0
SAN CARLOS CAMPUS UDEC,12-09-2025,10
SAN CARLOS CAMPUS UDEC,13-09-2025,0.6
SAN CARLOS CAMPUS UDEC,14-09-2025,0
SAN CARLOS CAMPUS UDEC,15-09-2025,0
SAN CARLOS CAMPUS UDEC,16-09-2025,0
SAN CARLOS CAMPUS UDEC,17-09-2025,0
SAN CARLOS CAMPUS UDEC,18-09-2025,0
SAN CARLOS CAMPUS UDEC,19-09-2025,14.6
SAN CARLOS CAMPUS UDEC,20-09-2025,9.6
SAN CARLOS CAMPUS UDEC,21-09-2025,5
SAN CARLOS CAMPUS UDEC,22-09-2025,0
SAN CARLOS CAMPUS UDEC,23-09-2025,0
SAN CARLOS CAMPUS UDEC,24-09-2025,0
SAN CARLOS CAMPUS UDEC,25-09-2025,5.8
SAN CARLOS CAMPUS UDEC,26-09-2025,2.8
SAN CARLOS CAMPUS UDEC,27-09-2025,0
SAN CARLOS CAMPUS UDEC,28-09-2025,0
SAN CARLOS CAMPUS UDEC,29-09-2025,0
SAN CARLOS CAMPUS UDEC,30-09-2025,0
SAN CARLOS CAMPUS UDEC,01-10-2025,0
SAN CARLOS CAMPUS UDEC,02-10-2025,0
SAN CARLOS CAMPUS UDEC,03-10-2025,7.2
SAN CARLOS CAMPUS UDEC,04-10-2025,8.2
SAN CARLOS CAMPUS UDEC,05-10-2025,0.6
SAN CARLOS CAMPUS UDEC,06-10-2025,0
SAN CARLOS CAMPUS UDEC,07-10-2025,0
SAN CARLOS CAMPUS UDEC,08-10-2025,0
SAN CARLOS CAMPUS UDEC,09-10-2025,0
SAN CARLOS CAMPUS UDEC,10-10-2025,7.4
SAN CARLOS CAMPUS UDEC,11-10-2025,0
SAN CARLOS CAMPUS UDEC,12-10-2025,0
SAN CARLOS CAMPUS UDEC,13-10-2025,0
SAN CARLOS CAMPUS UDEC,14-10-2025,0
SAN CARLOS CAMPUS UDEC,15-10-2025,0
SAN CARLOS CAMPUS UDEC,16-10-2025,0
SAN CARLOS CAMPUS UDEC,17-10-2025,0
SAN CARLOS CAMPUS UDEC,18-10-2025,0
SAN CARLOS CAMPUS UDEC,19-10-2025,0
SAN CARLOS CAMPUS UDEC,20-10-2025,0
SAN CARLOS CAMPUS UDEC,21-10-2025,0
SAN CARLOS CAMPUS UDEC,22-10-2025,0
SAN CARLOS CAMPUS UDEC,23-10-2025,0
SAN CARLOS CAMPUS UDEC,24-10-2025,0
SAN CARLOS CAMPUS UDEC,25-10-2025,0
SAN CARLOS CAMPUS UDEC,26-10-2025,0
SAN CARLOS CAMPUS UDEC,27-10-2025,0
SAN CARLOS CAMPUS UDEC,28-10-2025,0
SAN CARLOS CAMPUS UDEC,29-10-2025,0
SAN CARLOS CAMPUS UDEC,30-10-2025,0
SAN CARLOS CAMPUS UDEC,31-10-2025,0
SAN CARLOS CAMPUS UDEC,01-11-2025,0
SAN CARLOS CAMPUS UDEC,02-11-2025,0
SAN CARLOS CAMPUS UDEC,03-11-2025,0
SAN CARLOS CAMPUS UDEC,04-11-2025,0
SAN CARLOS CAMPUS UDEC,05-11-2025,0
SAN CARLOS CAMPUS UDEC,06-11-2025,0
SAN CARLOS CAMPUS UDEC,07-11-2025,0
SAN CARLOS CAMPUS UDEC,08-11-2025,0
SAN CARLOS CAMPUS UDEC,09-11-2025,0
SAN CARLOS CAMPUS UDEC,10-11-2025,0
SAN CARLOS CAMPUS UDEC,11-11-2025,0
SAN CARLOS CAMPUS UDEC,12-11-2025,0
SAN CARLOS CAMPUS UDEC,13-11-2025,0
SAN CARLOS CAMPUS UDEC,14-11-2025,0
SAN CARLOS CAMPUS UDEC,15-11-2025,0
SAN CARLOS CAMPUS UDEC,16-11-2025,0
SAN CARLOS CAMPUS UDEC,17-11-2025,0
SAN CARLOS CAMPUS UDEC,18-11-2025,0
SAN CARLOS CAMPUS UDEC,19-11-2025,0
SAN CARLOS CAMPUS UDEC,20-11-2025,0
SAN CARLOS CAMPUS UDEC,21-11-2025,0
SAN CARLOS CAMPUS UDEC,22-11-2025,0
SAN CARLOS CAMPUS UDEC,23-11-2025,0
SAN CARLOS CAMPUS UDEC,24-11-2025,0
SAN CARLOS CAMPUS UDEC,25-11-2025,0
SAN CARLOS CAMPUS UDEC,26-11-2025,0
SAN CARLOS CAMPUS UDEC,27-11-2025,0
SAN CARLOS CAMPUS UDEC,28-11-2025,0
SAN CARLOS CAMPUS UDEC,29-11-2025,0
SAN CARLOS CAMPUS UDEC,30-11-2025,0
SAN CARLOS CAMPUS UDEC,01-12-2025,0
SAN CARLOS CAMPUS UDEC,02-12-2025,0
SAN CARLOS CAMPUS UDEC,03-12-2025,0
SAN CARLOS CAMPUS UDEC,04-12-2025,0
SAN CARLOS CAMPUS UDEC,05-12-2025,0
SAN CARLOS CAMPUS UDEC,06-12-2025,0
SAN CARLOS CAMPUS UDEC,07-12-2025,0
SAN CARLOS CAMPUS UDEC,08-12-2025,0
SAN CARLOS CAMPUS UDEC,09-12-2025,0
SAN CARLOS CAMPUS UDEC,10-12-2025,0
SAN CARLOS CAMPUS UDEC,11-12-2025,0
SAN CARLOS CAMPUS UDEC,12-12-2025,0
SAN CARLOS CAMPUS UDEC,13-12-2025,0
SAN CARLOS CAMPUS UDEC,14-12-2025,0
SAN CARLOS CAMPUS UDEC,15-12-2025,0
SAN CARLOS CAMPUS UDEC,16-12-2025,0
SAN CARLOS CAMPUS UDEC,17-12-2025,0
SAN CARLOS CAMPUS UDEC,18-12-2025,0
SAN CARLOS CAMPUS UDEC,19-12-2025,0
SAN CARLOS CAMPUS UDEC,20-12-2025,6
SAN CARLOS CAMPUS UDEC,21-12-2025,0
SAN CARLOS CAMPUS UDEC,22-12-2025,0
SAN CARLOS CAMPUS UDEC,23-12-2025,0
SAN CARLOS CAMPUS UDEC,24-12-2025,0
SAN CARLOS CAMPUS UDEC,25-12-2025,0
SAN CARLOS CAMPUS UDEC,26-12-2025,0
SAN CARLOS CAMPUS UDEC,27-12-2025,0
SAN CARLOS CAMPUS UDEC,28-12-2025,0
SAN CARLOS CAMPUS UDEC,29-12-2025,0
SAN CARLOS CAMPUS UDEC,30-12-2025,0
SAN CARLOS CAMPUS UDEC,31-12-2025,0
SAN CARLOS CAMPUS UDEC,01-01-2026,0
SAN CARLOS CAMPUS UDEC,02-01-2026,0
SAN CARLOS CAMPUS UDEC,03-01-2026,0
SAN CARLOS CAMPUS UDEC,04-01-2026,0
SAN CARLOS CAMPUS UDEC,05-01-2026,0
SAN CARLOS CAMPUS UDEC,06-01-2026,0
SAN CARLOS CAMPUS UDEC,07-01-2026,0
SAN CARLOS CAMPUS UDEC,08-01-2026,0
SAN CARLOS CAMPUS UDEC,09-01-2026,0
SAN CARLOS CAMPUS UDEC,10-01-2026,0
SAN CARLOS CAMPUS UDEC,11-01-2026,0
SAN CARLOS CAMPUS UDEC,12-01-2026,0
SAN CARLOS CAMPUS UDEC,13-01-2026,0
SAN CARLOS CAMPUS UDEC,14-01-2026,0
SAN CARLOS CAMPUS UDEC,15-01-2026,0
SAN CARLOS CAMPUS UDEC,16-01-2026,0
SAN CARLOS CAMPUS UDEC,17-01-2026,0
SAN CARLOS CAMPUS UDEC,18-01-2026,0
SAN CARLOS CAMPUS UDEC,19-01-2026,0
SAN CARLOS CAMPUS UDEC,20-01-2026,0
SAN CARLOS CAMPUS UDEC,21-01-2026,0
SAN CARLOS CAMPUS UDEC,22-01-2026,0
SAN CARLOS CAMPUS UDEC,23-01-2026,0
SAN CARLOS CAMPUS UDEC,24-01-2026,0
SAN CARLOS CAMPUS UDEC,25-01-2026,0
SAN CARLOS CAMPUS UDEC,26-01-2026,0
SAN CARLOS CAMPUS UDEC,27-01-2026,0
SAN CARLOS CAMPUS UDEC,28-01-2026,0
SAN CARLOS CAMPUS UDEC,29-01-2026,0.6
SAN CARLOS CAMPUS UDEC,30-01-2026,0
SAN CARLOS CAMPUS UDEC,31-01-2026,0
SAN CARLOS CAMPUS UDEC,01-02-2026,0
SAN CARLOS CAMPUS UDEC,02-02-2026,0
SAN CARLOS CAMPUS UDEC,03-02-2026,0.6
SAN CARLOS CAMPUS UDEC,04-02-2026,1.6
SAN CARLOS CAMPUS UDEC,05-02-2026,0
SAN CARLOS CAMPUS UDEC,06-02-2026,0
SAN CARLOS CAMPUS UDEC,07-02-2026,0
SAN CARLOS CAMPUS UDEC,08-02-2026,0
SAN CARLOS CAMPUS UDEC,09-02-2026,0
SAN CARLOS CAMPUS UDEC,10-02-2026,0
SAN CARLOS CAMPUS UDEC,11-02-2026,0
SAN CARLOS CAMPUS UDEC,12-02-2026,0
SAN CARLOS CAMPUS UDEC,13-02-2026,0
SAN CARLOS CAMPUS UDEC,14-02-2026,0
SAN CARLOS CAMPUS UDEC,15-02-2026,0
SAN CARLOS CAMPUS UDEC,16-02-2026,0
SAN CARLOS CAMPUS UDEC,17-02-2026,0
SAN CARLOS CAMPUS UDEC,18-02-2026,0
SAN CARLOS CAMPUS UDEC,19-02-2026,0
SAN CARLOS CAMPUS UDEC,20-02-2026,0
SAN CARLOS CAMPUS UDEC,21-02-2026,0
SAN CARLOS CAMPUS UDEC,22-02-2026,0
SAN CARLOS CAMPUS UDEC,23-02-2026,0
SAN CARLOS CAMPUS UDEC,24-02-2026,0
SAN CARLOS CAMPUS UDEC,25-02-2026,0
SAN CARLOS CAMPUS UDEC,26-02-2026,0
SAN CARLOS CAMPUS UDEC,27-02-2026,0
SAN CARLOS CAMPUS UDEC,28-02-2026,0
SAN CARLOS CAMPUS UDEC,01-03-2026,7.8
SAN CARLOS CAMPUS UDEC,02-03-2026,0
SAN CARLOS CAMPUS UDEC,03-03-2026,0
SAN CARLOS CAMPUS UDEC,04-03-2026,0
SAN CARLOS CAMPUS UDEC,05-03-2026,0
SAN CARLOS CAMPUS UDEC,06-03-2026,0
SAN CARLOS CAMPUS UDEC,07-03-2026,0
SAN CARLOS CAMPUS UDEC,08-03-2026,0
SAN CARLOS CAMPUS UDEC,09-03-2026,0
SAN CARLOS CAMPUS UDEC,10-03-2026,0
SAN CARLOS CAMPUS UDEC,11-03-2026,0
SAN CARLOS CAMPUS UDEC,12-03-2026,0
SAN CARLOS CAMPUS UDEC,13-03-2026,0
SAN CARLOS CAMPUS UDEC,14-03-2026,3.4
SAN CARLOS CAMPUS UDEC,15-03-2026,32.4
SAN CARLOS CAMPUS UDEC,16-03-2026,6.4
SAN CARLOS CAMPUS UDEC,17-03-2026,0
SAN CARLOS CAMPUS UDEC,18-03-2026,0
SAN CARLOS CAMPUS UDEC,19-03-2026,46.8
SAN CARLOS CAMPUS UDEC,20-03-2026,4.6
SAN CARLOS CAMPUS UDEC,21-03-2026,15.4
SAN CARLOS CAMPUS UDEC,22-03-2026,0.2
SAN CARLOS CAMPUS UDEC,23-03-2026,0
SAN CARLOS CAMPUS UDEC,24-03-2026,0
SAN CARLOS CAMPUS UDEC,25-03-2026,0
SAN CARLOS CAMPUS UDEC,26-03-2026,0
SAN CARLOS CAMPUS UDEC,27-03-2026,0
SAN CARLOS CAMPUS UDEC,28-03-2026,0
SAN CARLOS CAMPUS UDEC,29-03-2026,0
SAN CARLOS CAMPUS UDEC,30-03-2026,0
SAN CARLOS CAMPUS UDEC,31-03-2026,0
SAN CARLOS CAMPUS UDEC,01-04-2026,0
SAN CARLOS CAMPUS UDEC,02-04-2026,0
SAN CARLOS CAMPUS UDEC,03-04-2026,0
SAN CARLOS CAMPUS UDEC,04-04-2026,0
SAN CARLOS CAMPUS UDEC,05-04-2026,0
SAN CARLOS CAMPUS UDEC,06-04-2026,0
SAN CARLOS CAMPUS UDEC,07-04-2026,0
SAN CARLOS CAMPUS UDEC,08-04-2026,0
SAN CARLOS CAMPUS UDEC,09-04-2026,0
SAN CARLOS CAMPUS UDEC,10-04-2026,0
SAN CARLOS CAMPUS UDEC,11-04-2026,0
SAN CARLOS CAMPUS UDEC,12-04-2026,0
SAN CARLOS CAMPUS UDEC,13-04-2026,0
SAN CARLOS CAMPUS UDEC,14-04-2026,0
SAN CARLOS CAMPUS UDEC,15-04-2026,0
SAN CARLOS CAMPUS UDEC,16-04-2026,8.6
SAN CARLOS CAMPUS UDEC,17-04-2026,0
SAN CARLOS CAMPUS UDEC,18-04-2026,0
SAN CARLOS CAMPUS UDEC,19-04-2026,0.2
SAN CARLOS CAMPUS UDEC,20-04-2026,0
SAN CARLOS CAMPUS UDEC,21-04-2026,0
SAN CARLOS CAMPUS UDEC,22-04-2026,0
SAN CARLOS CAMPUS UDEC,23-04-2026,0
SAN CARLOS CAMPUS UDEC,24-04-2026,0
SAN CARLOS CAMPUS UDEC,25-04-2026,0
SAN CARLOS CAMPUS UDEC,26-04-2026,0
SAN CARLOS CAMPUS UDEC,27-04-2026,1.6
SAN CARLOS CAMPUS UDEC,28-04-2026,10.6
SAN CARLOS CAMPUS UDEC,29-04-2026,0
SAN CARLOS CAMPUS UDEC,30-04-2026,0
SAN CARLOS CAMPUS UDEC,01-05-2026,0
SAN CARLOS CAMPUS UDEC,02-05-2026,0
SAN CARLOS CAMPUS UDEC,03-05-2026,0.6
SAN CARLOS CAMPUS UDEC,04-05-2026,0
SAN CARLOS CAMPUS UDEC,05-05-2026,8.8
SAN CARLOS CAMPUS UDEC,06-05-2026,14
SAN CARLOS CAMPUS UDEC,07-05-2026,0
SAN CARLOS CAMPUS UDEC,08-05-2026,1.8
SAN CARLOS CAMPUS UDEC,09-05-2026,0
SAN CARLOS CAMPUS UDEC,10-05-2026,0
SAN CARLOS CAMPUS UDEC,11-05-2026,0
SAN CARLOS CAMPUS UDEC,12-05-2026,0
SAN CARLOS CAMPUS UDEC,13-05-2026,0
SAN CARLOS CAMPUS UDEC,14-05-2026,0
SAN CARLOS CAMPUS UDEC,15-05-2026,0
SAN CARLOS CAMPUS UDEC,16-05-2026,0
SAN CARLOS CAMPUS UDEC,17-05-2026,0
SAN CARLOS CAMPUS UDEC,18-05-2026,0
SAN CARLOS CAMPUS UDEC,19-05-2026,0
SAN CARLOS CAMPUS UDEC,20-05-2026,0
SAN CARLOS CAMPUS UDEC,21-05-2026,0
SAN CARLOS CAMPUS UDEC,22-05-2026,0
SAN CARLOS CAMPUS UDEC,23-05-2026,0
SAN CARLOS CAMPUS UDEC,24-05-2026,0
SAN CARLOS CAMPUS UDEC,25-05-2026,0
SAN CARLOS CAMPUS UDEC,26-05-2026,0
SAN CARLOS CAMPUS UDEC,27-05-2026,0
SAN CARLOS CAMPUS UDEC,28-05-2026,0
SAN CARLOS CAMPUS UDEC,29-05-2026,0.2
SAN CARLOS CAMPUS UDEC,30-05-2026,0
SAN CARLOS CAMPUS UDEC,31-05-2026,0.2
RESERVA ÑUBLE,09-03-2026,0
RESERVA ÑUBLE,10-03-2026,0
RESERVA ÑUBLE,11-03-2026,0
RESERVA ÑUBLE,12-03-2026,0
RESERVA ÑUBLE,13-03-2026,0
RESERVA ÑUBLE,14-03-2026,16
RESERVA ÑUBLE,15-03-2026,123.2
RESERVA ÑUBLE,16-03-2026,33.3
RESERVA ÑUBLE,17-03-2026,0.8
RESERVA ÑUBLE,18-03-2026,0
RESERVA ÑUBLE,19-03-2026,98.7
RESERVA ÑUBLE,20-03-2026,20.1
RESERVA ÑUBLE,21-03-2026,23.9
RESERVA ÑUBLE,22-03-2026,8.7
RESERVA ÑUBLE,23-03-2026,0
RESERVA ÑUBLE,24-03-2026,1.2
RESERVA ÑUBLE,25-03-2026,0
RESERVA ÑUBLE,26-03-2026,0
RESERVA ÑUBLE,27-03-2026,0
RESERVA ÑUBLE,28-03-2026,0
RESERVA ÑUBLE,29-03-2026,0
RESERVA ÑUBLE,30-03-2026,0
RESERVA ÑUBLE,31-03-2026,0
RESERVA ÑUBLE,01-04-2026,0
RESERVA ÑUBLE,02-04-2026,0
RESERVA ÑUBLE,03-04-2026,0
RESERVA ÑUBLE,04-04-2026,0
RESERVA ÑUBLE,05-04-2026,0
RESERVA ÑUBLE,06-04-2026,0
RESERVA ÑUBLE,07-04-2026,0
RESERVA ÑUBLE,08-04-2026,0
RESERVA ÑUBLE,09-04-2026,0
RESERVA ÑUBLE,10-04-2026,0
RESERVA ÑUBLE,11-04-2026,0
RESERVA ÑUBLE,12-04-2026,0
RESERVA ÑUBLE,13-04-2026,0
RESERVA ÑUBLE,14-04-2026,0
RESERVA ÑUBLE,15-04-2026,0
RESERVA ÑUBLE,16-04-2026,32.8
RESERVA ÑUBLE,17-04-2026,20.9
RESERVA ÑUBLE,18-04-2026,0
RESERVA ÑUBLE,19-04-2026,1.8
RESERVA ÑUBLE,20-04-2026,4.2
RESERVA ÑUBLE,21-04-2026,0
RESERVA ÑUBLE,22-04-2026,0
RESERVA ÑUBLE,23-04-2026,0
RESERVA ÑUBLE,24-04-2026,0
RESERVA ÑUBLE,25-04-2026,0
RESERVA ÑUBLE,26-04-2026,0
RESERVA ÑUBLE,27-04-2026,14.1
RESERVA ÑUBLE,28-04-2026,42.6
RESERVA ÑUBLE,29-04-2026,0
RESERVA ÑUBLE,30-04-2026,0
RESERVA ÑUBLE,01-05-2026,0
RESERVA ÑUBLE,02-05-2026,0
RESERVA ÑUBLE,03-05-2026,24
RESERVA ÑUBLE,04-05-2026,11.5
RESERVA ÑUBLE,05-05-2026,32
RESERVA ÑUBLE,06-05-2026,36.7
RESERVA ÑUBLE,07-05-2026,5.8
RESERVA ÑUBLE,08-05-2026,8.1
RESERVA ÑUBLE,09-05-2026,0
RESERVA ÑUBLE,10-05-2026,0
RESERVA ÑUBLE,11-05-2026,0
RESERVA ÑUBLE,12-05-2026,0
RESERVA ÑUBLE,13-05-2026,0
RESERVA ÑUBLE,14-05-2026,0
RESERVA ÑUBLE,15-05-2026,0
RESERVA ÑUBLE,16-05-2026,0
RESERVA ÑUBLE,17-05-2026,0
RESERVA ÑUBLE,18-05-2026,0
RESERVA ÑUBLE,19-05-2026,0
RESERVA ÑUBLE,20-05-2026,0
RESERVA ÑUBLE,21-05-2026,0
RESERVA ÑUBLE,22-05-2026,0
RESERVA ÑUBLE,23-05-2026,0
RESERVA ÑUBLE,24-05-2026,0
RESERVA ÑUBLE,25-05-2026,0
RESERVA ÑUBLE,26-05-2026,0
RESERVA ÑUBLE,27-05-2026,2
RESERVA ÑUBLE,28-05-2026,0
RESERVA ÑUBLE,29-05-2026,0
RESERVA ÑUBLE,30-05-2026,0
RESERVA ÑUBLE,31-05-2026,0
LAS QUILAS CAMPAMENTO DOH,01-09-2024,10.4
LAS QUILAS CAMPAMENTO DOH,02-09-2024,1.9
LAS QUILAS CAMPAMENTO DOH,03-09-2024,0.1
LAS QUILAS CAMPAMENTO DOH,04-09-2024,0
LAS QUILAS CAMPAMENTO DOH,05-09-2024,0.5
LAS QUILAS CAMPAMENTO DOH,06-09-2024,0
LAS QUILAS CAMPAMENTO DOH,07-09-2024,0
LAS QUILAS CAMPAMENTO DOH,08-09-2024,0
LAS QUILAS CAMPAMENTO DOH,09-09-2024,10.6
LAS QUILAS CAMPAMENTO DOH,10-09-2024,2
LAS QUILAS CAMPAMENTO DOH,11-09-2024,0
LAS QUILAS CAMPAMENTO DOH,12-09-2024,0
LAS QUILAS CAMPAMENTO DOH,13-09-2024,0
LAS QUILAS CAMPAMENTO DOH,14-09-2024,0
LAS QUILAS CAMPAMENTO DOH,15-09-2024,0
LAS QUILAS CAMPAMENTO DOH,16-09-2024,0
LAS QUILAS CAMPAMENTO DOH,17-09-2024,0
LAS QUILAS CAMPAMENTO DOH,18-09-2024,19.7
LAS QUILAS CAMPAMENTO DOH,19-09-2024,6.8
LAS QUILAS CAMPAMENTO DOH,20-09-2024,0.1
LAS QUILAS CAMPAMENTO DOH,21-09-2024,29.9
LAS QUILAS CAMPAMENTO DOH,22-09-2024,0.8
LAS QUILAS CAMPAMENTO DOH,23-09-2024,0.2
LAS QUILAS CAMPAMENTO DOH,24-09-2024,0
LAS QUILAS CAMPAMENTO DOH,25-09-2024,0
LAS QUILAS CAMPAMENTO DOH,26-09-2024,0
LAS QUILAS CAMPAMENTO DOH,27-09-2024,0
LAS QUILAS CAMPAMENTO DOH,28-09-2024,0
LAS QUILAS CAMPAMENTO DOH,29-09-2024,10.3
LAS QUILAS CAMPAMENTO DOH,30-09-2024,26.8
LAS QUILAS CAMPAMENTO DOH,01-10-2024,0.1
LAS QUILAS CAMPAMENTO DOH,02-10-2024,0
LAS QUILAS CAMPAMENTO DOH,03-10-2024,0
LAS QUILAS CAMPAMENTO DOH,04-10-2024,0
LAS QUILAS CAMPAMENTO DOH,05-10-2024,0
LAS QUILAS CAMPAMENTO DOH,06-10-2024,0
LAS QUILAS CAMPAMENTO DOH,07-10-2024,0
LAS QUILAS CAMPAMENTO DOH,08-10-2024,0.1
LAS QUILAS CAMPAMENTO DOH,09-10-2024,0
LAS QUILAS CAMPAMENTO DOH,10-10-2024,1.4
LAS QUILAS CAMPAMENTO DOH,11-10-2024,3.7
LAS QUILAS CAMPAMENTO DOH,12-10-2024,0
LAS QUILAS CAMPAMENTO DOH,13-10-2024,0
LAS QUILAS CAMPAMENTO DOH,14-10-2024,0
LAS QUILAS CAMPAMENTO DOH,15-10-2024,0
LAS QUILAS CAMPAMENTO DOH,16-10-2024,0.5
LAS QUILAS CAMPAMENTO DOH,17-10-2024,0
LAS QUILAS CAMPAMENTO DOH,18-10-2024,0
LAS QUILAS CAMPAMENTO DOH,19-10-2024,0.1
LAS QUILAS CAMPAMENTO DOH,20-10-2024,2
LAS QUILAS CAMPAMENTO DOH,21-10-2024,0
LAS QUILAS CAMPAMENTO DOH,22-10-2024,7.1
LAS QUILAS CAMPAMENTO DOH,23-10-2024,7
LAS QUILAS CAMPAMENTO DOH,24-10-2024,0.8
LAS QUILAS CAMPAMENTO DOH,25-10-2024,0
LAS QUILAS CAMPAMENTO DOH,26-10-2024,0
LAS QUILAS CAMPAMENTO DOH,27-10-2024,0
LAS QUILAS CAMPAMENTO DOH,28-10-2024,0
LAS QUILAS CAMPAMENTO DOH,29-10-2024,0.3
LAS QUILAS CAMPAMENTO DOH,30-10-2024,0
LAS QUILAS CAMPAMENTO DOH,31-10-2024,0.2
LAS QUILAS CAMPAMENTO DOH,01-11-2024,4.3
LAS QUILAS CAMPAMENTO DOH,02-11-2024,0
LAS QUILAS CAMPAMENTO DOH,03-11-2024,7.9
LAS QUILAS CAMPAMENTO DOH,04-11-2024,0.1
LAS QUILAS CAMPAMENTO DOH,05-11-2024,0
LAS QUILAS CAMPAMENTO DOH,06-11-2024,0
LAS QUILAS CAMPAMENTO DOH,07-11-2024,0
LAS QUILAS CAMPAMENTO DOH,08-11-2024,0
LAS QUILAS CAMPAMENTO DOH,09-11-2024,0.4
LAS QUILAS CAMPAMENTO DOH,10-11-2024,0
LAS QUILAS CAMPAMENTO DOH,11-11-2024,0.1
LAS QUILAS CAMPAMENTO DOH,12-11-2024,0
LAS QUILAS CAMPAMENTO DOH,13-11-2024,0
LAS QUILAS CAMPAMENTO DOH,14-11-2024,0
LAS QUILAS CAMPAMENTO DOH,15-11-2024,0
LAS QUILAS CAMPAMENTO DOH,16-11-2024,0
LAS QUILAS CAMPAMENTO DOH,17-11-2024,0
LAS QUILAS CAMPAMENTO DOH,18-11-2024,0
LAS QUILAS CAMPAMENTO DOH,19-11-2024,0
LAS QUILAS CAMPAMENTO DOH,20-11-2024,0
LAS QUILAS CAMPAMENTO DOH,21-11-2024,0
LAS QUILAS CAMPAMENTO DOH,22-11-2024,0
LAS QUILAS CAMPAMENTO DOH,23-11-2024,0
LAS QUILAS CAMPAMENTO DOH,24-11-2024,0
LAS QUILAS CAMPAMENTO DOH,25-11-2024,0
LAS QUILAS CAMPAMENTO DOH,26-11-2024,0
LAS QUILAS CAMPAMENTO DOH,27-11-2024,0
LAS QUILAS CAMPAMENTO DOH,28-11-2024,0
LAS QUILAS CAMPAMENTO DOH,29-11-2024,0
LAS QUILAS CAMPAMENTO DOH,30-11-2024,0
LAS QUILAS CAMPAMENTO DOH,01-12-2024,0
LAS QUILAS CAMPAMENTO DOH,02-12-2024,0
LAS QUILAS CAMPAMENTO DOH,03-12-2024,0
LAS QUILAS CAMPAMENTO DOH,04-12-2024,0
LAS QUILAS CAMPAMENTO DOH,05-12-2024,3.4
LAS QUILAS CAMPAMENTO DOH,06-12-2024,0
LAS QUILAS CAMPAMENTO DOH,07-12-2024,0
LAS QUILAS CAMPAMENTO DOH,08-12-2024,0
LAS QUILAS CAMPAMENTO DOH,09-12-2024,0
LAS QUILAS CAMPAMENTO DOH,10-12-2024,0
LAS QUILAS CAMPAMENTO DOH,11-12-2024,0
LAS QUILAS CAMPAMENTO DOH,12-12-2024,0
LAS QUILAS CAMPAMENTO DOH,13-12-2024,0
LAS QUILAS CAMPAMENTO DOH,14-12-2024,0
LAS QUILAS CAMPAMENTO DOH,15-12-2024,0
LAS QUILAS CAMPAMENTO DOH,16-12-2024,0
LAS QUILAS CAMPAMENTO DOH,17-12-2024,0
LAS QUILAS CAMPAMENTO DOH,18-12-2024,0
LAS QUILAS CAMPAMENTO DOH,19-12-2024,0
LAS QUILAS CAMPAMENTO DOH,20-12-2024,0
LAS QUILAS CAMPAMENTO DOH,21-12-2024,0
LAS QUILAS CAMPAMENTO DOH,22-12-2024,0
LAS QUILAS CAMPAMENTO DOH,23-12-2024,0
LAS QUILAS CAMPAMENTO DOH,24-12-2024,0.7
LAS QUILAS CAMPAMENTO DOH,25-12-2024,0.2
LAS QUILAS CAMPAMENTO DOH,26-12-2024,0
LAS QUILAS CAMPAMENTO DOH,27-12-2024,0
LAS QUILAS CAMPAMENTO DOH,28-12-2024,0
LAS QUILAS CAMPAMENTO DOH,29-12-2024,0
LAS QUILAS CAMPAMENTO DOH,30-12-2024,0
LAS QUILAS CAMPAMENTO DOH,31-12-2024,0
LAS QUILAS CAMPAMENTO DOH,01-01-2025,0
LAS QUILAS CAMPAMENTO DOH,02-01-2025,0
LAS QUILAS CAMPAMENTO DOH,03-01-2025,0
LAS QUILAS CAMPAMENTO DOH,04-01-2025,0
LAS QUILAS CAMPAMENTO DOH,05-01-2025,0
LAS QUILAS CAMPAMENTO DOH,06-01-2025,0
LAS QUILAS CAMPAMENTO DOH,07-01-2025,0
LAS QUILAS CAMPAMENTO DOH,08-01-2025,0
LAS QUILAS CAMPAMENTO DOH,09-01-2025,0
LAS QUILAS CAMPAMENTO DOH,10-01-2025,0
LAS QUILAS CAMPAMENTO DOH,11-01-2025,0
LAS QUILAS CAMPAMENTO DOH,12-01-2025,0
LAS QUILAS CAMPAMENTO DOH,13-01-2025,0
LAS QUILAS CAMPAMENTO DOH,14-01-2025,0
LAS QUILAS CAMPAMENTO DOH,15-01-2025,0
LAS QUILAS CAMPAMENTO DOH,16-01-2025,0
LAS QUILAS CAMPAMENTO DOH,17-01-2025,0
LAS QUILAS CAMPAMENTO DOH,18-01-2025,0
LAS QUILAS CAMPAMENTO DOH,19-01-2025,0
LAS QUILAS CAMPAMENTO DOH,20-01-2025,0
LAS QUILAS CAMPAMENTO DOH,21-01-2025,0
LAS QUILAS CAMPAMENTO DOH,22-01-2025,0
LAS QUILAS CAMPAMENTO DOH,23-01-2025,0
LAS QUILAS CAMPAMENTO DOH,24-01-2025,0
LAS QUILAS CAMPAMENTO DOH,25-01-2025,0
LAS QUILAS CAMPAMENTO DOH,26-01-2025,0
LAS QUILAS CAMPAMENTO DOH,27-01-2025,0
LAS QUILAS CAMPAMENTO DOH,28-01-2025,0
LAS QUILAS CAMPAMENTO DOH,29-01-2025,0
LAS QUILAS CAMPAMENTO DOH,30-01-2025,0
LAS QUILAS CAMPAMENTO DOH,31-01-2025,0
LAS QUILAS CAMPAMENTO DOH,01-02-2025,0
LAS QUILAS CAMPAMENTO DOH,02-02-2025,0
LAS QUILAS CAMPAMENTO DOH,03-02-2025,0
LAS QUILAS CAMPAMENTO DOH,04-02-2025,0
LAS QUILAS CAMPAMENTO DOH,05-02-2025,0
LAS QUILAS CAMPAMENTO DOH,06-02-2025,0
LAS QUILAS CAMPAMENTO DOH,07-02-2025,0
LAS QUILAS CAMPAMENTO DOH,08-02-2025,0
LAS QUILAS CAMPAMENTO DOH,09-02-2025,0
LAS QUILAS CAMPAMENTO DOH,10-02-2025,0
LAS QUILAS CAMPAMENTO DOH,11-02-2025,0
LAS QUILAS CAMPAMENTO DOH,12-02-2025,0
LAS QUILAS CAMPAMENTO DOH,13-02-2025,0
LAS QUILAS CAMPAMENTO DOH,14-02-2025,0
LAS QUILAS CAMPAMENTO DOH,15-02-2025,0
LAS QUILAS CAMPAMENTO DOH,16-02-2025,0
LAS QUILAS CAMPAMENTO DOH,17-02-2025,0
LAS QUILAS CAMPAMENTO DOH,18-02-2025,0
LAS QUILAS CAMPAMENTO DOH,19-02-2025,0
LAS QUILAS CAMPAMENTO DOH,20-02-2025,0
LAS QUILAS CAMPAMENTO DOH,21-02-2025,0
LAS QUILAS CAMPAMENTO DOH,22-02-2025,0
LAS QUILAS CAMPAMENTO DOH,23-02-2025,0
LAS QUILAS CAMPAMENTO DOH,24-02-2025,0
LAS QUILAS CAMPAMENTO DOH,25-02-2025,0
LAS QUILAS CAMPAMENTO DOH,26-02-2025,0
LAS QUILAS CAMPAMENTO DOH,27-02-2025,0
LAS QUILAS CAMPAMENTO DOH,28-02-2025,0
LAS QUILAS CAMPAMENTO DOH,01-03-2025,0
LAS QUILAS CAMPAMENTO DOH,02-03-2025,0
LAS QUILAS CAMPAMENTO DOH,03-03-2025,0
LAS QUILAS CAMPAMENTO DOH,04-03-2025,0
LAS QUILAS CAMPAMENTO DOH,05-03-2025,0
LAS QUILAS CAMPAMENTO DOH,06-03-2025,12.5
LAS QUILAS CAMPAMENTO DOH,07-03-2025,2.6
LAS QUILAS CAMPAMENTO DOH,08-03-2025,0
LAS QUILAS CAMPAMENTO DOH,09-03-2025,0
LAS QUILAS CAMPAMENTO DOH,10-03-2025,0
LAS QUILAS CAMPAMENTO DOH,11-03-2025,0
LAS QUILAS CAMPAMENTO DOH,12-03-2025,0
LAS QUILAS CAMPAMENTO DOH,13-03-2025,0
LAS QUILAS CAMPAMENTO DOH,14-03-2025,0
LAS QUILAS CAMPAMENTO DOH,15-03-2025,0
LAS QUILAS CAMPAMENTO DOH,16-03-2025,0
LAS QUILAS CAMPAMENTO DOH,17-03-2025,0
LAS QUILAS CAMPAMENTO DOH,18-03-2025,0
LAS QUILAS CAMPAMENTO DOH,19-03-2025,0
LAS QUILAS CAMPAMENTO DOH,20-03-2025,0
LAS QUILAS CAMPAMENTO DOH,21-03-2025,0
LAS QUILAS CAMPAMENTO DOH,22-03-2025,0
LAS QUILAS CAMPAMENTO DOH,23-03-2025,0
LAS QUILAS CAMPAMENTO DOH,24-03-2025,0
LAS QUILAS CAMPAMENTO DOH,25-03-2025,0
LAS QUILAS CAMPAMENTO DOH,26-03-2025,0
LAS QUILAS CAMPAMENTO DOH,27-03-2025,0
LAS QUILAS CAMPAMENTO DOH,28-03-2025,0
LAS QUILAS CAMPAMENTO DOH,29-03-2025,32.8
LAS QUILAS CAMPAMENTO DOH,30-03-2025,0
LAS QUILAS CAMPAMENTO DOH,31-03-2025,0.1
LAS QUILAS CAMPAMENTO DOH,01-04-2025,0
LAS QUILAS CAMPAMENTO DOH,02-04-2025,0
LAS QUILAS CAMPAMENTO DOH,03-04-2025,0
LAS QUILAS CAMPAMENTO DOH,04-04-2025,0
LAS QUILAS CAMPAMENTO DOH,05-04-2025,0
LAS QUILAS CAMPAMENTO DOH,06-04-2025,0.1
LAS QUILAS CAMPAMENTO DOH,07-04-2025,0
LAS QUILAS CAMPAMENTO DOH,08-04-2025,0
LAS QUILAS CAMPAMENTO DOH,09-04-2025,16.3
LAS QUILAS CAMPAMENTO DOH,10-04-2025,3
LAS QUILAS CAMPAMENTO DOH,11-04-2025,0
LAS QUILAS CAMPAMENTO DOH,12-04-2025,0
LAS QUILAS CAMPAMENTO DOH,13-04-2025,3.3
LAS QUILAS CAMPAMENTO DOH,14-04-2025,3.7
LAS QUILAS CAMPAMENTO DOH,15-04-2025,0.1
LAS QUILAS CAMPAMENTO DOH,16-04-2025,0.2
LAS QUILAS CAMPAMENTO DOH,17-04-2025,0.1
LAS QUILAS CAMPAMENTO DOH,18-04-2025,0
LAS QUILAS CAMPAMENTO DOH,19-04-2025,0
LAS QUILAS CAMPAMENTO DOH,20-04-2025,0
LAS QUILAS CAMPAMENTO DOH,21-04-2025,0
LAS QUILAS CAMPAMENTO DOH,22-04-2025,17.2
LAS QUILAS CAMPAMENTO DOH,23-04-2025,0
LAS QUILAS CAMPAMENTO DOH,24-04-2025,20.4
LAS QUILAS CAMPAMENTO DOH,25-04-2025,10.8
LAS QUILAS CAMPAMENTO DOH,26-04-2025,0.1
LAS QUILAS CAMPAMENTO DOH,27-04-2025,0
LAS QUILAS CAMPAMENTO DOH,28-04-2025,0
LAS QUILAS CAMPAMENTO DOH,29-04-2025,0.1
LAS QUILAS CAMPAMENTO DOH,30-04-2025,1.8
LAS QUILAS CAMPAMENTO DOH,01-05-2025,0.9
LAS QUILAS CAMPAMENTO DOH,02-05-2025,0.1
LAS QUILAS CAMPAMENTO DOH,03-05-2025,7.2
LAS QUILAS CAMPAMENTO DOH,04-05-2025,0
LAS QUILAS CAMPAMENTO DOH,05-05-2025,0.1
LAS QUILAS CAMPAMENTO DOH,06-05-2025,11.1
LAS QUILAS CAMPAMENTO DOH,07-05-2025,12.2
LAS QUILAS CAMPAMENTO DOH,08-05-2025,0.2
LAS QUILAS CAMPAMENTO DOH,09-05-2025,0
LAS QUILAS CAMPAMENTO DOH,10-05-2025,0.1
LAS QUILAS CAMPAMENTO DOH,11-05-2025,0
LAS QUILAS CAMPAMENTO DOH,12-05-2025,0
LAS QUILAS CAMPAMENTO DOH,13-05-2025,0
LAS QUILAS CAMPAMENTO DOH,14-05-2025,0
LAS QUILAS CAMPAMENTO DOH,15-05-2025,0.2
LAS QUILAS CAMPAMENTO DOH,16-05-2025,22.4
LAS QUILAS CAMPAMENTO DOH,17-05-2025,5.9
LAS QUILAS CAMPAMENTO DOH,18-05-2025,0.1
LAS QUILAS CAMPAMENTO DOH,19-05-2025,0.1
LAS QUILAS CAMPAMENTO DOH,20-05-2025,0.1
LAS QUILAS CAMPAMENTO DOH,21-05-2025,0
LAS QUILAS CAMPAMENTO DOH,22-05-2025,0
LAS QUILAS CAMPAMENTO DOH,23-05-2025,4.8
LAS QUILAS CAMPAMENTO DOH,24-05-2025,0.9
LAS QUILAS CAMPAMENTO DOH,25-05-2025,24.2
LAS QUILAS CAMPAMENTO DOH,26-05-2025,0.5
LAS QUILAS CAMPAMENTO DOH,27-05-2025,0.2
LAS QUILAS CAMPAMENTO DOH,28-05-2025,0
LAS QUILAS CAMPAMENTO DOH,29-05-2025,0
LAS QUILAS CAMPAMENTO DOH,30-05-2025,0
LAS QUILAS CAMPAMENTO DOH,31-05-2025,0
LAS QUILAS CAMPAMENTO DOH,01-06-2025,0
LAS QUILAS CAMPAMENTO DOH,02-06-2025,0
LAS QUILAS CAMPAMENTO DOH,03-06-2025,0.5
LAS QUILAS CAMPAMENTO DOH,04-06-2025,0.1
LAS QUILAS CAMPAMENTO DOH,05-06-2025,0
LAS QUILAS CAMPAMENTO DOH,06-06-2025,0
LAS QUILAS CAMPAMENTO DOH,07-06-2025,0
LAS QUILAS CAMPAMENTO DOH,08-06-2025,0.1
LAS QUILAS CAMPAMENTO DOH,09-06-2025,0.1
LAS QUILAS CAMPAMENTO DOH,10-06-2025,0.2
LAS QUILAS CAMPAMENTO DOH,11-06-2025,14
LAS QUILAS CAMPAMENTO DOH,12-06-2025,21
LAS QUILAS CAMPAMENTO DOH,13-06-2025,0.1
LAS QUILAS CAMPAMENTO DOH,14-06-2025,61.7
LAS QUILAS CAMPAMENTO DOH,15-06-2025,3.1
LAS QUILAS CAMPAMENTO DOH,16-06-2025,1.4
LAS QUILAS CAMPAMENTO DOH,17-06-2025,0.1
LAS QUILAS CAMPAMENTO DOH,18-06-2025,0.3
LAS QUILAS CAMPAMENTO DOH,19-06-2025,0.1
LAS QUILAS CAMPAMENTO DOH,20-06-2025,0.1
LAS QUILAS CAMPAMENTO DOH,21-06-2025,15.8
LAS QUILAS CAMPAMENTO DOH,22-06-2025,0.1
LAS QUILAS CAMPAMENTO DOH,23-06-2025,0
LAS QUILAS CAMPAMENTO DOH,24-06-2025,0.2
LAS QUILAS CAMPAMENTO DOH,25-06-2025,0.2
LAS QUILAS CAMPAMENTO DOH,26-06-2025,0.1
LAS QUILAS CAMPAMENTO DOH,27-06-2025,0
LAS QUILAS CAMPAMENTO DOH,28-06-2025,0
LAS QUILAS CAMPAMENTO DOH,29-06-2025,0.1
LAS QUILAS CAMPAMENTO DOH,30-06-2025,0.1
LAS QUILAS CAMPAMENTO DOH,01-07-2025,0
LAS QUILAS CAMPAMENTO DOH,02-07-2025,0.1
LAS QUILAS CAMPAMENTO DOH,03-07-2025,0
LAS QUILAS CAMPAMENTO DOH,04-07-2025,0
LAS QUILAS CAMPAMENTO DOH,05-07-2025,13.4
LAS QUILAS CAMPAMENTO DOH,06-07-2025,9.1
LAS QUILAS CAMPAMENTO DOH,07-07-2025,0.2
LAS QUILAS CAMPAMENTO DOH,08-07-2025,0
LAS QUILAS CAMPAMENTO DOH,09-07-2025,0
LAS QUILAS CAMPAMENTO DOH,10-07-2025,0
LAS QUILAS CAMPAMENTO DOH,11-07-2025,0
LAS QUILAS CAMPAMENTO DOH,12-07-2025,0
LAS QUILAS CAMPAMENTO DOH,13-07-2025,0
LAS QUILAS CAMPAMENTO DOH,14-07-2025,2.3
LAS QUILAS CAMPAMENTO DOH,15-07-2025,1.4
LAS QUILAS CAMPAMENTO DOH,16-07-2025,0.2
LAS QUILAS CAMPAMENTO DOH,17-07-2025,0
LAS QUILAS CAMPAMENTO DOH,18-07-2025,0
LAS QUILAS CAMPAMENTO DOH,19-07-2025,0
LAS QUILAS CAMPAMENTO DOH,20-07-2025,0
LAS QUILAS CAMPAMENTO DOH,21-07-2025,0.1
LAS QUILAS CAMPAMENTO DOH,22-07-2025,0
LAS QUILAS CAMPAMENTO DOH,23-07-2025,0.1
LAS QUILAS CAMPAMENTO DOH,24-07-2025,7.4
LAS QUILAS CAMPAMENTO DOH,25-07-2025,4.1
LAS QUILAS CAMPAMENTO DOH,26-07-2025,2.9
LAS QUILAS CAMPAMENTO DOH,27-07-2025,9.2
LAS QUILAS CAMPAMENTO DOH,28-07-2025,0.4
LAS QUILAS CAMPAMENTO DOH,29-07-2025,0
LAS QUILAS CAMPAMENTO DOH,30-07-2025,70.1
LAS QUILAS CAMPAMENTO DOH,31-07-2025,17
LAS QUILAS CAMPAMENTO DOH,01-08-2025,20
LAS QUILAS CAMPAMENTO DOH,02-08-2025,3.3
LAS QUILAS CAMPAMENTO DOH,03-08-2025,0.1
LAS QUILAS CAMPAMENTO DOH,04-08-2025,0.1
LAS QUILAS CAMPAMENTO DOH,05-08-2025,0.1
LAS QUILAS CAMPAMENTO DOH,06-08-2025,0
LAS QUILAS CAMPAMENTO DOH,07-08-2025,0.1
LAS QUILAS CAMPAMENTO DOH,08-08-2025,0.1
LAS QUILAS CAMPAMENTO DOH,09-08-2025,0.1
LAS QUILAS CAMPAMENTO DOH,10-08-2025,0
LAS QUILAS CAMPAMENTO DOH,11-08-2025,0
LAS QUILAS CAMPAMENTO DOH,12-08-2025,0
LAS QUILAS CAMPAMENTO DOH,13-08-2025,0
LAS QUILAS CAMPAMENTO DOH,14-08-2025,0
LAS QUILAS CAMPAMENTO DOH,15-08-2025,1.2
LAS QUILAS CAMPAMENTO DOH,16-08-2025,0
LAS QUILAS CAMPAMENTO DOH,17-08-2025,0
LAS QUILAS CAMPAMENTO DOH,18-08-2025,0
LAS QUILAS CAMPAMENTO DOH,19-08-2025,8.9
LAS QUILAS CAMPAMENTO DOH,20-08-2025,4.4
LAS QUILAS CAMPAMENTO DOH,21-08-2025,13.1
LAS QUILAS CAMPAMENTO DOH,22-08-2025,4.1
LAS QUILAS CAMPAMENTO DOH,23-08-2025,0.2
LAS QUILAS CAMPAMENTO DOH,24-08-2025,0.1
LAS QUILAS CAMPAMENTO DOH,25-08-2025,0
LAS QUILAS CAMPAMENTO DOH,26-08-2025,0
LAS QUILAS CAMPAMENTO DOH,27-08-2025,0.1
LAS QUILAS CAMPAMENTO DOH,28-08-2025,0
LAS QUILAS CAMPAMENTO DOH,29-08-2025,1.7
LAS QUILAS CAMPAMENTO DOH,30-08-2025,5.5
LAS QUILAS CAMPAMENTO DOH,31-08-2025,1.7
LAS QUILAS CAMPAMENTO DOH,01-09-2025,1.8
LAS QUILAS CAMPAMENTO DOH,02-09-2025,1.5
LAS QUILAS CAMPAMENTO DOH,03-09-2025,0.1
LAS QUILAS CAMPAMENTO DOH,04-09-2025,0
LAS QUILAS CAMPAMENTO DOH,05-09-2025,0.2
LAS QUILAS CAMPAMENTO DOH,06-09-2025,0
LAS QUILAS CAMPAMENTO DOH,07-09-2025,0.5
LAS QUILAS CAMPAMENTO DOH,08-09-2025,0.1
LAS QUILAS CAMPAMENTO DOH,09-09-2025,16.9
LAS QUILAS CAMPAMENTO DOH,10-09-2025,0.1
LAS QUILAS CAMPAMENTO DOH,11-09-2025,0
LAS QUILAS CAMPAMENTO DOH,12-09-2025,7.7
LAS QUILAS CAMPAMENTO DOH,13-09-2025,0.4
LAS QUILAS CAMPAMENTO DOH,14-09-2025,0
LAS QUILAS CAMPAMENTO DOH,15-09-2025,0
LAS QUILAS CAMPAMENTO DOH,16-09-2025,0
LAS QUILAS CAMPAMENTO DOH,17-09-2025,0
LAS QUILAS CAMPAMENTO DOH,18-09-2025,1.8
LAS QUILAS CAMPAMENTO DOH,19-09-2025,18.3
LAS QUILAS CAMPAMENTO DOH,20-09-2025,11.7
LAS QUILAS CAMPAMENTO DOH,21-09-2025,4.8
LAS QUILAS CAMPAMENTO DOH,22-09-2025,0.1
LAS QUILAS CAMPAMENTO DOH,23-09-2025,0
LAS QUILAS CAMPAMENTO DOH,24-09-2025,0
LAS QUILAS CAMPAMENTO DOH,25-09-2025,5.3
LAS QUILAS CAMPAMENTO DOH,26-09-2025,3.6
LAS QUILAS CAMPAMENTO DOH,27-09-2025,0.1
LAS QUILAS CAMPAMENTO DOH,28-09-2025,0
LAS QUILAS CAMPAMENTO DOH,29-09-2025,0
LAS QUILAS CAMPAMENTO DOH,30-09-2025,0
LAS QUILAS CAMPAMENTO DOH,01-10-2025,0
LAS QUILAS CAMPAMENTO DOH,02-10-2025,0
LAS QUILAS CAMPAMENTO DOH,03-10-2025,6.5
LAS QUILAS CAMPAMENTO DOH,04-10-2025,12.9
LAS QUILAS CAMPAMENTO DOH,05-10-2025,2.3
LAS QUILAS CAMPAMENTO DOH,06-10-2025,0
LAS QUILAS CAMPAMENTO DOH,07-10-2025,0
LAS QUILAS CAMPAMENTO DOH,08-10-2025,0
LAS QUILAS CAMPAMENTO DOH,09-10-2025,0
LAS QUILAS CAMPAMENTO DOH,10-10-2025,10.3
LAS QUILAS CAMPAMENTO DOH,11-10-2025,0
LAS QUILAS CAMPAMENTO DOH,12-10-2025,0
LAS QUILAS CAMPAMENTO DOH,13-10-2025,0
LAS QUILAS CAMPAMENTO DOH,14-10-2025,0.5
LAS QUILAS CAMPAMENTO DOH,15-10-2025,0.1
LAS QUILAS CAMPAMENTO DOH,16-10-2025,0
LAS QUILAS CAMPAMENTO DOH,17-10-2025,0
LAS QUILAS CAMPAMENTO DOH,18-10-2025,0
LAS QUILAS CAMPAMENTO DOH,19-10-2025,0
LAS QUILAS CAMPAMENTO DOH,20-10-2025,0
LAS QUILAS CAMPAMENTO DOH,21-10-2025,0
LAS QUILAS CAMPAMENTO DOH,22-10-2025,0
LAS QUILAS CAMPAMENTO DOH,23-10-2025,0
LAS QUILAS CAMPAMENTO DOH,24-10-2025,0
LAS QUILAS CAMPAMENTO DOH,25-10-2025,0
LAS QUILAS CAMPAMENTO DOH,26-10-2025,0
LAS QUILAS CAMPAMENTO DOH,27-10-2025,0
LAS QUILAS CAMPAMENTO DOH,28-10-2025,0
LAS QUILAS CAMPAMENTO DOH,29-10-2025,0
LAS QUILAS CAMPAMENTO DOH,30-10-2025,0
LAS QUILAS CAMPAMENTO DOH,31-10-2025,0
LAS QUILAS CAMPAMENTO DOH,01-11-2025,0
LAS QUILAS CAMPAMENTO DOH,02-11-2025,0
LAS QUILAS CAMPAMENTO DOH,03-11-2025,0
LAS QUILAS CAMPAMENTO DOH,04-11-2025,0
LAS QUILAS CAMPAMENTO DOH,05-11-2025,0
LAS QUILAS CAMPAMENTO DOH,06-11-2025,0
LAS QUILAS CAMPAMENTO DOH,07-11-2025,0
LAS QUILAS CAMPAMENTO DOH,08-11-2025,0
LAS QUILAS CAMPAMENTO DOH,09-11-2025,0
LAS QUILAS CAMPAMENTO DOH,10-11-2025,0
LAS QUILAS CAMPAMENTO DOH,11-11-2025,0.3
LAS QUILAS CAMPAMENTO DOH,12-11-2025,0
LAS QUILAS CAMPAMENTO DOH,13-11-2025,0
LAS QUILAS CAMPAMENTO DOH,14-11-2025,0
LAS QUILAS CAMPAMENTO DOH,15-11-2025,0.8
LAS QUILAS CAMPAMENTO DOH,16-11-2025,0.1
LAS QUILAS CAMPAMENTO DOH,17-11-2025,0
LAS QUILAS CAMPAMENTO DOH,18-11-2025,0
LAS QUILAS CAMPAMENTO DOH,19-11-2025,0
LAS QUILAS CAMPAMENTO DOH,20-11-2025,0
LAS QUILAS CAMPAMENTO DOH,21-11-2025,0
LAS QUILAS CAMPAMENTO DOH,22-11-2025,0
LAS QUILAS CAMPAMENTO DOH,23-11-2025,0
LAS QUILAS CAMPAMENTO DOH,24-11-2025,0
LAS QUILAS CAMPAMENTO DOH,25-11-2025,0
LAS QUILAS CAMPAMENTO DOH,26-11-2025,0
LAS QUILAS CAMPAMENTO DOH,27-11-2025,0
LAS QUILAS CAMPAMENTO DOH,28-11-2025,0
LAS QUILAS CAMPAMENTO DOH,29-11-2025,0
LAS QUILAS CAMPAMENTO DOH,30-11-2025,0
LAS QUILAS CAMPAMENTO DOH,01-12-2025,0
LAS QUILAS CAMPAMENTO DOH,02-12-2025,0
LAS QUILAS CAMPAMENTO DOH,03-12-2025,0
LAS QUILAS CAMPAMENTO DOH,04-12-2025,0
LAS QUILAS CAMPAMENTO DOH,05-12-2025,0
LAS QUILAS CAMPAMENTO DOH,06-12-2025,0
LAS QUILAS CAMPAMENTO DOH,07-12-2025,0
LAS QUILAS CAMPAMENTO DOH,08-12-2025,0
LAS QUILAS CAMPAMENTO DOH,09-12-2025,0
LAS QUILAS CAMPAMENTO DOH,10-12-2025,0
LAS QUILAS CAMPAMENTO DOH,11-12-2025,0
LAS QUILAS CAMPAMENTO DOH,12-12-2025,0
LAS QUILAS CAMPAMENTO DOH,13-12-2025,0
LAS QUILAS CAMPAMENTO DOH,14-12-2025,0
LAS QUILAS CAMPAMENTO DOH,15-12-2025,0
LAS QUILAS CAMPAMENTO DOH,16-12-2025,0
LAS QUILAS CAMPAMENTO DOH,17-12-2025,0
LAS QUILAS CAMPAMENTO DOH,18-12-2025,0
LAS QUILAS CAMPAMENTO DOH,19-12-2025,0
LAS QUILAS CAMPAMENTO DOH,20-12-2025,6.7
LAS QUILAS CAMPAMENTO DOH,21-12-2025,0.1
LAS QUILAS CAMPAMENTO DOH,22-12-2025,0
LAS QUILAS CAMPAMENTO DOH,23-12-2025,0
LAS QUILAS CAMPAMENTO DOH,24-12-2025,0
LAS QUILAS CAMPAMENTO DOH,25-12-2025,0
LAS QUILAS CAMPAMENTO DOH,26-12-2025,0
LAS QUILAS CAMPAMENTO DOH,27-12-2025,0
LAS QUILAS CAMPAMENTO DOH,28-12-2025,0
LAS QUILAS CAMPAMENTO DOH,29-12-2025,0
LAS QUILAS CAMPAMENTO DOH,30-12-2025,0
LAS QUILAS CAMPAMENTO DOH,31-12-2025,0
LAS QUILAS CAMPAMENTO DOH,01-01-2026,0
LAS QUILAS CAMPAMENTO DOH,02-01-2026,0
LAS QUILAS CAMPAMENTO DOH,03-01-2026,0
LAS QUILAS CAMPAMENTO DOH,04-01-2026,0
LAS QUILAS CAMPAMENTO DOH,05-01-2026,0
LAS QUILAS CAMPAMENTO DOH,06-01-2026,0
LAS QUILAS CAMPAMENTO DOH,07-01-2026,0
LAS QUILAS CAMPAMENTO DOH,08-01-2026,0
LAS QUILAS CAMPAMENTO DOH,09-01-2026,0
LAS QUILAS CAMPAMENTO DOH,10-01-2026,0
LAS QUILAS CAMPAMENTO DOH,11-01-2026,0
LAS QUILAS CAMPAMENTO DOH,12-01-2026,0
LAS QUILAS CAMPAMENTO DOH,13-01-2026,0
LAS QUILAS CAMPAMENTO DOH,14-01-2026,0
LAS QUILAS CAMPAMENTO DOH,15-01-2026,0
LAS QUILAS CAMPAMENTO DOH,16-01-2026,0
LAS QUILAS CAMPAMENTO DOH,17-01-2026,0
LAS QUILAS CAMPAMENTO DOH,18-01-2026,0
LAS QUILAS CAMPAMENTO DOH,19-01-2026,0
LAS QUILAS CAMPAMENTO DOH,20-01-2026,0
LAS QUILAS CAMPAMENTO DOH,21-01-2026,0
LAS QUILAS CAMPAMENTO DOH,22-01-2026,0
LAS QUILAS CAMPAMENTO DOH,23-01-2026,0
LAS QUILAS CAMPAMENTO DOH,24-01-2026,0
LAS QUILAS CAMPAMENTO DOH,25-01-2026,0
LAS QUILAS CAMPAMENTO DOH,26-01-2026,0
LAS QUILAS CAMPAMENTO DOH,27-01-2026,0
LAS QUILAS CAMPAMENTO DOH,28-01-2026,0
LAS QUILAS CAMPAMENTO DOH,29-01-2026,0
LAS QUILAS CAMPAMENTO DOH,30-01-2026,4.3
LAS QUILAS CAMPAMENTO DOH,31-01-2026,0
LAS QUILAS CAMPAMENTO DOH,01-02-2026,0
LAS QUILAS CAMPAMENTO DOH,02-02-2026,0.2
LAS QUILAS CAMPAMENTO DOH,03-02-2026,3.1
LAS QUILAS CAMPAMENTO DOH,04-02-2026,0.8
LAS QUILAS CAMPAMENTO DOH,05-02-2026,0
LAS QUILAS CAMPAMENTO DOH,06-02-2026,0
LAS QUILAS CAMPAMENTO DOH,07-02-2026,0
LAS QUILAS CAMPAMENTO DOH,08-02-2026,0
LAS QUILAS CAMPAMENTO DOH,09-02-2026,0.1
LAS QUILAS CAMPAMENTO DOH,10-02-2026,4.5
LAS QUILAS CAMPAMENTO DOH,11-02-2026,0.1
LAS QUILAS CAMPAMENTO DOH,12-02-2026,0
LAS QUILAS CAMPAMENTO DOH,13-02-2026,0
LAS QUILAS CAMPAMENTO DOH,14-02-2026,0
LAS QUILAS CAMPAMENTO DOH,15-02-2026,0
LAS QUILAS CAMPAMENTO DOH,16-02-2026,0
LAS QUILAS CAMPAMENTO DOH,17-02-2026,2.1
LAS QUILAS CAMPAMENTO DOH,18-02-2026,0
LAS QUILAS CAMPAMENTO DOH,19-02-2026,0
LAS QUILAS CAMPAMENTO DOH,20-02-2026,0
LAS QUILAS CAMPAMENTO DOH,21-02-2026,0
LAS QUILAS CAMPAMENTO DOH,22-02-2026,0
LAS QUILAS CAMPAMENTO DOH,23-02-2026,0
LAS QUILAS CAMPAMENTO DOH,24-02-2026,0
LAS QUILAS CAMPAMENTO DOH,25-02-2026,0
LAS QUILAS CAMPAMENTO DOH,26-02-2026,0
LAS QUILAS CAMPAMENTO DOH,27-02-2026,0
LAS QUILAS CAMPAMENTO DOH,28-02-2026,0
LAS QUILAS CAMPAMENTO DOH,01-03-2026,18.1
LAS QUILAS CAMPAMENTO DOH,02-03-2026,0.1
LAS QUILAS CAMPAMENTO DOH,03-03-2026,0
LAS QUILAS CAMPAMENTO DOH,04-03-2026,0
LAS QUILAS CAMPAMENTO DOH,05-03-2026,0
LAS QUILAS CAMPAMENTO DOH,06-03-2026,0
LAS QUILAS CAMPAMENTO DOH,07-03-2026,0
LAS QUILAS CAMPAMENTO DOH,08-03-2026,0
LAS QUILAS CAMPAMENTO DOH,09-03-2026,0
LAS QUILAS CAMPAMENTO DOH,10-03-2026,0
LAS QUILAS CAMPAMENTO DOH,11-03-2026,0
LAS QUILAS CAMPAMENTO DOH,12-03-2026,0
LAS QUILAS CAMPAMENTO DOH,13-03-2026,0
LAS QUILAS CAMPAMENTO DOH,14-03-2026,8
LAS QUILAS CAMPAMENTO DOH,15-03-2026,69.3
LAS QUILAS CAMPAMENTO DOH,16-03-2026,11.6
LAS QUILAS CAMPAMENTO DOH,17-03-2026,0
LAS QUILAS CAMPAMENTO DOH,18-03-2026,7.1
LAS QUILAS CAMPAMENTO DOH,19-03-2026,33.3
LAS QUILAS CAMPAMENTO DOH,20-03-2026,0
LAS QUILAS CAMPAMENTO DOH,21-03-2026,16.1
LAS QUILAS CAMPAMENTO DOH,22-03-2026,0.1
LAS QUILAS CAMPAMENTO DOH,23-03-2026,0.1
LAS QUILAS CAMPAMENTO DOH,24-03-2026,0.1
LAS QUILAS CAMPAMENTO DOH,25-03-2026,0
LAS QUILAS CAMPAMENTO DOH,26-03-2026,0
LAS QUILAS CAMPAMENTO DOH,27-03-2026,0
LAS QUILAS CAMPAMENTO DOH,28-03-2026,0
LAS QUILAS CAMPAMENTO DOH,29-03-2026,0
LAS QUILAS CAMPAMENTO DOH,30-03-2026,0
LAS QUILAS CAMPAMENTO DOH,31-03-2026,0
LAS QUILAS CAMPAMENTO DOH,01-04-2026,0.1
LAS QUILAS CAMPAMENTO DOH,02-04-2026,0
LAS QUILAS CAMPAMENTO DOH,03-04-2026,0
LAS QUILAS CAMPAMENTO DOH,04-04-2026,0
LAS QUILAS CAMPAMENTO DOH,05-04-2026,0
LAS QUILAS CAMPAMENTO DOH,06-04-2026,0
LAS QUILAS CAMPAMENTO DOH,07-04-2026,0
LAS QUILAS CAMPAMENTO DOH,08-04-2026,0
LAS QUILAS CAMPAMENTO DOH,09-04-2026,0
LAS QUILAS CAMPAMENTO DOH,10-04-2026,0
LAS QUILAS CAMPAMENTO DOH,11-04-2026,0
LAS QUILAS CAMPAMENTO DOH,12-04-2026,0.1
LAS QUILAS CAMPAMENTO DOH,13-04-2026,0
LAS QUILAS CAMPAMENTO DOH,14-04-2026,0.1
LAS QUILAS CAMPAMENTO DOH,15-04-2026,0
LAS QUILAS CAMPAMENTO DOH,16-04-2026,7.1
LAS QUILAS CAMPAMENTO DOH,17-04-2026,0.2
LAS QUILAS CAMPAMENTO DOH,18-04-2026,0.1
LAS QUILAS CAMPAMENTO DOH,19-04-2026,0
LAS QUILAS CAMPAMENTO DOH,20-04-2026,2.4
LAS QUILAS CAMPAMENTO DOH,21-04-2026,0.1
LAS QUILAS CAMPAMENTO DOH,22-04-2026,0
LAS QUILAS CAMPAMENTO DOH,23-04-2026,0.1
LAS QUILAS CAMPAMENTO DOH,24-04-2026,0
LAS QUILAS CAMPAMENTO DOH,25-04-2026,0
LAS QUILAS CAMPAMENTO DOH,26-04-2026,0
LAS QUILAS CAMPAMENTO DOH,27-04-2026,1.4
LAS QUILAS CAMPAMENTO DOH,28-04-2026,11.4
LAS QUILAS CAMPAMENTO DOH,29-04-2026,0.1
LAS QUILAS CAMPAMENTO DOH,30-04-2026,0
LAS QUILAS CAMPAMENTO DOH,01-05-2026,0
LAS QUILAS CAMPAMENTO DOH,02-05-2026,0.1
LAS QUILAS CAMPAMENTO DOH,03-05-2026,3.1
LAS QUILAS CAMPAMENTO DOH,04-05-2026,0.2
LAS QUILAS CAMPAMENTO DOH,05-05-2026,13.8
LAS QUILAS CAMPAMENTO DOH,06-05-2026,8.9
LAS QUILAS CAMPAMENTO DOH,07-05-2026,1.7
LAS QUILAS CAMPAMENTO DOH,08-05-2026,0.3
LAS QUILAS CAMPAMENTO DOH,09-05-2026,0.1
LAS QUILAS CAMPAMENTO DOH,10-05-2026,0
LAS QUILAS CAMPAMENTO DOH,11-05-2026,0
LAS QUILAS CAMPAMENTO DOH,12-05-2026,0
LAS QUILAS CAMPAMENTO DOH,13-05-2026,0
LAS QUILAS CAMPAMENTO DOH,14-05-2026,0
LAS QUILAS CAMPAMENTO DOH,15-05-2026,0
LAS QUILAS CAMPAMENTO DOH,16-05-2026,0
LAS QUILAS CAMPAMENTO DOH,17-05-2026,0
LAS QUILAS CAMPAMENTO DOH,18-05-2026,0.1
LAS QUILAS CAMPAMENTO DOH,19-05-2026,0
LAS QUILAS CAMPAMENTO DOH,20-05-2026,0.1
LAS QUILAS CAMPAMENTO DOH,21-05-2026,0
LAS QUILAS CAMPAMENTO DOH,22-05-2026,0
LAS QUILAS CAMPAMENTO DOH,23-05-2026,0
LAS QUILAS CAMPAMENTO DOH,24-05-2026,0
LAS QUILAS CAMPAMENTO DOH,25-05-2026,0
LAS QUILAS CAMPAMENTO DOH,26-05-2026,0.1
LAS QUILAS CAMPAMENTO DOH,27-05-2026,0.6
LAS QUILAS CAMPAMENTO DOH,28-05-2026,0.1
LAS QUILAS CAMPAMENTO DOH,29-05-2026,0
LAS QUILAS CAMPAMENTO DOH,30-05-2026,0.2
LAS QUILAS CAMPAMENTO DOH,31-05-2026,0
SAN JOSE DE NINHUE,01-10-2024,0
SAN JOSE DE NINHUE,02-10-2024,0
SAN JOSE DE NINHUE,03-10-2024,0
SAN JOSE DE NINHUE,04-10-2024,0
SAN JOSE DE NINHUE,05-10-2024,0
SAN JOSE DE NINHUE,06-10-2024,0
SAN JOSE DE NINHUE,07-10-2024,0.4
SAN JOSE DE NINHUE,08-10-2024,3.2
SAN JOSE DE NINHUE,09-10-2024,0
SAN JOSE DE NINHUE,10-10-2024,0
SAN JOSE DE NINHUE,11-10-2024,0.1
SAN JOSE DE NINHUE,12-10-2024,0
SAN JOSE DE NINHUE,13-10-2024,0
SAN JOSE DE NINHUE,14-10-2024,0
SAN JOSE DE NINHUE,15-10-2024,0
SAN JOSE DE NINHUE,16-10-2024,0
SAN JOSE DE NINHUE,17-10-2024,0
SAN JOSE DE NINHUE,18-10-2024,0
SAN JOSE DE NINHUE,19-10-2024,0
SAN JOSE DE NINHUE,20-10-2024,0.4
SAN JOSE DE NINHUE,21-10-2024,0
SAN JOSE DE NINHUE,22-10-2024,1.9
SAN JOSE DE NINHUE,23-10-2024,3.7
SAN JOSE DE NINHUE,24-10-2024,0
SAN JOSE DE NINHUE,25-10-2024,0
SAN JOSE DE NINHUE,26-10-2024,0
SAN JOSE DE NINHUE,27-10-2024,0
SAN JOSE DE NINHUE,28-10-2024,0
SAN JOSE DE NINHUE,29-10-2024,0
SAN JOSE DE NINHUE,30-10-2024,0
SAN JOSE DE NINHUE,31-10-2024,0
SAN JOSE DE NINHUE,01-11-2024,1.2
SAN JOSE DE NINHUE,02-11-2024,0
SAN JOSE DE NINHUE,03-11-2024,2.8
SAN JOSE DE NINHUE,04-11-2024,0
SAN JOSE DE NINHUE,05-11-2024,0
SAN JOSE DE NINHUE,06-11-2024,0
SAN JOSE DE NINHUE,07-11-2024,0
SAN JOSE DE NINHUE,08-11-2024,0
SAN JOSE DE NINHUE,09-11-2024,0.1
SAN JOSE DE NINHUE,10-11-2024,0
SAN JOSE DE NINHUE,11-11-2024,0
SAN JOSE DE NINHUE,12-11-2024,0
SAN JOSE DE NINHUE,13-11-2024,0
SAN JOSE DE NINHUE,14-11-2024,0
SAN JOSE DE NINHUE,15-11-2024,0
SAN JOSE DE NINHUE,16-11-2024,0
SAN JOSE DE NINHUE,17-11-2024,0
SAN JOSE DE NINHUE,18-11-2024,0
SAN JOSE DE NINHUE,19-11-2024,0
SAN JOSE DE NINHUE,20-11-2024,0
SAN JOSE DE NINHUE,21-11-2024,0
SAN JOSE DE NINHUE,22-11-2024,0
SAN JOSE DE NINHUE,23-11-2024,0.1
SAN JOSE DE NINHUE,24-11-2024,0
SAN JOSE DE NINHUE,25-11-2024,0
SAN JOSE DE NINHUE,26-11-2024,0
SAN JOSE DE NINHUE,27-11-2024,0
SAN JOSE DE NINHUE,28-11-2024,0
SAN JOSE DE NINHUE,29-11-2024,0
SAN JOSE DE NINHUE,30-11-2024,0
SAN JOSE DE NINHUE,01-12-2024,0
SAN JOSE DE NINHUE,02-12-2024,0
SAN JOSE DE NINHUE,03-12-2024,0
SAN JOSE DE NINHUE,04-12-2024,0
SAN JOSE DE NINHUE,05-12-2024,0
SAN JOSE DE NINHUE,06-12-2024,0
SAN JOSE DE NINHUE,07-12-2024,0
SAN JOSE DE NINHUE,08-12-2024,0
SAN JOSE DE NINHUE,09-12-2024,0
SAN JOSE DE NINHUE,10-12-2024,0
SAN JOSE DE NINHUE,11-12-2024,0
SAN JOSE DE NINHUE,12-12-2024,0
SAN JOSE DE NINHUE,13-12-2024,0
SAN JOSE DE NINHUE,14-12-2024,0
SAN JOSE DE NINHUE,15-12-2024,0
SAN JOSE DE NINHUE,16-12-2024,0
SAN JOSE DE NINHUE,17-12-2024,0
SAN JOSE DE NINHUE,18-12-2024,0
SAN JOSE DE NINHUE,19-12-2024,0
SAN JOSE DE NINHUE,20-12-2024,0
SAN JOSE DE NINHUE,21-12-2024,0
SAN JOSE DE NINHUE,22-12-2024,0
SAN JOSE DE NINHUE,23-12-2024,0
SAN JOSE DE NINHUE,24-12-2024,0
SAN JOSE DE NINHUE,25-12-2024,0
SAN JOSE DE NINHUE,26-12-2024,0
SAN JOSE DE NINHUE,27-12-2024,0
SAN JOSE DE NINHUE,28-12-2024,0
SAN JOSE DE NINHUE,29-12-2024,0
SAN JOSE DE NINHUE,30-12-2024,0
SAN JOSE DE NINHUE,31-12-2024,0
SAN JOSE DE NINHUE,01-01-2025,0
SAN JOSE DE NINHUE,02-01-2025,0
SAN JOSE DE NINHUE,03-01-2025,0
SAN JOSE DE NINHUE,04-01-2025,0
SAN JOSE DE NINHUE,05-01-2025,0
SAN JOSE DE NINHUE,06-01-2025,0
SAN JOSE DE NINHUE,07-01-2025,0
SAN JOSE DE NINHUE,08-01-2025,0
SAN JOSE DE NINHUE,09-01-2025,0
SAN JOSE DE NINHUE,10-01-2025,0
SAN JOSE DE NINHUE,11-01-2025,0
SAN JOSE DE NINHUE,12-01-2025,0
SAN JOSE DE NINHUE,13-01-2025,0
SAN JOSE DE NINHUE,14-01-2025,0
SAN JOSE DE NINHUE,15-01-2025,0
SAN JOSE DE NINHUE,16-01-2025,0
SAN JOSE DE NINHUE,17-01-2025,0
SAN JOSE DE NINHUE,18-01-2025,0
SAN JOSE DE NINHUE,19-01-2025,0
SAN JOSE DE NINHUE,20-01-2025,0
SAN JOSE DE NINHUE,21-01-2025,0
SAN JOSE DE NINHUE,22-01-2025,0
SAN JOSE DE NINHUE,23-01-2025,0
SAN JOSE DE NINHUE,24-01-2025,0
SAN JOSE DE NINHUE,25-01-2025,0
SAN JOSE DE NINHUE,26-01-2025,0
SAN JOSE DE NINHUE,27-01-2025,0
SAN JOSE DE NINHUE,28-01-2025,0
SAN JOSE DE NINHUE,29-01-2025,0
SAN JOSE DE NINHUE,30-01-2025,0
SAN JOSE DE NINHUE,31-01-2025,0
SAN JOSE DE NINHUE,01-02-2025,0
SAN JOSE DE NINHUE,02-02-2025,0
SAN JOSE DE NINHUE,03-02-2025,0
SAN JOSE DE NINHUE,04-02-2025,0
SAN JOSE DE NINHUE,05-02-2025,0
SAN JOSE DE NINHUE,06-02-2025,0
SAN JOSE DE NINHUE,07-02-2025,0
SAN JOSE DE NINHUE,08-02-2025,0
SAN JOSE DE NINHUE,09-02-2025,0
SAN JOSE DE NINHUE,10-02-2025,0
SAN JOSE DE NINHUE,11-02-2025,0
SAN JOSE DE NINHUE,12-02-2025,0
SAN JOSE DE NINHUE,13-02-2025,0
SAN JOSE DE NINHUE,14-02-2025,0
SAN JOSE DE NINHUE,15-02-2025,0
SAN JOSE DE NINHUE,16-02-2025,0
SAN JOSE DE NINHUE,17-02-2025,0
SAN JOSE DE NINHUE,18-02-2025,0
SAN JOSE DE NINHUE,19-02-2025,0
SAN JOSE DE NINHUE,20-02-2025,0
SAN JOSE DE NINHUE,21-02-2025,0
SAN JOSE DE NINHUE,22-02-2025,0
SAN JOSE DE NINHUE,23-02-2025,0
SAN JOSE DE NINHUE,24-02-2025,0
SAN JOSE DE NINHUE,25-02-2025,0
SAN JOSE DE NINHUE,26-02-2025,0
SAN JOSE DE NINHUE,27-02-2025,0
SAN JOSE DE NINHUE,28-02-2025,0
SAN JOSE DE NINHUE,01-03-2025,0
SAN JOSE DE NINHUE,02-03-2025,0
SAN JOSE DE NINHUE,03-03-2025,0
SAN JOSE DE NINHUE,04-03-2025,0
SAN JOSE DE NINHUE,05-03-2025,0
SAN JOSE DE NINHUE,06-03-2025,6.3
SAN JOSE DE NINHUE,07-03-2025,0
SAN JOSE DE NINHUE,08-03-2025,0
SAN JOSE DE NINHUE,09-03-2025,0
SAN JOSE DE NINHUE,10-03-2025,0
SAN JOSE DE NINHUE,11-03-2025,0
SAN JOSE DE NINHUE,12-03-2025,0
SAN JOSE DE NINHUE,13-03-2025,0
SAN JOSE DE NINHUE,14-03-2025,0
SAN JOSE DE NINHUE,15-03-2025,0
SAN JOSE DE NINHUE,16-03-2025,0
SAN JOSE DE NINHUE,17-03-2025,0
SAN JOSE DE NINHUE,18-03-2025,0
SAN JOSE DE NINHUE,19-03-2025,0
SAN JOSE DE NINHUE,20-03-2025,0
SAN JOSE DE NINHUE,21-03-2025,0
SAN JOSE DE NINHUE,22-03-2025,0
SAN JOSE DE NINHUE,23-03-2025,0
SAN JOSE DE NINHUE,24-03-2025,0
SAN JOSE DE NINHUE,25-03-2025,0
SAN JOSE DE NINHUE,26-03-2025,0
SAN JOSE DE NINHUE,27-03-2025,0
SAN JOSE DE NINHUE,28-03-2025,0
SAN JOSE DE NINHUE,29-03-2025,8
SAN JOSE DE NINHUE,30-03-2025,0
SAN JOSE DE NINHUE,31-03-2025,0
SAN JOSE DE NINHUE,01-04-2025,0
SAN JOSE DE NINHUE,02-04-2025,0
SAN JOSE DE NINHUE,03-04-2025,0
SAN JOSE DE NINHUE,04-04-2025,0
SAN JOSE DE NINHUE,05-04-2025,0
SAN JOSE DE NINHUE,06-04-2025,0
SAN JOSE DE NINHUE,07-04-2025,0
SAN JOSE DE NINHUE,08-04-2025,0
SAN JOSE DE NINHUE,09-04-2025,6.1
SAN JOSE DE NINHUE,10-04-2025,0.1
SAN JOSE DE NINHUE,11-04-2025,0
SAN JOSE DE NINHUE,12-04-2025,0
SAN JOSE DE NINHUE,13-04-2025,1.4
SAN JOSE DE NINHUE,14-04-2025,0.1
SAN JOSE DE NINHUE,15-04-2025,0
SAN JOSE DE NINHUE,16-04-2025,0
SAN JOSE DE NINHUE,17-04-2025,0
SAN JOSE DE NINHUE,18-04-2025,0
SAN JOSE DE NINHUE,19-04-2025,0
SAN JOSE DE NINHUE,20-04-2025,0
SAN JOSE DE NINHUE,21-04-2025,0
SAN JOSE DE NINHUE,22-04-2025,6.8
SAN JOSE DE NINHUE,23-04-2025,2.3
SAN JOSE DE NINHUE,24-04-2025,7.3
SAN JOSE DE NINHUE,25-04-2025,1.9
SAN JOSE DE NINHUE,26-04-2025,0
SAN JOSE DE NINHUE,27-04-2025,0
SAN JOSE DE NINHUE,28-04-2025,0
SAN JOSE DE NINHUE,29-04-2025,0
SAN JOSE DE NINHUE,30-04-2025,0.5
SAN JOSE DE NINHUE,01-05-2025,0.1
SAN JOSE DE NINHUE,02-05-2025,0
SAN JOSE DE NINHUE,03-05-2025,0.1
SAN JOSE DE NINHUE,04-05-2025,0
SAN JOSE DE NINHUE,05-05-2025,0
SAN JOSE DE NINHUE,06-05-2025,8.3
SAN JOSE DE NINHUE,07-05-2025,12.7
SAN JOSE DE NINHUE,08-05-2025,0.4
SAN JOSE DE NINHUE,09-05-2025,0
SAN JOSE DE NINHUE,10-05-2025,0
SAN JOSE DE NINHUE,11-05-2025,0
SAN JOSE DE NINHUE,12-05-2025,0
SAN JOSE DE NINHUE,13-05-2025,0.1
SAN JOSE DE NINHUE,14-05-2025,0
SAN JOSE DE NINHUE,15-05-2025,0
SAN JOSE DE NINHUE,16-05-2025,20.3
SAN JOSE DE NINHUE,17-05-2025,3.2
SAN JOSE DE NINHUE,18-05-2025,0
SAN JOSE DE NINHUE,19-05-2025,0
SAN JOSE DE NINHUE,20-05-2025,0
SAN JOSE DE NINHUE,21-05-2025,0
SAN JOSE DE NINHUE,22-05-2025,0
SAN JOSE DE NINHUE,23-05-2025,2.2
SAN JOSE DE NINHUE,24-05-2025,0.4
SAN JOSE DE NINHUE,25-05-2025,16.4
SAN JOSE DE NINHUE,26-05-2025,0.4
SAN JOSE DE NINHUE,27-05-2025,0
SAN JOSE DE NINHUE,28-05-2025,0
SAN JOSE DE NINHUE,29-05-2025,0
SAN JOSE DE NINHUE,30-05-2025,0
SAN JOSE DE NINHUE,31-05-2025,0
SAN JOSE DE NINHUE,01-06-2025,0
SAN JOSE DE NINHUE,02-06-2025,0
SAN JOSE DE NINHUE,03-06-2025,0.2
SAN JOSE DE NINHUE,04-06-2025,0.1
SAN JOSE DE NINHUE,05-06-2025,0
SAN JOSE DE NINHUE,06-06-2025,0
SAN JOSE DE NINHUE,07-06-2025,0
SAN JOSE DE NINHUE,08-06-2025,0
SAN JOSE DE NINHUE,09-06-2025,0
SAN JOSE DE NINHUE,10-06-2025,0
SAN JOSE DE NINHUE,11-06-2025,9.6
SAN JOSE DE NINHUE,12-06-2025,16.6
SAN JOSE DE NINHUE,13-06-2025,0.1
SAN JOSE DE NINHUE,14-06-2025,40.8
SAN JOSE DE NINHUE,15-06-2025,3.1
SAN JOSE DE NINHUE,16-06-2025,3.5
SAN JOSE DE NINHUE,17-06-2025,0.1
SAN JOSE DE NINHUE,18-06-2025,0.1
SAN JOSE DE NINHUE,19-06-2025,0
SAN JOSE DE NINHUE,20-06-2025,0
SAN JOSE DE NINHUE,21-06-2025,17.8
SAN JOSE DE NINHUE,22-06-2025,0
SAN JOSE DE NINHUE,23-06-2025,0
SAN JOSE DE NINHUE,24-06-2025,0
SAN JOSE DE NINHUE,25-06-2025,0
SAN JOSE DE NINHUE,26-06-2025,0
SAN JOSE DE NINHUE,27-06-2025,0
SAN JOSE DE NINHUE,28-06-2025,0.1
SAN JOSE DE NINHUE,29-06-2025,0.1
SAN JOSE DE NINHUE,30-06-2025,0
SAN JOSE DE NINHUE,01-07-2025,0
SAN JOSE DE NINHUE,02-07-2025,0
SAN JOSE DE NINHUE,03-07-2025,0
SAN JOSE DE NINHUE,04-07-2025,0
SAN JOSE DE NINHUE,05-07-2025,14.4
SAN JOSE DE NINHUE,06-07-2025,4.8
SAN JOSE DE NINHUE,07-07-2025,0.1
SAN JOSE DE NINHUE,08-07-2025,0
SAN JOSE DE NINHUE,09-07-2025,0
SAN JOSE DE NINHUE,10-07-2025,0
SAN JOSE DE NINHUE,11-07-2025,0
SAN JOSE DE NINHUE,12-07-2025,0
SAN JOSE DE NINHUE,13-07-2025,0
SAN JOSE DE NINHUE,14-07-2025,1.8
SAN JOSE DE NINHUE,15-07-2025,0
SAN JOSE DE NINHUE,16-07-2025,0
SAN JOSE DE NINHUE,17-07-2025,0
SAN JOSE DE NINHUE,18-07-2025,0
SAN JOSE DE NINHUE,19-07-2025,0
SAN JOSE DE NINHUE,20-07-2025,0.1
SAN JOSE DE NINHUE,21-07-2025,0
SAN JOSE DE NINHUE,22-07-2025,0
SAN JOSE DE NINHUE,23-07-2025,0
SAN JOSE DE NINHUE,24-07-2025,8.7
SAN JOSE DE NINHUE,25-07-2025,0
SAN JOSE DE NINHUE,26-07-2025,4.6
SAN JOSE DE NINHUE,27-07-2025,6.8
SAN JOSE DE NINHUE,28-07-2025,0
SAN JOSE DE NINHUE,29-07-2025,0
SAN JOSE DE NINHUE,30-07-2025,65.2
SAN JOSE DE NINHUE,31-07-2025,6.4
SAN JOSE DE NINHUE,01-08-2025,12.6
SAN JOSE DE NINHUE,02-08-2025,3.9
SAN JOSE DE NINHUE,03-08-2025,0
SAN JOSE DE NINHUE,04-08-2025,0
SAN JOSE DE NINHUE,05-08-2025,0
SAN JOSE DE NINHUE,06-08-2025,0
SAN JOSE DE NINHUE,07-08-2025,0
SAN JOSE DE NINHUE,08-08-2025,0
SAN JOSE DE NINHUE,09-08-2025,0.3
SAN JOSE DE NINHUE,10-08-2025,0
SAN JOSE DE NINHUE,11-08-2025,0
SAN JOSE DE NINHUE,12-08-2025,0
SAN JOSE DE NINHUE,13-08-2025,0
SAN JOSE DE NINHUE,14-08-2025,0
SAN JOSE DE NINHUE,15-08-2025,0.2
SAN JOSE DE NINHUE,16-08-2025,0
SAN JOSE DE NINHUE,17-08-2025,0
SAN JOSE DE NINHUE,18-08-2025,0.1
SAN JOSE DE NINHUE,19-08-2025,3.7
SAN JOSE DE NINHUE,20-08-2025,3
SAN JOSE DE NINHUE,21-08-2025,12.2
SAN JOSE DE NINHUE,22-08-2025,0.9
SAN JOSE DE NINHUE,23-08-2025,0
SAN JOSE DE NINHUE,24-08-2025,0
SAN JOSE DE NINHUE,25-08-2025,0
SAN JOSE DE NINHUE,26-08-2025,0
SAN JOSE DE NINHUE,27-08-2025,0
SAN JOSE DE NINHUE,28-08-2025,0
SAN JOSE DE NINHUE,29-08-2025,0
SAN JOSE DE NINHUE,30-08-2025,0
SAN JOSE DE NINHUE,31-08-2025,0.2
SAN JOSE DE NINHUE,01-09-2025,0.6
SAN JOSE DE NINHUE,02-09-2025,1.7
SAN JOSE DE NINHUE,03-09-2025,0
SAN JOSE DE NINHUE,04-09-2025,0
SAN JOSE DE NINHUE,05-09-2025,0
SAN JOSE DE NINHUE,06-09-2025,0
SAN JOSE DE NINHUE,07-09-2025,0.3
SAN JOSE DE NINHUE,08-09-2025,0
SAN JOSE DE NINHUE,09-09-2025,9.6
SAN JOSE DE NINHUE,10-09-2025,0
SAN JOSE DE NINHUE,11-09-2025,0
SAN JOSE DE NINHUE,12-09-2025,7.8
SAN JOSE DE NINHUE,13-09-2025,0.5
SAN JOSE DE NINHUE,14-09-2025,0
SAN JOSE DE NINHUE,15-09-2025,0
SAN JOSE DE NINHUE,16-09-2025,0
SAN JOSE DE NINHUE,17-09-2025,0
SAN JOSE DE NINHUE,18-09-2025,0.2
SAN JOSE DE NINHUE,19-09-2025,20.7
SAN JOSE DE NINHUE,20-09-2025,12.4
SAN JOSE DE NINHUE,21-09-2025,2
SAN JOSE DE NINHUE,22-09-2025,0
SAN JOSE DE NINHUE,23-09-2025,0
SAN JOSE DE NINHUE,24-09-2025,0
SAN JOSE DE NINHUE,25-09-2025,1.8
SAN JOSE DE NINHUE,26-09-2025,0
SAN JOSE DE NINHUE,27-09-2025,0
SAN JOSE DE NINHUE,28-09-2025,0
SAN JOSE DE NINHUE,29-09-2025,0
SAN JOSE DE NINHUE,30-09-2025,0
SAN JOSE DE NINHUE,01-10-2025,0
SAN JOSE DE NINHUE,02-10-2025,0
SAN JOSE DE NINHUE,03-10-2025,0.4
SAN JOSE DE NINHUE,04-10-2025,5.7
SAN JOSE DE NINHUE,05-10-2025,1
SAN JOSE DE NINHUE,06-10-2025,0
SAN JOSE DE NINHUE,07-10-2025,0
SAN JOSE DE NINHUE,08-10-2025,0
SAN JOSE DE NINHUE,09-10-2025,0
SAN JOSE DE NINHUE,10-10-2025,8.5
SAN JOSE DE NINHUE,11-10-2025,0
SAN JOSE DE NINHUE,12-10-2025,0
SAN JOSE DE NINHUE,13-10-2025,0
SAN JOSE DE NINHUE,14-10-2025,0.4
SAN JOSE DE NINHUE,15-10-2025,0.1
SAN JOSE DE NINHUE,16-10-2025,0
SAN JOSE DE NINHUE,17-10-2025,0
SAN JOSE DE NINHUE,18-10-2025,0
SAN JOSE DE NINHUE,19-10-2025,0
SAN JOSE DE NINHUE,20-10-2025,0
SAN JOSE DE NINHUE,21-10-2025,0
SAN JOSE DE NINHUE,22-10-2025,0
SAN JOSE DE NINHUE,23-10-2025,0
SAN JOSE DE NINHUE,24-10-2025,0
SAN JOSE DE NINHUE,25-10-2025,0
SAN JOSE DE NINHUE,26-10-2025,0
SAN JOSE DE NINHUE,27-10-2025,0
SAN JOSE DE NINHUE,28-10-2025,0
SAN JOSE DE NINHUE,29-10-2025,0
SAN JOSE DE NINHUE,30-10-2025,0
SAN JOSE DE NINHUE,31-10-2025,0
SAN JOSE DE NINHUE,01-11-2025,0
SAN JOSE DE NINHUE,02-11-2025,0
SAN JOSE DE NINHUE,03-11-2025,0
SAN JOSE DE NINHUE,04-11-2025,0
SAN JOSE DE NINHUE,05-11-2025,0
SAN JOSE DE NINHUE,06-11-2025,0
SAN JOSE DE NINHUE,07-11-2025,0
SAN JOSE DE NINHUE,08-11-2025,0
SAN JOSE DE NINHUE,09-11-2025,0
SAN JOSE DE NINHUE,10-11-2025,0
SAN JOSE DE NINHUE,11-11-2025,7
SAN JOSE DE NINHUE,12-11-2025,0
SAN JOSE DE NINHUE,13-11-2025,0
SAN JOSE DE NINHUE,14-11-2025,0
SAN JOSE DE NINHUE,15-11-2025,0
SAN JOSE DE NINHUE,16-11-2025,0
SAN JOSE DE NINHUE,17-11-2025,0
SAN JOSE DE NINHUE,18-11-2025,0
SAN JOSE DE NINHUE,19-11-2025,0
SAN JOSE DE NINHUE,20-11-2025,0
SAN JOSE DE NINHUE,21-11-2025,0
SAN JOSE DE NINHUE,22-11-2025,0
SAN JOSE DE NINHUE,23-11-2025,0
SAN JOSE DE NINHUE,24-11-2025,0
SAN JOSE DE NINHUE,25-11-2025,0
SAN JOSE DE NINHUE,26-11-2025,0
SAN JOSE DE NINHUE,27-11-2025,0
SAN JOSE DE NINHUE,28-11-2025,0
SAN JOSE DE NINHUE,29-11-2025,0
SAN JOSE DE NINHUE,30-11-2025,0
SAN JOSE DE NINHUE,01-12-2025,0
SAN JOSE DE NINHUE,02-12-2025,0
SAN JOSE DE NINHUE,03-12-2025,0
SAN JOSE DE NINHUE,04-12-2025,0
SAN JOSE DE NINHUE,05-12-2025,0
SAN JOSE DE NINHUE,06-12-2025,0
SAN JOSE DE NINHUE,07-12-2025,0
SAN JOSE DE NINHUE,08-12-2025,0
SAN JOSE DE NINHUE,09-12-2025,0
SAN JOSE DE NINHUE,10-12-2025,0
SAN JOSE DE NINHUE,11-12-2025,0
SAN JOSE DE NINHUE,12-12-2025,0
SAN JOSE DE NINHUE,13-12-2025,0
SAN JOSE DE NINHUE,14-12-2025,0
SAN JOSE DE NINHUE,15-12-2025,0
SAN JOSE DE NINHUE,16-12-2025,0
SAN JOSE DE NINHUE,17-12-2025,0
SAN JOSE DE NINHUE,18-12-2025,0
SAN JOSE DE NINHUE,19-12-2025,0
SAN JOSE DE NINHUE,20-12-2025,0.8
SAN JOSE DE NINHUE,21-12-2025,0
SAN JOSE DE NINHUE,22-12-2025,0
SAN JOSE DE NINHUE,23-12-2025,0
SAN JOSE DE NINHUE,24-12-2025,0
SAN JOSE DE NINHUE,25-12-2025,0
SAN JOSE DE NINHUE,26-12-2025,0
SAN JOSE DE NINHUE,27-12-2025,0
SAN JOSE DE NINHUE,28-12-2025,0
SAN JOSE DE NINHUE,29-12-2025,0
SAN JOSE DE NINHUE,30-12-2025,0
SAN JOSE DE NINHUE,31-12-2025,0
SAN JOSE DE NINHUE,01-01-2026,0
SAN JOSE DE NINHUE,02-01-2026,0
SAN JOSE DE NINHUE,03-01-2026,0
SAN JOSE DE NINHUE,04-01-2026,0
SAN JOSE DE NINHUE,05-01-2026,0
SAN JOSE DE NINHUE,06-01-2026,0
SAN JOSE DE NINHUE,07-01-2026,0
SAN JOSE DE NINHUE,08-01-2026,0
SAN JOSE DE NINHUE,09-01-2026,0
SAN JOSE DE NINHUE,10-01-2026,0
SAN JOSE DE NINHUE,11-01-2026,0
SAN JOSE DE NINHUE,12-01-2026,0
SAN JOSE DE NINHUE,13-01-2026,0
SAN JOSE DE NINHUE,14-01-2026,0
SAN JOSE DE NINHUE,15-01-2026,0
SAN JOSE DE NINHUE,16-01-2026,0
SAN JOSE DE NINHUE,17-01-2026,0
SAN JOSE DE NINHUE,18-01-2026,0
SAN JOSE DE NINHUE,19-01-2026,0
SAN JOSE DE NINHUE,20-01-2026,0
SAN JOSE DE NINHUE,21-01-2026,0
SAN JOSE DE NINHUE,22-01-2026,0
SAN JOSE DE NINHUE,23-01-2026,0
SAN JOSE DE NINHUE,24-01-2026,0
SAN JOSE DE NINHUE,25-01-2026,0
SAN JOSE DE NINHUE,26-01-2026,0
SAN JOSE DE NINHUE,27-01-2026,0
SAN JOSE DE NINHUE,28-01-2026,0
SAN JOSE DE NINHUE,29-01-2026,0.1
SAN JOSE DE NINHUE,30-01-2026,0.1
SAN JOSE DE NINHUE,31-01-2026,0
SAN JOSE DE NINHUE,01-02-2026,0
SAN JOSE DE NINHUE,02-02-2026,0.7
SAN JOSE DE NINHUE,03-02-2026,0.5
SAN JOSE DE NINHUE,04-02-2026,0.5
SAN JOSE DE NINHUE,05-02-2026,0
SAN JOSE DE NINHUE,06-02-2026,0
SAN JOSE DE NINHUE,07-02-2026,0
SAN JOSE DE NINHUE,08-02-2026,0
SAN JOSE DE NINHUE,09-02-2026,0
SAN JOSE DE NINHUE,10-02-2026,1.6
SAN JOSE DE NINHUE,11-02-2026,0
SAN JOSE DE NINHUE,12-02-2026,0
SAN JOSE DE NINHUE,13-02-2026,0
SAN JOSE DE NINHUE,14-02-2026,0
SAN JOSE DE NINHUE,15-02-2026,0
SAN JOSE DE NINHUE,16-02-2026,0
SAN JOSE DE NINHUE,17-02-2026,0.2
SAN JOSE DE NINHUE,18-02-2026,0
SAN JOSE DE NINHUE,19-02-2026,0
SAN JOSE DE NINHUE,20-02-2026,0
SAN JOSE DE NINHUE,21-02-2026,0
SAN JOSE DE NINHUE,22-02-2026,0
SAN JOSE DE NINHUE,23-02-2026,0
SAN JOSE DE NINHUE,24-02-2026,0
SAN JOSE DE NINHUE,25-02-2026,0
SAN JOSE DE NINHUE,26-02-2026,0
SAN JOSE DE NINHUE,27-02-2026,0
SAN JOSE DE NINHUE,28-02-2026,0
SAN JOSE DE NINHUE,01-03-2026,14
SAN JOSE DE NINHUE,02-03-2026,0
SAN JOSE DE NINHUE,03-03-2026,0
SAN JOSE DE NINHUE,04-03-2026,0
SAN JOSE DE NINHUE,05-03-2026,0
SAN JOSE DE NINHUE,06-03-2026,0
SAN JOSE DE NINHUE,07-03-2026,0
SAN JOSE DE NINHUE,08-03-2026,0
SAN JOSE DE NINHUE,09-03-2026,0
SAN JOSE DE NINHUE,10-03-2026,0
SAN JOSE DE NINHUE,11-03-2026,0
SAN JOSE DE NINHUE,12-03-2026,0
SAN JOSE DE NINHUE,13-03-2026,0
SAN JOSE DE NINHUE,14-03-2026,2.5
SAN JOSE DE NINHUE,15-03-2026,26.4
SAN JOSE DE NINHUE,16-03-2026,8
SAN JOSE DE NINHUE,17-03-2026,0
SAN JOSE DE NINHUE,18-03-2026,0
SAN JOSE DE NINHUE,19-03-2026,26.5
SAN JOSE DE NINHUE,20-03-2026,0.1
SAN JOSE DE NINHUE,21-03-2026,7.4
SAN JOSE DE NINHUE,22-03-2026,0
SAN JOSE DE NINHUE,23-03-2026,0
SAN JOSE DE NINHUE,24-03-2026,0
SAN JOSE DE NINHUE,25-03-2026,0
SAN JOSE DE NINHUE,26-03-2026,0
SAN JOSE DE NINHUE,27-03-2026,0
SAN JOSE DE NINHUE,28-03-2026,0
SAN JOSE DE NINHUE,29-03-2026,0
SAN JOSE DE NINHUE,30-03-2026,0.1
SAN JOSE DE NINHUE,31-03-2026,0.3
SAN JOSE DE NINHUE,01-04-2026,0
SAN JOSE DE NINHUE,02-04-2026,0
SAN JOSE DE NINHUE,03-04-2026,0
SAN JOSE DE NINHUE,04-04-2026,0
SAN JOSE DE NINHUE,05-04-2026,0
SAN JOSE DE NINHUE,06-04-2026,0
SAN JOSE DE NINHUE,07-04-2026,0
SAN JOSE DE NINHUE,08-04-2026,0
SAN JOSE DE NINHUE,09-04-2026,0
SAN JOSE DE NINHUE,10-04-2026,0
SAN JOSE DE NINHUE,11-04-2026,0
SAN JOSE DE NINHUE,12-04-2026,0
SAN JOSE DE NINHUE,13-04-2026,0
SAN JOSE DE NINHUE,14-04-2026,0
SAN JOSE DE NINHUE,15-04-2026,0
SAN JOSE DE NINHUE,16-04-2026,8.5
SAN JOSE DE NINHUE,17-04-2026,0.5
SAN JOSE DE NINHUE,18-04-2026,0
SAN JOSE DE NINHUE,19-04-2026,0
SAN JOSE DE NINHUE,20-04-2026,0
SAN JOSE DE NINHUE,21-04-2026,0
SAN JOSE DE NINHUE,22-04-2026,0
SAN JOSE DE NINHUE,23-04-2026,0
SAN JOSE DE NINHUE,24-04-2026,0
SAN JOSE DE NINHUE,25-04-2026,0
SAN JOSE DE NINHUE,26-04-2026,0
SAN JOSE DE NINHUE,27-04-2026,2.9
SAN JOSE DE NINHUE,28-04-2026,1.9
SAN JOSE DE NINHUE,29-04-2026,0
SAN JOSE DE NINHUE,30-04-2026,0
SAN JOSE DE NINHUE,01-05-2026,0
SAN JOSE DE NINHUE,02-05-2026,0
SAN JOSE DE NINHUE,03-05-2026,2.7
SAN JOSE DE NINHUE,04-05-2026,0
SAN JOSE DE NINHUE,05-05-2026,8.6
SAN JOSE DE NINHUE,06-05-2026,0.6
SAN JOSE DE NINHUE,07-05-2026,1.1
SAN JOSE DE NINHUE,08-05-2026,0.4
SAN JOSE DE NINHUE,09-05-2026,0
SAN JOSE DE NINHUE,10-05-2026,0
SAN JOSE DE NINHUE,11-05-2026,0.1
SAN JOSE DE NINHUE,12-05-2026,0
SAN JOSE DE NINHUE,13-05-2026,0
SAN JOSE DE NINHUE,14-05-2026,0
SAN JOSE DE NINHUE,15-05-2026,0
SAN JOSE DE NINHUE,16-05-2026,0
SAN JOSE DE NINHUE,17-05-2026,0
SAN JOSE DE NINHUE,18-05-2026,0
SAN JOSE DE NINHUE,19-05-2026,0
SAN JOSE DE NINHUE,20-05-2026,0
SAN JOSE DE NINHUE,21-05-2026,0
SAN JOSE DE NINHUE,22-05-2026,0
SAN JOSE DE NINHUE,23-05-2026,0
SAN JOSE DE NINHUE,24-05-2026,0
SAN JOSE DE NINHUE,25-05-2026,0
SAN JOSE DE NINHUE,26-05-2026,0
SAN JOSE DE NINHUE,27-05-2026,0
SAN JOSE DE NINHUE,28-05-2026,0.1
SAN JOSE DE NINHUE,29-05-2026,0.1
SAN JOSE DE NINHUE,30-05-2026,0.1
SAN JOSE DE NINHUE,31-05-2026,0.1
