CODIGO ESTACION,NOMBRE ESTACION,COD_REGION,REGION,COMUNA,LAT,LONG,UTM_ESTE,UTM_NORTE,ALTITUD
1000005,VISVIRI,1,DE TARAPACA,GENERAL LAGOS,173542,692836,449416,8054572,4080
1001005,CAQUENA,1,DE TARAPACA,PUTRE,180315,691206,478657,8003813,4400
1010007,CHUNGARA RETEN,1,DE TARAPACA,PUTRE,181652,690817,485395,7978695,4570
1010008,MISSITUNI,1,DE TARAPACA,PUTRE,182052,690803,485824,7971306,4720
1010009,CHUNGARA GUARDERIA,1,DE TARAPACA,PUTRE,181601,690660,487667,7980251,4600
1010010,CHUNGARA AJATA,1,DE TARAPACA,PUTRE,181407,691060,480626,7983770,4585
1020002,RIO DESAGUADERO COTACOTANI,1,DE TARAPACA,PUTRE,181126,691527,472777,7988713,4500
1020013,ISLA BLANCA,1,DE TARAPACA,PUTRE,181109,691251,477350,7989216,4540
1020014,COTACOTANI,1,DE TARAPACA,PUTRE,181127,691437,474243,7988679,4550
1020015,PARINACOTA CONAF DGA,1,DE TARAPACA,PUTRE,181205,691606,471624,7987487,4420
1020016,CHUCUYO RETEN,1,DE TARAPACA,PUTRE,181258,691904,466400,7985875,4400
1020017,PARINACOTA EX ENDESA,1,DE TARAPACA,PUTRE,181214,691606,471615,7987222,4420
1020018,CHUCUYO (EX. ENDESA),1,DE TARAPACA,PUTRE,181305,691917,466017,7985634,4400
1021002,RIO GUALLATIRE EN GUALLATIRE,1,DE TARAPACA,PUTRE,182948,690905,484016,7954866,4280
1021007,GUALLATIRE,1,DE TARAPACA,PUTRE,182951,690915,483736,7954769,4240
1030003,CHILCAYA,1,DE TARAPACA,PUTRE,184738,690505,491077,7921963,4270
1041002,RIO ISLUGA EN BOCATOMA,1,DE TARAPACA,COLCHANE,191620,684059,533306,7869011,4000
1041003,COLCHANE (T. ISLUGA),1,DE TARAPACA,COLCHANE,191635,683817,538022,7868565,3700
1041004,ENQUELGA (EX CARAGUANO),1,DE TARAPACA,COLCHANE,191357,684823,520551,7873933,3900
1042001,CANCOSA,1,DE TARAPACA,PICA,195119,683606,541707,7804456,3930
1042002,HUAYTANI,1,DE TARAPACA,COLCHANE,193238,683614,541556,7838936,3950
1044001,RIO CANCOSA EN EL TAMBO,1,DE TARAPACA,POZO ALMONTE,195124,683516,543139,7804317,3753
1050002,RIO PIGA EN COLLACAGUA,1,DE TARAPACA,PICA,200216,684959,517456,7784322,3926
1050004,RIO COLLACAGUA EN PE—ABLANCA,1,DE TARAPACA,PICA,200610,685037,516357,7777125,3853
1050007,COYACAGUA,1,DE TARAPACA,PICA,200216,684949,517758,7784315,3920
1050009,DIABLO MARCA,1,DE TARAPACA,PICA,200616,685805,503352,7777034,4585
1050010,SILLILLICA,1,DE TARAPACA,PICA,201004,684416,527450,7769951,3840
1051003,SALAR HUASCO,1,DE TARAPACA,PICA,201634,685310,511892,7757931,3800
1051004,ALTOS DEL HUASCO,1,DE TARAPACA,PICA,201917,685334,511245,7752971,4044
1080001,UJINA,1,DE TARAPACA,PICA,205818,683739,537876,7679528,4300
1080002,COLLAHUASI,1,DE TARAPACA,PICA,205946,684807,520585,7678240,4250
1110001,PUQUIOS,1,DE TARAPACA,ARICA,181029,694438,421322,7990299,3750
1110004,LA CONCORDIA B1,1,DE TARAPACA,ARICA,182052,702201,355581,7970787,29
1200002,VILLA INDUSTRIAL (TACORA),1,DE TARAPACA,GENERAL LAGOS,174619,694327,423234,8034895,4080
1200003,HUMAPALCA,1,DE TARAPACA,GENERAL LAGOS,175007,694214,425418,8027904,3980
1200004,VOLCAN TACORA,1,DE TARAPACA,GENERAL LAGOS,174139,694622,418055,8043488,5047
1201003,RIO LLUTA EN ALCERRECA,1,DE TARAPACA,GENERAL LAGOS,180013,693758,433023,8009292,3550
1201005,RIO CARACARANI EN HUMAPALCA,1,DE TARAPACA,GENERAL LAGOS,175019,694223,425137,8027537,3908
1201010,ALCERRECA,1,DE TARAPACA,GENERAL LAGOS,175926,693938,430067,8010722,3990
1201011,METEOROLOGICA DE COLPITAS,1,DE TARAPACA,GENERAL LAGOS,175712,692709,452082,8014925,4140
1202009,PACOLLO,1,DE TARAPACA,PUTRE,181037,693033,446149,7990138,4185
1202010,PUTRE,1,DE TARAPACA,PUTRE,181157,693337,440751,7987664,3545
1202011,LAS CUEVAS CONAF,1,DE TARAPACA,PUTRE,181238,693037,446042,7986419,4060
1202012,PUTRE (DCP),1,DE TARAPACA,PUTRE,181142,693333,440879,7988163,3560
1202013,QUEBRADA SOCOROMA,1,DE TARAPACA,PUTRE,181522,693623,435895,7981378,2975
1202014,PACOLLO EN REGIMIENTO N∞24,15,DE ARICA Y PARINACOTA,PUTRE,181047,693027,446328,7989856,4179
1210010,CORONAMIENTO PRESA EMBALSE CHIRONTA (EM EC),15,DE ARICA Y PARINACOTA,ARICA,181837,694508,420506,7975322,1759
1210011,ESTACI”N CENTRAL,15,DE ARICA Y PARINACOTA,ARICA,182144,695733,398665,7969471,1490
1210012,POZO POCONCHILE,15,DE ARICA Y PARINACOTA,ARICA,182651,700414,386952,7959969,542
1211006,LLUTA,1,DE TARAPACA,ARICA,182437,701009,376506,7963998,290
1300004,MURMUNTANE,1,DE TARAPACA,PUTRE,182107,693307,441683,7970762,3550
1300005,PORTEZUELO CHAPIQUI—A,1,DE TARAPACA,PUTRE,181938,692758,450745,7973523,4375
1300006,CENTRAL CHAPIQUI—A,1,DE TARAPACA,ARICA,182219,693252,442121,7968569,3350
1300007,BELEN,1,DE TARAPACA,PUTRE,182804,693101,445416,7957986,3240
1300008,TIGNAMAR,1,DE TARAPACA,PUTRE,183452,692939,447864,7945454,3230
1300009,RIO TICNAMAR EN ANGOSTURA,1,DE TARAPACA,PUTRE,183049,693355,440319,7952869,3010
1300010,COPAQUILLA,1,DE TARAPACA,PUTRE,182324,693748,433133,7965719,2900
1310018,ARICA OFICINA,1,DE TARAPACA,ARICA,182840,701915,360557,7956456,20
1310019,AZAPA,1,DE TARAPACA,ARICA,183059,701048,375451,7952288,365
1310021,U. DEL NORTE,1,DE TARAPACA,ARICA,182900,701737,363417,7955824,55
1310022, EL BUITRE AERODROMO,1,DE TARAPACA,ARICA,183043,701703,364437,7952665,110
1310085,TIMAR,15,DE ARICA Y PARINACOTA,ARICA,184351,694238,425093,7928805,2459
1310086,POZO AZAPA KM.35,15,DE ARICA Y PARINACOTA,ARICA,183448,695953,394689,7945351,710
1310087,POZO DGA AZAPA Km 50,15,DE ARICA Y PARINACOTA,ARICA,183515,695040,410903,7944604,1142
1410011,CHACA,1,DE TARAPACA,ARICA,184901,700900,378819,7919009,350
1410012,CODPA,1,DE TARAPACA,CAMARONES,184957,694438,421621,7917556,1870
1410013,UMIRPA,1,DE TARAPACA,ARICA,184502,692436,462053,7926734,3920
1410014,POZO DGA CHACA A-37,15,DE ARICA Y PARINACOTA,ARICA,184819,700922,378171,7920321,332
1410015,POZO VITOR A-32,15,DE ARICA Y PARINACOTA,ARICA,184632,701547,366877,7923534,110
1501001,CARITAYA EMBALSE,1,DE TARAPACA,CAMARONES,190129,692010,464627,7896377,3600
1502006,CUYA,1,DE TARAPACA,ARICA,190642,700737,381457,7886408,200
1502007,ESQUI—A,1,DE TARAPACA,CAMARONES,185614,693147,444221,7906029,2170
1502008,RIO CAMARONES EN CHILPE,1,DE TARAPACA,CAMARONES,185630,693702,435013,7905513,1565
1502009,METEOROLOGICA DE CAMARONES,1,DE TARAPACA,CAMARONES,190029,695120,409950,7898066,728
1610003,PUMIRE,1,DE TARAPACA,COLCHANE,190543,690639,488340,7888600,4150
1610004,Q. CAMI—A 3 KM. A. ARRIBA DE TARCAVIRE,1,DE TARAPACA,CAMIGNA,190702,691434,474328,7886124,3848
1611001,CAMI—A,1,DE TARAPACA,CAMIGNA,191846,692538,455103,7864544,2500
1611002,APAMILCA (CAMI—A),1,DE TARAPACA,CAMIGNA,191748,692312,459374,7866274,2600
1700008,ESMERALDA,1,DE TARAPACA,PICA,202903,692253,460226,7734864,1115
1700009,COPOSA,1,DE TARAPACA,PICA,204041,684227,530920,7697230,3760
1700010,HUARA EN FUERTE BAQUEDANO,1,DE TARAPACA,HUARA,200752,694459,421497,7773470,1100
1700023,CHACARILLA,1,DE TARAPACA,PICA,203911,691937,465954,7716212,1319
1700092,JICA D,1,DE TARAPACA,POZO ALMONTE,200955,694112,428240,7770096,1093
1700093,JICA E,1,DE TARAPACA,POZO ALMONTE,201954,694119,428122,7751673,1043
1700130,MATILLA,1,DE TARAPACA,PICA,203108,692152,462003,7731054,1497
1700131,PICA,1,DE TARAPACA,PICA,202857,691817,468222,7735094,1497
1720004,PUCHULTIZA,1,DE TARAPACA,COLCHANE,192449,685632,506066,7853378,4300
1720006,CHIAPA,1,DE TARAPACA,HUARA,193214,691218,478483,7839737,3155
1730003,RIO COSCAYA EN SAITOCO,1,DE TARAPACA,CAMIGNA,195203,685555,507126,7803184,0
1730007,Q. TARAPACA EN SIBAYA,1,DE TARAPACA,CAMIGNA,194659,690835,485007,7812514,2830
1730015,PAMPA LIRIMA DCP,1,DE TARAPACA,PICA,194555,685129,514870,7814459,5100
1730016,PAMPA LIRIMA,1,DE TARAPACA,PICA,195050,685116,515241,7805390,4076
1730017,POROMA,1,DE TARAPACA,POZO ALMONTE,195218,691056,480917,7802719,2880
1730018,LAGUNILLAS (PAMPA LIRIMA),1,DE TARAPACA,PICA,195527,684925,518464,7796869,4020
1730019,MOCHA,1,DE TARAPACA,HUARA,194852,691644,470811,7809019,2150
1730020,CHUZMIZA,1,DE TARAPACA,HUARA,194108,691105,480628,7823300,3400
1730021,QUEBRADA DE TARAPACA EN TARAPACA,1,DE TARAPACA,IQUIQUE,195531,693035,446654,7796706,1453
1730023,PUNTO CONTROL FLUVIOMETRICO POROMA,1,DE TARAPACA,PICA,195203,691028,481736,7803171,2979
1730024,VOLCAN QUIMSACHATA,1,DE TARAPACA,PICA,194503,684712,522353,7816089,5076
1740001,PARCA,1,DE TARAPACA,POZO ALMONTE,200040,691208,478835,7787266,2650
1740002,CERRO COLORADO,1,DE TARAPACA,POZO ALMONTE,200416,691635,471128,7780896,2510
1750002,SAGASCA,1,DE TARAPACA,POZO ALMONTE,201212,692023,464507,7765953,1822
1750003,MAMI—A,1,DE TARAPACA,POZO ALMONTE,200415,691302,477283,7780665,2730
1770001,COPAQUIRE,1,DE TARAPACA,PICA,205549,685332,511206,7685535,3540
1770002,QUEBRADA CAYA,1,DE TARAPACA,PICA,204512,685603,506853,7705149,3890
1820001,IQUIQUE,1,DE TARAPACA,IQUIQUE,201256,700810,381269,7761811,105
2000001,OLLAGUE,2,DE ANTOFAGASTA,OLLAGUE,211326,681520,577251,7652885,3700
2000002,VOLCAN AUCANQUILCHA,2,DE ANTOFAGASTA,OLLAGUE,211126,682710,556808,7656664,5087
2020001,CEBOLLAR,2,DE ANTOFAGASTA,OLLAGUE,213152,682019,568495,7618895,3730
2020002,ASCOTAN,2,DE ANTOFAGASTA,OLLAGUE,214331,681632,574916,7597414,3970
2101001,RIO LOA ANTES REPRESA LEQUENA,2,DE ANTOFAGASTA,CALAMA,213921,683943,534963,7605223,3315
2101003,LEQUENA,2,DE ANTOFAGASTA,CALAMA,213931,683945,534930,7604914,3320
2102005,QUINCHAMALE,2,DE ANTOFAGASTA,CALAMA,215433,683554,541476,7577188,3080
2103001,"RIO SAN PEDRO EN PARSHALL N""1",2,DE ANTOFAGASTA,CALAMA,215811,682205,565247,7570382,3700
2103007,SAN PEDRO DE CONCHI,2,DE ANTOFAGASTA,CALAMA,215600,683211,547879,7574448,3217
2103008,PARSHALL N 2,2,DE ANTOFAGASTA,CALAMA,215644,683111,549596,7573130,3318
2103009,OJOS SAN PEDRO,2,DE ANTOFAGASTA,CALAMA,215916,682021,568222,7568368,3800
2103010,INACALIRI,2,DE ANTOFAGASTA,CALAMA,220138,680358,596380,7563858,4040
2103012,SILALA,2,DE ANTOFAGASTA,OLLAGUE,220102,680156,599877,7564957,4305
2103014,RIO SILOLI ANTES B.T. FCAB,2,DE ANTOFAGASTA,OLLAGUE,220049,680144,600230,7565333,4000
2104002,RIO LOA EN SALIDA EMBALSE CONCHI,2,DE ANTOFAGASTA,CALAMA,220140,683716,539097,7564037,2950
2104007,CONCHI VIEJO,2,DE ANTOFAGASTA,CALAMA,215737,684254,529426,7571542,3451
2104008,CONCHI EMBALSE,2,DE ANTOFAGASTA,CALAMA,220137,683727,538799,7564139,3010
2104009,CONCHI MURO EMBALSE,2,DE ANTOFAGASTA,CALAMA,220136,683715,539132,7564141,3000
2104010,CHIU-CHIU,2,DE ANTOFAGASTA,CALAMA,222033,683858,536097,7529220,2533
2104013,RIO LOA EN VADO SANTA BARBARA (DOH),2,DE ANTOFAGASTA,CALAMA,215832,683637,540226,7569841,2950
2105001,RIO SALADO A. J. CURTI,2,DE ANTOFAGASTA,CALAMA,221645,681434,578008,7536086,3080
2105002,RIO SALADO EN SIFON AYQUINA,2,DE ANTOFAGASTA,CALAMA,221721,682041,567490,7535006,2980
2105007,RIO TOCONCE ANTES REPRESA SENDOS,2,DE ANTOFAGASTA,CALAMA,221636,680845,588002,7536310,3386
2105014,CUPO,2,DE ANTOFAGASTA,CALAMA,220653,681860,570481,7554308,3370
2105015,TURI,2,DE ANTOFAGASTA,CALAMA,221427,681717,573367,7540311,3070
2105016,LINZOR,2,DE ANTOFAGASTA,CALAMA,221347,680122,600703,7541412,4100
2105017,TOCONCE,2,DE ANTOFAGASTA,CALAMA,221535,681015,585432,7538190,3310
2105018,AYQUINA,2,DE ANTOFAGASTA,CALAMA,221633,681926,569640,7536478,3031
2105019,SIFON AYQUINA,2,DE ANTOFAGASTA,CALAMA,221700,682059,566991,7535635,3000
2105020,SALADO EMBALSE,2,DE ANTOFAGASTA,CALAMA,221707,681212,582062,7535392,3200
2105021,CASPANA,2,DE ANTOFAGASTA,CALAMA,222012,681244,581126,7529664,3260
2105022,EL TATIO,2,DE ANTOFAGASTA,CALAMA,222104,680059,601295,7527990,4370
2105031,AMINCHA,2,DE ANTOFAGASTA,OLLAGUE,211202,682022,568562,7655483,3860
2105037,HITO SILALA,2,DE ANTOFAGASTA,CALAMA,220144,680212,599419,7563661,4242
2105038,turi 7 meteo,2,DE ANTOFAGASTA,CALAMA,221438,681623,574908,7539997,3046
2110001,RIO LOA EN ESCORIAL,2,DE ANTOFAGASTA,CALAMA,222643,685326,511262,7517871,2450
2110004,RIO LOA EN FINCA,2,DE ANTOFAGASTA,CALAMA,223034,685928,500925,7510777,2100
2110013,CALAMA,2,DE ANTOFAGASTA,CALAMA,222710,685423,509639,7517059,2300
2111001,VERTIENTE OJOS DE OPACHE,2,DE ANTOFAGASTA,CALAMA,222902,690006,499828,7513610,2135
2111002,RIO SAN SALVADOR ANTES JUNTA RIO LOA,2,DE ANTOFAGASTA,MARIA ELENA,222348,693138,445719,7523185,1238
2111004,TRANQUE SLOMAN,2,DE ANTOFAGASTA,MARIA ELENA,215102,693050,446897,7583594,2100
2112005,RIO LOA ANTES ZONA AGRICOLA QUILLAGUA,2,DE ANTOFAGASTA,MARIA ELENA,214256,693106,446367,7598541,950
2112008,QUILLAGUA,2,DE ANTOFAGASTA,MARIA ELENA,213919,693208,444573,7605241,802
2112009,COYA SUR,2,DE ANTOFAGASTA,MARIA ELENA,222338,693721,435920,7523409,1250
2113001,RIO HUATACONDO EN COPAQUIRE,1,DE TARAPACA,PICA,205545,685315,511693,7685698,3540
2113005,GUATACONDO DGA,1,DE TARAPACA,POZO ALMONTE,205539,690310,494482,7685867,2460
2210002,TOCOPILLA,2,DE ANTOFAGASTA,TOCOPILLA,220505,701102,377864,7557328,150
2210003,QUEBRADA BARRILES,2,DE ANTOFAGASTA,TOCOPILLA,220449,701100,377912,7557812,107
2240000,LICEO CIENTÕFICO HUMANISTA LA CHIMBA,2,DE ANTOFAGASTA,ANTOFAGASTA,233331,702343,357595,7393946,47
2240001,ESCUELA FUNDACI”N MINERA ESCONDIDA,2,DE ANTOFAGASTA,ANTOFAGASTA,233653,702213,360200,7387754,284
2240002,QUEBRADA LA CHIMBA,2,DE ANTOFAGASTA,ANTOFAGASTA,233332,702343,357589,7393912,33
2240003,QUEBRADA BONILLA,2,DE ANTOFAGASTA,ANTOFAGASTA,233459,702227,359770,7391257,112
2240004,QUEBRADA FARELLONES,2,DE ANTOFAGASTA,ANTOFAGASTA,233705,702220,360011,7387387,185
2240005,QUEBRADA LA CADENA,2,DE ANTOFAGASTA,ANTOFAGASTA,233751,702238,359515,7385967,139
2240006,TK BONILLA,2,DE ANTOFAGASTA,ANTOFAGASTA,233542,702212,360214,7389942,175
2300000,PASO JAMA,2,DE ANTOFAGASTA,SAN PEDRO DE ATACAMA,225520,674205,633173,7464499,4680
2400001,CERRO CHAJNANTOR BAJO,2,DE ANTOFAGASTA,SAN PEDRO DE ATACAMA,225926,674345,630251,7456959,5086
2400002,CERRO CHAJNANTOR CUMBRE,2,DE ANTOFAGASTA,SAN PEDRO DE ATACAMA,225914,674432,628911,7457331,5625
2450000,PASO SICO,2,DE ANTOFAGASTA,SAN PEDRO DE ATACAMA,234919,672624,658907,7364608,4295
2500004,CANAL VILAMA EN VILAMA,2,DE ANTOFAGASTA,SAN PEDRO DE ATACAMA,225223,681052,584003,7470301,2550
2500005,CANAL CUNO EN SOCAIRE,2,DE ANTOFAGASTA,SAN PEDRO DE ATACAMA,233656,675056,617423,7387864,3600
2500006,CANAL TILOMONTE ANTES REPRESA,2,DE ANTOFAGASTA,SAN PEDRO DE ATACAMA,234800,680550,591960,7367619,4000
2500015,TOCONAO RETEN,2,DE ANTOFAGASTA,SAN PEDRO DE ATACAMA,231137,680034,601376,7434668,2460
2500016,TOCONAO EXPERIMENTAL,2,DE ANTOFAGASTA,SAN PEDRO DE ATACAMA,231121,675952,602573,7435183,2500
2500017,CAMAR,2,DE ANTOFAGASTA,SAN PEDRO DE ATACAMA,232431,675743,606057,7410866,2700
2500019,SOCAIRE,2,DE ANTOFAGASTA,SAN PEDRO DE ATACAMA,233516,675330,613092,7390963,3251
2500020,PEINE,2,DE ANTOFAGASTA,SAN PEDRO DE ATACAMA,234055,680401,595137,7380682,2460
2500021,TALABRE,2,DE ANTOFAGASTA,SAN PEDRO DE ATACAMA,231857,675323,613530,7421080,3300
2500025,TOCONAO QUEBRADA 1,2,DE ANTOFAGASTA,SAN PEDRO DE ATACAMA,231304,674843,621559,7431859,3986
2500026,TOCONAO QUEBRADA 4,2,DE ANTOFAGASTA,SAN PEDRO DE ATACAMA,230924,675400,612603,7438712,3465
2500027,TOCONAO PUEBLO,2,DE ANTOFAGASTA,SAN PEDRO DE ATACAMA,231110,680020,601775,7435529,2491
2500028,GUATIN,2,DE ANTOFAGASTA,SAN PEDRO DE ATACAMA,224540,680425,595106,7482627,3155
2500029,SALAR DE ATACAMA N 1,2,DE ANTOFAGASTA,SAN PEDRO DE ATACAMA,234042,681812,571020,7381191,2306
2500030,SALAR DE ATACAMA N 2,2,DE ANTOFAGASTA,SAN PEDRO DE ATACAMA,232931,681645,573586,7401836,2307
2510001,RIO SAN PEDRO EN CUCHABRACHE,2,DE ANTOFAGASTA,SAN PEDRO DE ATACAMA,224933,681201,582059,7475533,2585
2510006,SAN PEDRO DE ATACAMA,2,DE ANTOFAGASTA,SAN PEDRO DE ATACAMA,225344,681044,584632,7468129,2450
2510007,RIO GRANDE,2,DE ANTOFAGASTA,SAN PEDRO DE ATACAMA,223907,681003,585548,7494766,3250
2640001,IMILAC,2,DE ANTOFAGASTA,ANTOFAGASTA,240947,684658,522066,7327668,3000
2650000,SALAR DE IMILAC,2,DE ANTOFAGASTA,ANTOFAGASTA,241148,684653,522201,7323982,2966
2650001,SALAR DE PUNTA NEGRA,2,DE ANTOFAGASTA,ANTOFAGASTA,243296,685502,508382,7283768,2952
2650002,QUEBRADA GUANAQUEROS,2,DE ANTOFAGASTA,ANTOFAGASTA,242630,683311,545305,7296794,4029
2650003,SALAR DE PAJONALES,2,DE ANTOFAGASTA,ANTOFAGASTA,251604,690657,488336,7205396,3951
2660001,MONTURAQUI,2,DE ANTOFAGASTA,ANTOFAGASTA,242029,682607,557288,7307823,3430
2660002,SALAR DE PULAR,2,DE ANTOFAGASTA,ANTOFAGASTA,242026,682640,556357,7307955,3466
2700001,SIERRA GORDA,2,DE ANTOFAGASTA,MARIA ELENA,225327,691917,467047,7468532,1616
2700007,SG 2,2,DE ANTOFAGASTA,CALAMA,224638,684933,517878,7481130,2573
2710002,BAQUEDANO,2,DE ANTOFAGASTA,SIERRA GORDA,231952,695009,414538,7419580,1032
2710003,ANTOFAGASTA,2,DE ANTOFAGASTA,ANTOFAGASTA,233905,702407,357015,7383666,50
2710004,TK CARACOLES,2,DE ANTOFAGASTA,ANTOFAGASTA,233731,702114,361889,7386605,461
2710005,SNyMM1,2,DE ANTOFAGASTA,ANTOFAGASTA,240642,692613,455596,7333341,1583
2760000,QUEBRADA EL TORO,2,DE ANTOFAGASTA,ANTOFAGASTA,234019,702354,357406,7381394,89
2800002,AGUAS BLANCAS,2,DE ANTOFAGASTA,ANTOFAGASTA,240555,695420,407962,7334558,963
2810001,CACHINAL DE LA SIERRA,2,DE ANTOFAGASTA,TALTAL,245740,693112,447507,7239220,2640
2900000,UNIVERSIDAD DE ANTOFAGASTA,2,DE ANTOFAGASTA,ANTOFAGASTA,234207,702515,355138,7378045,30
2900001,QUEBRADA JARDINES DEL SUR,2,DE ANTOFAGASTA,ANTOFAGASTA,234207,702515,355138,7378045,26
2941001,VAQUILLAS,2,DE ANTOFAGASTA,TALTAL,252345,691755,469963,7191149,3250
2942001,AGUAS VERDES,2,DE ANTOFAGASTA,TALTAL,252404,695745,403184,7190296,1560
2943001,TAL-TAL,2,DE ANTOFAGASTA,TALTAL,252426,702911,350495,7189132,9
2943002,TAL-TAL (DCP),2,DE ANTOFAGASTA,TALTAL,252413,702847,351156,7189527,36
2943003,QUEBRADA TALTAL,2,DE ANTOFAGASTA,TALTAL,252413,702847,351156,7189527,90
2960001,SIERRA OVERA,2,DE ANTOFAGASTA,TALTAL,254648,695317,410954,7148340,1900
3003001,SALAR DE LA ISLA,3,DE ATACAMA,DIEGO DE ALMAGRO,253953,683743,537272,7161392,3966
3011001,Salar Grande,3,DE ATACAMA,DIEGO DE ALMAGRO,255952,684059,531719,7124523,3976
3022001,RIO LA OLA EN VERTEDERO,3,DE ATACAMA,DIEGO DE ALMAGRO,262906,690336,494003,7070581,3588
3023000,SALAR DE PEDERNALES,3,DE ATACAMA,DIEGO DE ALMAGRO,262113,691047,482064,7085124,3395
3031002,VOLCAN OJOS DEL SALADO BAJO REFUGIO ATACAMA,3,DE ATACAMA,COPIAPO,270307,683207,546098,7007714,5201
3041012,SALAR MARICUNGA,3,DE ATACAMA,COPIAPO,270459,691041,482347,7004353,3783
3104001,QUEBRADA PAN DE AZUCAR,3,DE ATACAMA,DIEGO DE ALMAGRO,260523,692523,457691,7114308,2955
3201001,QUEBRADA POTRERILLOS,3,DE ATACAMA,COPIAPO,262447,693627,439397,7078428,2245
3210001,LAS VEGAS,3,DE ATACAMA,DIEGO DE ALMAGRO,264047,694003,433586,7048863,2250
3212001,EL SALADO,3,DE ATACAMA,CHAGNARAL,262548,701151,380591,7076139,567
3340001,CALDERA,3,DE ATACAMA,CALDERA,270424,704917,319389,7004135,15
3404002,JORQUERA EN LA GUARDIA,3,DE ATACAMA,TIERRA AMARILLA,274455,694018,433805,6930458,2000
3404004,QUEBRADA CARRIZALILLO,3,DE ATACAMA,COPIAPO,274243,694424,427047,6934487,3242
3412001,TORIN EN EL POTRO,3,DE ATACAMA,TIERRA AMARILLA,281636,694453,426633,6871878,2800
3413001,GLACIAR MARANCELES,3,DE ATACAMA,TIERRA AMARILLA,282725,694323,429200,6851957,3985
3414001,RIO PULIDO EN VERTEDERO,3,DE ATACAMA,TIERRA AMARILLA,280520,695634,407371,6892586,1310
3414002,IGLESIA COLORADA,3,DE ATACAMA,TIERRA AMARILLA,280900,695319,412757,6885854,1550
3421001,RIO MANFLAS EN VERTEDERO,3,DE ATACAMA,TIERRA AMARILLA,280932,700022,401219,6884787,1550
3421004,MANFLAS HACIENDA,3,DE ATACAMA,TIERRA AMARILLA,280733,695825,404368,6888488,1410
3430003,RIO COPIAPO EN PASTILLO,3,DE ATACAMA,TIERRA AMARILLA,280123,695838,403934,6899858,1300
3430006,LAUTARO EMBALSE,3,DE ATACAMA,TIERRA AMARILLA,275844,700015,401234,6904740,1110
3430007,LOS LOROS,3,DE ATACAMA,TIERRA AMARILLA,274947,700711,389736,6921171,940
3431001,RIO COPIAPO EN LA PUERTA,3,DE ATACAMA,TIERRA AMARILLA,274827,700742,388860,6923599,915
3431004,ELIBOR CAMPAMENTO,3,DE ATACAMA,TIERRA AMARILLA,274358,701431,377583,6931781,750
3440002,QUEBRADA SAN ANDRES,3,DE ATACAMA,COPIAPO,265333,691507,474979,7025446,3672
3441001,PASTOS GRANDES,3,DE ATACAMA,COPIAPO,270652,693351,444079,7000752,2260
3441002,QUEBRADA PAIPOTE ANTE JUNTA QUEBRADA SAN ANDRES,3,DE ATACAMA,COPIAPO,270815,692247,462371,6998278,3518
3442001,QUEBRADA PAIPOTE CANDELARIA,3,DE ATACAMA,COPIAPO,270628,694257,429045,7001425,1617
3443001,QUEBRADA SAN MIGUEL,3,DE ATACAMA,COPIAPO,272655,694124,431814,6963686,2934
3450004,COPIAPO,3,DE ATACAMA,COPIAPO,272141,702023,367499,6972824,385
3450030,POZO BODEGA,3,DE ATACAMA,COPIAPO,272014,702222,364200,6975466,340
3500001,EstaciÛn MeteorolÛgica Desierto Florido,3,DE ATACAMA,COPIAPO,273235,703123,349612,6952489,445
3604001,EL TOTORAL,3,DE ATACAMA,COPIAPO,275404,705740,306985,6912196,150
3701001,CANTO DE AGUA,3,DE ATACAMA,CALDERA,280859,705139,317260,6884821,330
3800000,PORTEZUELO EL GAUCHO,3,DE ATACAMA,ALTO DEL CARMEN,283735,700250,397636,6832965,4000
3801002,JUNTA VALERIANOS,3,DE ATACAMA,ALTO DEL CARMEN,285407,700337,396624,6802369,1800
3802001,RIO CONAY EN LAS LOZAS,3,DE ATACAMA,ALTO DEL CARMEN,285655,700603,392714,6797210,1570
3802004,LOS TAMBOS,3,DE ATACAMA,ALTO DEL CARMEN,285854,701117,384253,6793418,1400
3802005,CONAY,3,DE ATACAMA,ALTO DEL CARMEN,285829,700913,387596,6794272,1450
3802006,CONAY EN ALBARICOQUE,3,DE ATACAMA,ALTO DEL CARMEN,285711,700700,391179,6796708,1600
3804005,EL PARRAL,3,DE ATACAMA,ALTO DEL CARMEN,290007,701206,382955,6791203,1400
3804006,EL CORRAL,3,DE ATACAMA,ALTO DEL CARMEN,290649,702444,362606,6778607,1820
3804007,JUNTA DEL CARMEN,3,DE ATACAMA,ALTO DEL CARMEN,284634,702823,356207,6815929,821
3806001,RIO TRANSITO ANTES JUNTA RIO CARMEN,3,DE ATACAMA,ALTO DEL CARMEN,284508,702903,355077,6818563,812
3806002,EL TRANSITO,3,DE ATACAMA,ALTO DEL CARMEN,285326,701621,375922,6803474,1100
3814003,RIO CARMEN EN EL CORRAL,3,DE ATACAMA,ALTO DEL CARMEN,290647,702458,362207,6778654,2000
3815002,RIO CARMEN EN PTE. LA MAJADA,3,DE ATACAMA,ALTO DEL CARMEN,285447,702659,358666,6800764,1075
3815004,SAN FELIX,3,DE ATACAMA,ALTO DEL CARMEN,285551,702750,357312,6798782,1150
3820001,RIO HUASCO EN ALGODONES,3,DE ATACAMA,VALLENAR,284352,703023,352890,6820874,750
3820004,SANTA JUANA,3,DE ATACAMA,VALLENAR,284015,703915,338376,6827375,560
3820009,RIO HUASCO EN EL MAITEN,3,DE ATACAMA,ALTO DEL CARMEN,284230,703226,349520,6823355,701
3822001,QUEBRADA TOTORAL ALTO,3,DE ATACAMA,VALLENAR,283535,702841,355468,6836206,2145
3823002,VALLENAR DMC,3,DE ATACAMA,VALLENAR,283537,704526,328159,6835730,535
3823003,VALLENAR DGA,3,DE ATACAMA,VALLENAR,283509,704419,329988,6836664,420
3823004,LA COMPA—IA (VALLENAR),3,DE ATACAMA,VALLENAR,283435,704828,323193,6837610,430
3825004,FREIRINA,3,DE ATACAMA,FREIRINA,283042,710439,296671,6844341,100
3826002,HUASCO,3,DE ATACAMA,HUASCO,282801,711317,282496,6849014,15
3826003,HUASCO BAJO,3,DE ATACAMA,HUASCO,282809,711103,286156,6848880,50
3940001,DOMEYKO,3,DE ATACAMA,VALLENAR,285716,705340,315393,6795593,780
4000001,PLAYA LOS CHOROS,4,DE COQUIMBO,LA HIGUERA,291445,712739,260845,6762267,18
4120001,EL TRAPICHE,4,DE COQUIMBO,LA HIGUERA,292223,710703,294474,6748816,300
4120024,PUEBLO LOS CHOROS,4,DE COQUIMBO,COQUIMBO,291724,711805,276441,6757686,215
4300001,CERRO OLIVARES,4,DE COQUIMBO,VICUGNA,301524,695608,409987,6652410,3566
4300004,GLACIAR TAPADO EN LOS CORRALES,4,DE COQUIMBO,VICUGNA,300919,695259,414969,6663682,4065
4301001,RIO LA LAGUNA ANTES JUNTA RIO DEL TORO,4,DE COQUIMBO,VICUGNA,295849,700536,394512,6682909,0
4301005,LA LAGUNA EMBALSE,4,DE COQUIMBO,VICUGNA,301208,700229,399759,6658338,3160
4302001,RIO TORO ANTES JUNTA RIO LA LAGUNA,4,DE COQUIMBO,VICUGNA,295822,700531,394645,6683722,2165
4302014,JUNTAS,4,DE COQUIMBO,VICUGNA,295836,700539,394439,6683290,2150
4302016,EL INDIO,4,DE COQUIMBO,VICUGNA,294729,695929,404176,6703870,3800
4304002,RIO INCAGUAZ ANTES JUNTA RIO TURBIO,4,DE COQUIMBO,VICUGNA,295922,701459,379454,6681730,0
4306002,HUANTA,4,DE COQUIMBO,VICUGNA,295046,702323,365759,6697444,1240
4308001,RIO TURBIO EN VARILLAR,4,DE COQUIMBO,VICUGNA,295650,703214,351660,6686060,890
4308003,RIVADAVIA,4,DE COQUIMBO,VICUGNA,295840,703341,349359,6682656,820
4308010,POZO CALVARIO,4,DE COQUIMBO,VICUGNA,295131,703010,354847,6695933,1031
4311001,ESTERO DERECHO EN ALCOHUAZ,4,DE COQUIMBO,PAIHUANO,301327,702948,355969,6655437,1645
4311003,PISCO ELQUI,4,DE COQUIMBO,PAIHUANO,300724,702938,356078,6666608,1250
4311004,LOS NICHOS,4,DE COQUIMBO,PAIHUANO,300922,702949,355854,6662977,1330
4311005,LA ORTIGA,4,DE COQUIMBO,PAIHUANO,301235,702925,356572,6657051,1560
4313003,COCHIGUAZ,4,DE COQUIMBO,PAIHUANO,300833,702424,364531,6664585,1560
4314002,RIO CLARO EN RIVADAVIA,4,DE COQUIMBO,VICUGNA,295857,703320,349931,6682121,820
4314003,MONTE GRANDE,4,DE COQUIMBO,PAIHUANO,300517,702958,355511,6670498,1120
4314008,PAIHUANO,4,DE COQUIMBO,PAIHUANO,300131,703103,353662,6677457,914
4320001,RIO ELQUI EN ALGARROBAL,4,DE COQUIMBO,VICUGNA,300002,703513,346933,6680103,760
4320003,VICU—A (INIA),4,DE COQUIMBO,VICUGNA,300218,704147,336432,6675762,730
4321001,PUCLARO EMBALSE,4,DE COQUIMBO,VICUGNA,295947,705120,321006,6680117,460
4323007,ALMENDRAL,4,DE COQUIMBO,VICUGNA,295944,705158,319985,6680244,370
4324001,VI—ITAS ALTAS,4,DE COQUIMBO,VICUGNA,294842,704753,326240,6700727,1038
4330003,ANDACOLLO,4,DE COQUIMBO,ANDACOLLO,301360,710449,299811,6653528,1058
4331004,MOLINO YACO,4,DE COQUIMBO,VICUGNA,295707,701648,376477,6685802,1550
4331017,P. PUNTA DE PIEDRA C - 12 (METEOROL?ÙGICA Y POZO),4,DE COQUIMBO,LA SERENA,295738,710648,296077,6683695,196
4334001,FUNDO SAN ANTONIO,4,DE COQUIMBO,LA SERENA,295013,710616,296668,6697375,260
4334006,LAMBERT,4,DE COQUIMBO,LA SERENA,295041,710713,295162,6696533,200
4335002,LA SERENA (ESCUELA AGRICOLA),4,DE COQUIMBO,LA SERENA,295432,711524,282122,6689159,15
4400002,PAN DE AZUCAR,4,DE COQUIMBO,COQUIMBO,300008,711533,282075,6678770,100
4400050,PAN DE AZUCAR INIA,4,DE COQUIMBO,COQUIMBO,300431,711419,284226,6670760,136
4400051,LAS CARDAS,4,DE COQUIMBO,COQUIMBO,301505,711525,282845,6651202,287
4400054,CULEBRON-PE—UELAS,4,DE COQUIMBO,COQUIMBO,295847,711704,279596,6681265,72
4410001,CERRILLOS POBRES,4,DE COQUIMBO,COQUIMBO,301747,712317,270322,6645906,150
4410005,POZO TONGOY GUANAQUEROS,4,DE COQUIMBO,COQUIMBO,301538,712833,261801,6649747,18
4501003,PABELLON,4,DE COQUIMBO,RIO HURTADO,302441,703324,350473,6634601,1920
4501004,LAS BREAS,4,DE COQUIMBO,RIO HURTADO,302210,703647,344987,6639123,1600
4502003,ESTANCIA CHACAY,4,DE COQUIMBO,RIO HURTADO,302643,704241,335663,6630579,1380
4502004,LA CORTADERA,4,DE COQUIMBO,RIO HURTADO,302101,704612,329869,6641022,920
4502005,HURTADO,4,DE COQUIMBO,RIO HURTADO,301643,704042,338582,6649150,1100
4503002,SAMO ALTO,4,DE COQUIMBO,RIO HURTADO,302434,705619,313772,6634199,600
4503003,PICHASCA,4,DE COQUIMBO,RIO HURTADO,302341,705217,320211,6636002,725
4505001,POZO LAS DAMAS,4,DE COQUIMBO,ANDACOLLO,302212,710743,295443,6638292,496
4506006,BOCATOMA CANAL ALIMENTADOR,4,DE COQUIMBO,OVALLE,302850,710400,301612,6626098,450
4506007,RECOLETA EMBALSE,4,DE COQUIMBO,OVALLE,302943,710548,298768,6624450,350
4506014,RIO HURTADO ENTRADA EMB. RECOLETA,4,DE COQUIMBO,RIO HURTADO,302816,710330,302402,6627209,491
4511002,RIO GRANDE EN LAS RAMADAS,4,DE COQUIMBO,MONTEPATRIA,310056,703505,348720,6567581,1380
4511003,LAS RAMADAS,4,DE COQUIMBO,MONTEPATRIA,310116,703521,348312,6566974,1380
4511004,CERRO VEGA NEGRA,4,DE COQUIMBO,MONTEPATRIA,305403,702905,358098,6580438,3529
4512002,TASCADERO,4,DE COQUIMBO,MONTEPATRIA,310107,703959,340936,6567129,1230
4513001,RIO GRANDE EN CUYANO,4,DE COQUIMBO,MONTEPATRIA,305541,704619,330689,6577018,870
4513003,TULAHUEN,4,DE COQUIMBO,MONTEPATRIA,305753,704609,331020,6572959,1020
4513004,CAREN,4,DE COQUIMBO,MONTEPATRIA,305114,704622,330489,6585239,740
4515004,EL MAITEN (Mostazal),4,DE COQUIMBO,MONTEPATRIA,304740,703449,348805,6592110,1350
4515005,PEDREGAL,4,DE COQUIMBO,MONTEPATRIA,305114,704228,336698,6585291,880
4515007,RAMADILLA,4,DE COQUIMBO,MONTEPATRIA,305336,703904,342182,6581001,1250
4520005,LOS MOLLES BOCATOMA,4,DE COQUIMBO,MONTEPATRIA,304438,702503,364304,6597872,2600
4522003,RAPEL,4,DE COQUIMBO,MONTEPATRIA,304505,704423,333484,6596671,870
4523004,PUNTILLA SAN JUAN,4,DE COQUIMBO,RIO HURTADO,304209,705504,316326,6601747,430
4524001,MONTE PATRIA,4,DE COQUIMBO,MONTEPATRIA,304129,705739,312181,6602908,445
4530001,RIO COGOTI EN FRAGUITA,4,DE COQUIMBO,COMBARBALA,310655,705313,320067,6556092,1024
4531002,RIO COGOTI ENTRADA EMBALSE COGOTI,4,DE COQUIMBO,COMBARBALA,310209,710232,305097,6564637,670
4531003,COGOTI 18,4,DE COQUIMBO,COMBARBALA,310528,705718,313519,6558646,840
4532006,COMBARBALA,4,DE COQUIMBO,COMBARBALA,311118,705956,309530,6547812,870
4533002,RIO PAMA EN VALLE HERMOSO,4,DE COQUIMBO,COMBARBALA,311600,705950,309832,6539119,1036
4533006,LLANOS DE CHINGAY,4,DE COQUIMBO,COMBARBALA,311249,710330,303926,6544890,876
4533009,EMBALSE VALLE HERMOSO (LM),4,DE COQUIMBO,COMBARBALA,311753,705619,315560,6535711,1635
4535001,COGOTI EMBALSE,4,DE COQUIMBO,COMBARBALA,310039,710519,300608,6567327,740
4537003,EL TOME,4,DE COQUIMBO,MONTEPATRIA,304824,705833,310977,6590149,420
4540005,SOTAQUI,4,DE COQUIMBO,OVALLE,303748,710725,296466,6609493,280
4540006,PALOMA EMBALSE,4,DE COQUIMBO,MONTEPATRIA,304143,710210,304995,6602384,320
4551004,OVALLE (ESCUELA AGRICOLA),4,DE COQUIMBO,OVALLE,303310,710951,292404,6617916,340
4551005,OVALLE DGA,4,DE COQUIMBO,OVALLE,303615,711230,288294,6612196,220
4552002,LA TORRE,4,DE COQUIMBO,OVALLE,303654,712200,273129,6610680,120
4554003,LA PLACILLA,4,DE COQUIMBO,PUNITAQUI,305349,711858,278631,6579522,600
4555001,PUNITAQUI,4,DE COQUIMBO,PUNITAQUI,304959,711527,284077,6586719,280
4557001,SALALA,4,DE COQUIMBO,OVALLE,304017,713120,258353,6604101,60
4610001,PE—A BLANCA,4,DE COQUIMBO,OVALLE,305405,713315,255886,6578532,360
4703002,RIO CHOAPA EN CUNCUMEN,4,DE COQUIMBO,SALAMANCA,315809,703524,349754,6461883,1220
4703003,CUNCUMEN,4,DE COQUIMBO,SALAMANCA,315347,703725,346469,6469914,1100
4704001,RIO CUNCUMEN ANTES JUNTA CHOAPA (CHACAY),4,DE COQUIMBO,SALAMANCA,315239,703659,347109,6472007,1122
4710001,LA TRANQUILLA,4,DE COQUIMBO,SALAMANCA,315356,704046,341195,6469550,1000
4711001,RIO CHOAPA EN SALAMANCA,4,DE COQUIMBO,SALAMANCA,314856,705557,317085,6478373,562
4711003,COIRON,4,DE COQUIMBO,SALAMANCA,315411,704626,332248,6468923,840
4711004,SALAMANCA,4,DE COQUIMBO,SALAMANCA,314635,705801,313736,6482674,510
4712001,RIO CHALINGA EN LA PALMILLA,4,DE COQUIMBO,SALAMANCA,314158,704259,337333,6491611,1429
4713004,SAN AGUSTIN,4,DE COQUIMBO,SALAMANCA,314404,704957,326406,6487532,1050
4715002,MAL PASO,4,DE COQUIMBO,SALAMANCA,314512,710560,301085,6484933,375
4716005,LIMAHUIDA,4,DE COQUIMBO,ILLAPEL,314504,710953,294965,6485124,300
4721001,RIO ILLAPEL EN LAS BURRAS,4,DE COQUIMBO,ILLAPEL,313038,704858,327529,6512365,1168
4721002,LAS BURRAS,4,DE COQUIMBO,ILLAPEL,313045,704901,327474,6512155,1150
4721004,EL ENCANTO,4,DE COQUIMBO,ILLAPEL,312623,703351,351356,6520605,3540
4722001,SANTA VIRGINIA,4,DE COQUIMBO,ILLAPEL,313301,705007,325786,6507898,980
4723001,RIO ILLAPEL EN HUINTIL,4,DE COQUIMBO,ILLAPEL,313356,705756,313459,6506063,661
4723002,HUINTIL,4,DE COQUIMBO,ILLAPEL,313424,705953,310378,6505125,650
4726001,RIO ILLAPEL EN EL PERAL,4,DE COQUIMBO,ILLAPEL,314007,711520,286157,6494086,206
4726003,ILLAPEL DGA,4,DE COQUIMBO,ILLAPEL,313836,711055,293094,6497017,290
4726004,ILLAPEL DOS,4,DE COQUIMBO,ILLAPEL,313842,711127,292238,6496775,290
4730004,MINCHA NORTE,4,DE COQUIMBO,CANELA,313514,712700,267509,6502706,50
4732001,LA CANELA,4,DE COQUIMBO,CANELA,312350,712723,266445,6523752,290
4734001,POZO CANELA,4,DE COQUIMBO,CANELA,312359,712735,266132,6523480,277
4810001,ESTERO PUPIO EN EL ROMERO,4,DE COQUIMBO,LOS VILOS,315704,710430,303871,6463101,612
4810003,CAIMANES,4,DE COQUIMBO,LOS VILOS,315542,710810,298044,6465524,450
4820001,LOS VILOS,4,DE COQUIMBO,LOS VILOS,315453,713036,262657,6466271,10
4900002,CULIMO EMBALSE,4,DE COQUIMBO,LOS VILOS,320422,711403,289116,6449316,380
4900003,QUELON,4,DE COQUIMBO,LOS VILOS,320839,710947,296000,6441528,890
4900004,EL NARANJO,4,DE COQUIMBO,LOS VILOS,320210,710916,296559,6453532,701
4900006,POZO TILAMA,4,DE COQUIMBO,LOS VILOS,320447,710938,296079,6448685,500
4901002,INFIERNILLO,4,DE COQUIMBO,LOS VILOS,320339,711826,282179,6450439,300
4902002,LOS CONDORES,4,DE COQUIMBO,LOS VILOS,320631,711845,281813,6445187,190
4902003,QUILIMARI,4,DE COQUIMBO,LOS VILOS,320660,712931,264892,6443916,25
4902004,QUEBRADA EL MANZANO,4,DE COQUIMBO,LOS VILOS,321022,712220,276314,6437892,300
4902005,QUEBRADA SECA,4,DE COQUIMBO,LOS VILOS,320407,712422,272860,6449372,140
4902013,RUTA QUILIMARÕ,4,DE COQUIMBO,LOS VILOS,320707,712743,267724,6443762,24
5000001,QUEBRADA EL MANZANO,5,DE VALPARAISO,LA LIGUA,321312,712406,273654,6432594,380
5100001,RIO SOBRANTE EN PI—ADERO,5,DE VALPARAISO,PETORCA,321346,704260,338253,6432848,1300
5100003,NACIMIENTO DEL SOBRANTE,5,DE VALPARAISO,PETORCA,321118,702859,360198,6437725,3143
5100004,EL RANCHO HACIENDA,5,DE VALPARAISO,PETORCA,321332,703616,348808,6433379,2000
5100005,EL TRAPICHE,5,DE VALPARAISO,PETORCA,321345,704415,336274,6432849,1180
5100006,EL SOBRANTE HACIENDA,5,DE VALPARAISO,PETORCA,321346,704741,330879,6432712,810
5100007,CHINCOLCO,5,DE VALPARAISO,PETORCA,321254,705022,326640,6434195,650
5101005,PEDERNAL HACIENDA,5,DE VALPARAISO,PETORCA,320534,704756,330256,6447868,1100
5101006,CHALACO,5,DE VALPARAISO,PETORCA,321044,704715,331485,6438332,880
5110002,RIO PETORCA EN PE—ON O HIERRO VIEJO,5,DE VALPARAISO,PETORCA,321643,705920,312690,6426939,450
5110003,HIERRO VIEJO,5,DE VALPARAISO,PETORCA,321653,705837,313833,6426657,440
5111001,PALQUICO,5,DE VALPARAISO,PETORCA,321510,710819,298531,6429544,450
5111002,FRUTILLAR ALTO,5,DE VALPARAISO,PETORCA,320858,705953,311571,6441237,780
5111004,EL SALVADOR,5,DE VALPARAISO,PETORCA,321823,710438,304423,6423722,340
5120003,ARTIFICIO,5,DE VALPARAISO,CABILDO,322355,710544,302905,6413448,250
5120004,LAS COLMENAS,5,DE VALPARAISO,LA LIGUA,321837,711531,287352,6422921,80
5120005,SANTA MARTA,5,DE VALPARAISO,LA LIGUA,321905,711535,287264,6422011,100
5120006,LONGOTOMA,5,DE VALPARAISO,LA LIGUA,322335,712218,276914,6413513,20
5200001,RIO ALICAHUE EN COLLIGUAY,5,DE VALPARAISO,CABILDO,321951,704416,336451,6421572,780
5200005,LA CHUPALLA,5,DE VALPARAISO,CABILDO,321802,703829,345454,6425012,1300
5200006,ALICAHUE,5,DE VALPARAISO,CABILDO,322027,704506,335143,6420422,750
5200007,LA MOSTAZA,5,DE VALPARAISO,CABILDO,322615,704054,341911,6409814,1200
5210002,LA VI—A,5,DE VALPARAISO,CABILDO,322556,705443,320246,6410050,370
5211003,MINA CERRO NEGRO,5,DE VALPARAISO,CABILDO,323535,705220,324304,6392281,650
5211004,LAS PUERTAS,5,DE VALPARAISO,CABILDO,322913,705557,318419,6403948,350
5220006,CHACRILLA,5,DE VALPARAISO,CABILDO,322538,710338,306249,6410346,290
5220007,LAS PATAGUAS,5,DE VALPARAISO,LA LIGUA,323215,710807,299478,6397989,350
5221005,VALLE HERMOSO,5,DE VALPARAISO,LA LIGUA,322637,711157,293271,6408274,80
5221006,LOS CARDOS,5,DE VALPARAISO,LA LIGUA,322643,711335,290696,6407970,60
5310001,LAGUNA DE ZAPALLAR,5,DE VALPARAISO,ZAPALLAR,323726,712427,274127,6387860,50
5320001,ESTERO QUINTERO EN VALLE ALEGRE,5,DE VALPARAISO,PUCHUNCAVI,324804,712510,273445,6368169,40
5401003,RIO JUNCAL EN JUNCAL,5,DE VALPARAISO,LOS ANDES,325213,700850,392675,6362512,2200
5403002,RIO ACONCAGUA EN RIO BLANCO,5,DE VALPARAISO,LOS ANDES,325437,701826,377747,6357917,1420
5403006,RIECILLOS,5,DE VALPARAISO,LOS ANDES,325521,702126,373110,6356480,1290
5403007,Estero Riecillo,5,DE VALPARAISO,LOS ANDES,325547,702125,373134,6355687,1290
5404001,CANAL COLORADO EN BOCATOMA,5,DE VALPARAISO,LOS ANDES,325018,702119,373148,6365795,1391
5410002,RIO ACONCAGUA EN CHACABUQUITO,5,DE VALPARAISO,LOS ANDES,325102,703034,358751,6364286,950
5410005,RIO ACONCAGUA EN SAN FELIPE,5,DE VALPARAISO,SAN FELIPE,324527,704411,337335,6374251,650
5410006,VILCUYA,5,DE VALPARAISO,LOS ANDES,325137,702818,362293,6363236,1100
5410007,LOS ANDES,5,DE VALPARAISO,LOS ANDES,324841,703831,346279,6368435,820
5410008,SAN FELIPE,5,DE VALPARAISO,SAN FELIPE,324519,704225,340094,6374545,640
5411001,ESTERO POCURO EN EL SIFON,5,DE VALPARAISO,CALLE LARGA,325514,703236,355681,6356459,1000
5414001,RIO PUTAENDO EN RESGUARDO LOS PATOS,5,DE VALPARAISO,PUTAENDO,323006,703452,351471,6402864,1218
5414004,RESGUARDO LOS PATOS,5,DE VALPARAISO,PUTAENDO,323005,703454,351410,6402873,1220
5414005,EL TARTARO,5,DE VALPARAISO,PUTAENDO,323406,704156,340523,6395278,950
5415004,JAHUEL,5,DE VALPARAISO,SANTA MARIA,324114,703547,350331,6382255,1020
5421005,CATEMU,5,DE VALPARAISO,CATEMU,324529,705633,318021,6373877,440
5422002,LAS CHILCAS,5,DE VALPARAISO,LLAY-LLAY,325158,705054,327069,6362036,850
5423003,RIO ACONCAGUA EN ROMERAL,5,DE VALPARAISO,HIJUELAS,325024,710132,310429,6364620,365
5423013,ESTERO RABUCO,5,DE VALPARAISO,HIJUELAS,325113,710714,301556,6362964,300
5424005,EL COBRE,5,DE VALPARAISO,NOGALES,323911,711147,293993,6384988,280
5425003,LO ROJAS,5,DE VALPARAISO,LA CRUZ,324849,711502,289306,6367129,190
5426004,QUILLOTA,5,DE VALPARAISO,QUILLOTA,325346,711223,293618,6358074,130
5427006,LLIU-LLIU EMBALSE,5,DE VALPARAISO,LIMACHE,330554,711252,293336,6335621,260
5427007,LOS AROMOS,5,DE VALPARAISO,LIMACHE,325728,712042,280800,6350896,100
5427008,QUEBRADA ALVARADO,5,DE VALPARAISO,LIMACHE,330302,710653,302557,6341112,290
5500001,LAS PIEDRAS,5,DE VALPARAISO,QUILPUE,330920,711843,284375,6329079,225
5500003,LAS SALINAS,5,DE VALPARAISO,VIGNA DEL MAR,330009,713248,262063,6345560,20
5510001,RODELILLO,5,DE VALPARAISO,VIGNA DEL MAR,330302,713503,258696,6340127,110
5510002,LAGO PE—UELAS,5,DE VALPARAISO,VALPARAISO,330842,713322,261586,6329722,360
5510005,CERRO COLORADO ARMADA DE CHILE,5,DE VALPARAISO,VALPARAISO,330457,713702,255716,6336526,510
5510007,VALPARA?ÏSO,5,DE VALPARAISO,VALPARAISO,330229,713616,256770,6341114,44
5520001,CASABLANCA,5,DE VALPARAISO,VIGNA DEL MAR,331923,712438,275618,6310298,290
5520002,TAPIHUE,5,DE VALPARAISO,CASABLANCA,331727,711722,286808,6314132,310
5530002,SAN ANTONIO (PTA. PANUL),5,DE VALPARAISO,SANTIAGO,333429,713730,256347,6281911,80
5530003,LAGUNILLAS,5,DE VALPARAISO,SAN ANTONIO,332650,712717,271822,6296425,200
5530005,ALGARROBO,5,DE VALPARAISO,SANTIAGO,332621,713726,256066,6296960,130
5610000,POIKE,5,DE VALPARAISO,ISLA DE PASCUA,270619,1091518,247617,6998547,32
5610001,RAPA NUI (COLEGIO HONA A TE MANA),5,DE VALPARAISO,ISLA DE PASCUA,270830,1092517,236443,6999117,67
5701002,RIO MAIPO EN LAS MELOSAS,13,METROPOLITANA,SAN JOSE DE MAIPO,335107,701154,389152,6253617,1527
5701005,LAS MELOSAS,13,METROPOLITANA,SAN JOSE DE MAIPO,335358,701153,389224,6248289,1527
5701008,QUELTEHUES,13,METROPOLITANA,SAN JOSE DE MAIPO,334859,701302,387342,6257478,1450
5701009,RIO MAIPO EN QUELTEHUES,13,METROPOLITANA,SAN JOSE DE MAIPO,334901,701325,386757,6257467,1317
5702001,RIO VOLCAN EN QUELTEHUES,13,METROPOLITANA,SAN JOSE DE MAIPO,334834,701237,387971,6258289,1365
5702011,GLACIAR SAN FRANCISCO EN AGUAS PANIMAVIDA,13,METROPOLITANA,SAN JOSE DE MAIPO,334815,700415,400885,6259037,2238
5703008,EL YESO EMBALSE,13,METROPOLITANA,SAN JOSE DE MAIPO,334033,700519,399081,6273246,2475
5704002,RIO MAIPO EN SAN ALFONSO,13,METROPOLITANA,SAN JOSE DE MAIPO,334406,701804,379469,6266471,1092
5704004,SAN GABRIEL,13,METROPOLITANA,SAN JOSE DE MAIPO,334657,701422,385249,6261273,1266
5704005,SAN ALFONSO,13,METROPOLITANA,SAN JOSE DE MAIPO,334224,702003,376360,6269510,1040
5704006,SAN JOSE DE MAIPO RETEN,13,METROPOLITANA,SAN JOSE DE MAIPO,333811,702125,374166,6277328,943
5705001,RIO COLORADO ANTES JUNTA RIO OLIVARES,13,METROPOLITANA,SAN JOSE DE MAIPO,332942,700814,394359,6293256,1550
5705006,METEOROLOGICA RIO COLORADO,13,METROPOLITANA,SAN JOSE DE MAIPO,332941,700816,394307,6293286,1540
5706001,RIO OLIVARES ANTES JUNTA RIO COLORADO,13,METROPOLITANA,SAN JOSE DE MAIPO,332935,700815,394336,6293456,1580
5706003,VALLE RIO OLIVARES,13,METROPOLITANA,SAN JOSE DE MAIPO,331128,700651,396152,6326987,2786
5707003,MAITENES,13,METROPOLITANA,SAN JOSE DE MAIPO,333152,701543,382834,6289120,1143
5710001,RIO MAIPO EN EL MANZANO,13,METROPOLITANA,SAN JOSE DE MAIPO,333551,702246,372019,6281632,850
5710007,LA OBRA RECINTO EMOS,13,METROPOLITANA,SAN JOSE DE MAIPO,333529,702907,362190,6282161,796
5711003,PIRQUE,13,METROPOLITANA,PIRQUE,334026,703512,352897,6272884,659
5713018,CODEGUA,13,METROPOLITANA,CODEGUA,340333,703740,349766,6230083,612
5716001,RIO ANGOSTURA EN VALDIVIA DE PAINE,13,METROPOLITANA,BUIN,334840,705301,325664,6257179,342
5716004,ANGOSTURA EN VALDIVIA DE PAINE,13,METROPOLITANA,BUIN,334816,705242,326123,6257882,350
5716005,LAGUNA ACULEO,13,METROPOLITANA,PAINE,335309,705239,326369,6248925,370
5716011,LAGUNA ACULEO LOS CASTA—OS,13,METROPOLITANA,BUIN,335135,705425,323587,6251765,354
5717008,EL VERGEL,13,METROPOLITANA,TALAGANTE,334145,705525,321707,6269904,340
5720001,RIO MOLINA ANTES JUNTA SAN FRANCISCO,13,METROPOLITANA,LO BARNECHEA,332225,702347,370093,6306418,1158
5720003,LA ERMITA CENTRAL EN BOCATOMA,13,METROPOLITANA,LO BARNECHEA,332029,702149,373099,6309978,1350
5721001,ESTERO YERBA LOCA ANTES JUNTA SAN FRANCISCO,13,METROPOLITANA,LO BARNECHEA,332040,702150,373072,6309689,1350
5721016,RIO SAN FRANCISCO ANTES JUNTA ESTERO YERBA LOCA,13,METROPOLITANA,LO BARNECHEA,331831,702126,373641,6313676,1535
5721017,ESTERO YERBA LOCA EN PIEDRA CARVAJAL,13,METROPOLITANA,LO BARNECHEA,331318,701627,381277,6323409,3253
5722001,ESTERO ARRAYAN EN LA MONTOSA,13,METROPOLITANA,LO BARNECHEA,331944,702734,364170,6311297,880
5722002,RIO MAPOCHO EN LOS ALMENDROS,13,METROPOLITANA,LO BARNECHEA,332214,702704,365020,6306678,966
5722007,RIO MAPOCHO EN LOS ALMENDROS GPRS,13,METROPOLITANA,LO BARNECHEA,332214,702703,365020,6306679,966
5722008,PARQUE EL ARRAYAN,13,METROPOLITANA,LO BARNECHEA,332018,702809,363276,6310240,970
5723001,LA DEHESA,13,METROPOLITANA,VITACURA,331945,703143,357723,6311121,920
5730008,QUEBRADA RAMON EN RECINTO EMOS,13,METROPOLITANA,LA REINA,332559,703051,359226,6299663,845
5730012,CERRO CALAN,13,METROPOLITANA,LAS CONDES,332342,703212,357078,6303869,848
5730013,ANTUPIREN,13,METROPOLITANA,PEGNALOLEN,332948,703059,359149,6292612,904
5730014,QUEBRADA RAMON,13,METROPOLITANA,LAS CONDES,332558,703204,357349,6299624,730
5730015,CAMPUS SAN JOAQUIN U.C.,13,METROPOLITANA,MACUL,332951,703651,350048,6292334,570
5730016,TERRAZA OFICINAS CENTRALES DGA,13,METROPOLITANA,SANTIAGO,332655,703839,347173,6297768,560
5730039,QUEBRADA DE MACUL,13,METROPOLITANA,PEGNALOLEN,333008,703052,359320,6292012,950
5730061,QUEBRADA DE RAMON 1,13,METROPOLITANA,LAS CONDES,332618,702948,360876,6299116,1110
5730062,QUEBRADA DE RAMON 2,13,METROPOLITANA,LAS CONDES,332607,703016,360148,6299444,973
5732001,HUECHUN EMBALSE,13,METROPOLITANA,SANTIAGO,330508,704806,331837,6337777,556
5732002,HUECHUN ANDINA,13,METROPOLITANA,SANTIAGO,330421,704603,335008,6339281,590
5733006,RINCON DE LOS VALLES,13,METROPOLITANA,TIL-TIL,325651,704512,336111,6353157,955
5733007,CALEU,13,METROPOLITANA,TIL-TIL,330020,705937,313765,6346338,1120
5733008,RUNGUE EMBALSE,13,METROPOLITANA,TIL-TIL,330112,705429,321794,6344885,700
5733009,TIL-TIL,13,METROPOLITANA,TIL-TIL,330513,705540,320070,6337365,580
5733010,FUNDO LAS BATEAS,13,METROPOLITANA,LAMPA,325651,704824,331120,6353082,810
5733018,Cuesta La Dormida (Ex TIL TIL),13,METROPOLITANA,TIL-TIL,330433,705639,318525,6338625,682
5737002,RIO MAPOCHO RINCONADA DE MAIPU,13,METROPOLITANA,MAIPU,332960,704908,331049,6291803,440
5737006,PE—AFLOR,13,METROPOLITANA,PEGNAFLOR,333635,705360,323720,6279440,370
5737007,TALAGANTE,13,METROPOLITANA,TALAGANTE,334001,705600,320746,6273037,325
5737008,FUNDO MARRUECOS,13,METROPOLITANA,PEGNAFLOR,333319,704921,330811,6285653,430
5740004,CARMEN DE LAS ROSAS,13,METROPOLITANA,MELIPILLA,334536,710927,300173,6262366,165
5740005,MELIPILLA,13,METROPOLITANA,MELIPILLA,334049,711160,296069,6271128,168
5741002,COLLIGUAY,5,DE VALPARAISO,QUILPUE,331007,710847,299845,6327982,490
5744002,LOS PANGUILES,13,METROPOLITANA,CURACAVI,332620,710131,311733,6298233,190
5744003,IBACACHE ALTO,13,METROPOLITANA,MARIA PINTO,332850,711653,288017,6293109,169
5745001,MALLARAUCO,13,METROPOLITANA,PEGNAFLOR,333418,710606,304935,6283364,176
5746001,ESTERO PUANGUE EN RUTA 78,13,METROPOLITANA,MELIPILLA,333941,712013,283301,6272931,93
5747001,LOS GUINDOS,13,METROPOLITANA,MELIPILLA,335327,711401,293453,6247706,125
5748001,RIO MAIPO EN CABIMBAO,5,DE VALPARAISO,SAN PEDRO,334603,713150,265651,6260738,35
5748003,CERRILLOS DE LEYDA,5,DE VALPARAISO,EL MONTE,333804,713038,267151,6275551,182
5748005,Rinconada San Juan,5,DE VALPARAISO,SAN ANTONIO,334546,713103,266841,6261298,170
5800002,FUNDO LAS DOS PUERTAS,5,DE VALPARAISO,MELIPILLA,335141,713947,253643,6250021,24
6000003,RIO LAS LE—AS ANTE JUNTA RIO CACHAPOAL,6,DEL LIB.BDO.O'HIGGINS,MACHALI,342145,701819,379960,6196869,1296
6000004,LAGUNA EL YESO,6,DEL LIB.BDO.O'HIGGINS,MACHALI,342443,701244,388595,6191500,2140
6001000,GLACIAR CORTADERAL,6,DEL LIB.BDO.O'HIGGINS,MACHALI,343939,701522,384899,6163852,3156
6002002,LOS PEJERREYES,6,DEL LIB.BDO.O'HIGGINS,MACHALI,342721,701646,382475,6186565,1679
6003001,RIO CACHAPOAL 5 KM. AGUAS ABAJO JUNTA CORTADERAL,6,DEL LIB.BDO.O'HIGGINS,MACHALI,342046,702224,373672,6198607,1127
6003004,GLACIAR CIPRESES,6,DEL LIB.BDO.O'HIGGINS,MACHALI,343210,702503,369927,6177477,1880
6006001,RIO PANGAL EN PANGAL,6,DEL LIB.BDO.O'HIGGINS,MACHALI,341503,702001,377203,6209233,1500
6008009,CANAL SAUZAL EN PUENTE TERMAS,6,DEL LIB.BDO.O'HIGGINS,MACHALI,341427,703320,356748,6210031,750
6010014,RANCAGUA,6,DEL LIB.BDO.O'HIGGINS,RANCAGUA,341017,704340,340748,6217432,510
6010015,RANCAGUA (CACHAPOAL - DCP),6,DEL LIB.BDO.O'HIGGINS,RANCAGUA,340941,704416,339811,6218575,515
6010016,SAUZAL,6,DEL LIB.BDO.O'HIGGINS,MACHALI,341530,703655,351271,6207960,700
6011001,ESTERO DE LA CADENA ANTES JUNTA RIO CACHAPOAL,6,DEL LIB.BDO.O'HIGGINS,RANCAGUA,341114,705046,329887,6215555,440
6011003,GRANEROS,6,DEL LIB.BDO.O'HIGGINS,GRANEROS,340320,704230,342326,6230308,500
6012003,COLTAUCO,6,DEL LIB.BDO.O'HIGGINS,SAN VICENTE,341715,710448,308548,6204015,253
6012031,RIO CACHAPOAL ANTE JUNTA RIO CLARO,6,DEL LIB.BDO.O'HIGGINS,COLTAUCO,342303,710848,302644,6193158,215
6013001,RIO CLARO EN HACIENDA LAS NIEVES,6,DEL LIB.BDO.O'HIGGINS,RENGO,342946,704217,343477,6181503,720
6013005,POPETA,6,DEL LIB.BDO.O'HIGGINS,RENGO,342625,704652,336358,6187600,480
6013006,CENTRAL LAS NIEVES,6,DEL LIB.BDO.O'HIGGINS,RENGO,342932,704234,343037,6181879,700
6013008,LAGUNA LOS CRISTALES,6,DEL LIB.BDO.O'HIGGINS,MACHALI,343340,703035,361491,6174592,2357
6015003,RENGO,6,DEL LIB.BDO.O'HIGGINS,RENGO,342355,704953,331649,6192136,352
6015030,QUINTA DE TILCOCO,6,DEL LIB.BDO.O'HIGGINS,QTA. DE TILCOCO,342051,705827,318422,6197547,272
6016004,SAN FERNANDO,6,DEL LIB.BDO.O'HIGGINS,SAN FERNANDO,343601,705801,319626,6169518,358
6018009,VI—A VIEJA,6,DEL LIB.BDO.O'HIGGINS,SAN VICENTE,342706,710302,311620,6185795,220
6018010,MILLAHUE,6,DEL LIB.BDO.O'HIGGINS,SAN VICENTE,343134,711229,297330,6177330,200
6018029,TRANQUE MILLAHUE,6,DEL LIB.BDO.O'HIGGINS,SAN VICENTE,343231,711352,295260,6175490,233
6018030,TRANQUE LAS PATAGUAS,6,DEL LIB.BDO.O'HIGGINS,SAN VICENTE,343158,711009,300932,6176637,235
6019003,RIO CACHAPOAL EN PUENTE ARQUEADO (CA),6,DEL LIB.BDO.O'HIGGINS,PICHIDEGUA,341627,712208,281926,6204899,115
6019005,PICHIDEGUA,6,DEL LIB.BDO.O'HIGGINS,PICHIDEGUA,341715,712441,278050,6203320,110
6020001,TERMAS DEL FLACO,6,DEL LIB.BDO.O'HIGGINS,SAN FERNANDO,345328,701947,378496,6138231,2665
6021003,PUEBLO TERMAS DEL FLACO METEOROLOGICA,6,DEL LIB.BDO.O'HIGGINS,SAN FERNANDO,345717,702625,368495,6131030,1765
6023000,GLACIAR UNIVERSIDAD EN RIO SAN ANDRES,6,DEL LIB.BDO.O'HIGGINS,SAN FERNANDO,344307,702133,375541,6157306,2436
6027001,RIO CLARO EN EL VALLE,6,DEL LIB.BDO.O'HIGGINS,SAN FERNANDO,344131,705235,328160,6159505,476
6027003,LA RUFINA,6,DEL LIB.BDO.O'HIGGINS,SAN FERNANDO,344435,704507,339637,6154055,743
6028001,RIO TINGUIRIRICA BAJO LOS BRIONES,6,DEL LIB.BDO.O'HIGGINS,SAN FERNANDO,344306,704935,332768,6156688,560
6034003,CONVENTO VIEJO,6,DEL LIB.BDO.O'HIGGINS,CHIMBARONGO,344610,710759,304792,6150442,239
6034004,PANIAHUE,6,DEL LIB.BDO.O'HIGGINS,SANTA CRUZ,343701,712100,284533,6166863,170
6036001,LA CANDELARIA,6,DEL LIB.BDO.O'HIGGINS,CHEPICA,344651,712452,279060,6148590,213
6040001,VILLA ALHUE,6,DEL LIB.BDO.O'HIGGINS,RANCAGUA,340206,710539,306680,6231980,197
6042003,LONCHA,13,METROPOLITANA,ALHUE,340700,710560,306310,6222857,210
6042004,BARRERA LONCHA,6,DEL LIB.BDO.O'HIGGINS,RANCAGUA,340442,711143,297448,6226986,144
6043006,ALHUE QUILAMUTA,6,DEL LIB.BDO.O'HIGGINS,RANCAGUA,340411,711540,291336,6227801,146
6044001,COCALAN,6,DEL LIB.BDO.O'HIGGINS,LAS CABRAS,341224,711644,290038,6212569,120
6051009,POZO MARCHIGUE,6,DEL LIB.BDO.O'HIGGINS,MARCHIHUE,342357,713646,259826,6190478,136
6052006,Guadalao,6,DEL LIB.BDO.O'HIGGINS,LA ESTRELLA,341533,713241,265688,6206177,142
6055003,LITUECHE,6,DEL LIB.BDO.O'HIGGINS,LITUECHE,340700,714346,248245,6221536,250
6055008,RIO RAPEL EN UCUQUER,6,DEL LIB.BDO.O'HIGGINS,LITUECHE,335949,713915,254840,6235000,42
6056003,RAPEL,6,DEL LIB.BDO.O'HIGGINS,NAVIDAD,335654,714403,247306,6240217,16
6120001,PICHILEMU,6,DEL LIB.BDO.O'HIGGINS,PICHILEMU,342307,720027,775139,6191058,5
6130001,EL MEMBRILLO,6,DEL LIB.BDO.O'HIGGINS,LOLOL,344831,713645,261027,6145069,110
6130002,RANGUILI,6,DEL LIB.BDO.O'HIGGINS,LOLOL,345159,714459,248653,6138317,120
6130003,LA PALMA,6,DEL LIB.BDO.O'HIGGINS,SAN FERNANDO,345707,713508,263886,6129233,120
6131004,LOLOL,6,DEL LIB.BDO.O'HIGGINS,LOLOL,344347,714030,255067,6153664,429
6132002,NILAHUE BARAHONA,6,DEL LIB.BDO.O'HIGGINS,PUMANQUE,343425,714559,246213,6170765,90
6132006,CAHUIL,6,DEL LIB.BDO.O'HIGGINS,PICHILEMU,343200,715900,226189,6174678,13
7100007,RIO MALO ANTES JUNTA RIO TENO,7,DEL MAULE,ROMERAL,350659,702920,364306,6113005,1568
7100008,EMBALSE EL PLANCHON (LM),7,DEL MAULE,ROMERAL,351000,703220,359853,6107389,2500
7103003,LOS QUE—ES,7,DEL MAULE,ROMERAL,345960,704846,334570,6125466,663
7104002,RIO TENO DESPUES DE JUNTA CON CLARO,7,DEL MAULE,TENO,350004,704933,333385,6125322,647
7104005,EL MANZANO,7,DEL MAULE,ROMERAL,345748,705505,324893,6129356,574
7106007,SANTA SUSANA,7,DEL MAULE,TENO,345452,710215,313859,6134558,410
7115001,RIO PALOS EN JUNTA CON COLORADO,7,DEL MAULE,CURICO,351628,710101,316554,6094656,600
7116004,MONTE OSCURO,7,DEL MAULE,CURICO,350730,705843,319707,6111312,632
7116005,POTRERO GRANDE,7,DEL MAULE,CURICO,351060,710552,308981,6104614,445
7118003,CURICO,7,DEL MAULE,CURICO,345747,711436,295182,6128755,195
7119007,LONTUE,7,DEL MAULE,CURICO,350238,711722,291188,6119684,199
7120002,LAGUNA DE TORCA,7,DEL MAULE,VICHUQUEN,344605,720353,768632,6148753,28
7121003,VILLA PRAT,7,DEL MAULE,SAGRADA FAMILIA,350543,713643,261910,6113265,90
7121006,RIO MATAQUITO EN PUENTE LA HUERTA,7,DEL MAULE,CURICO,350525,713857,258495,6113707,0
7123001,RIO MATAQUITO EN LICANTEN,7,DEL MAULE,LICANTEN,345903,720035,772956,6124623,20
7123012,LICANTEN,7,DEL MAULE,LICANTEN,345901,715926,227009,6124687,17
7200001,GUALLECO,7,DEL MAULE,CUREPTO,351449,715855,228682,6095486,100
7210001,PUTU,7,DEL MAULE,CUREPTO,351233,721706,747156,6100383,36
7301000,LO AGUIRRE,7,DEL MAULE,SAN CLEMENTE,355813,703419,358258,6018203,1989
7301001,LOS CONDORES,7,DEL MAULE,SAN CLEMENTE,360033,703251,360536,6013928,2439
7301002,NUEVA LO AGUIRRE,7,DEL MAULE,COLBUN,355815,703417,358312,6018157,1989
7301003,RIO MAULE BAJO CAMPANARIO,7,DEL MAULE,SAN CLEMENTE,355327,703850,351328,6026906,1329
7303000,RIO MAULE EN LOS BA—OS,7,DEL MAULE,SAN CLEMENTE,354923,704545,340795,6034248,980
7306001,RIO CIPRESES EN DESAGUE LAGUNA LA INVERNADA,7,DEL MAULE,SAN CLEMENTE,354411,704634,339360,6043816,1300
7314002,GUAYQUIVILO,7,DEL MAULE,COLBUN,361736,705505,327755,5981744,1200
7317001,RIO MELADO EN LA LANCHA DGA,7,DEL MAULE,COLBUN,355100,710400,313364,6030653,650
7317005,RIO MELADO EN EL SALTO,7,DEL MAULE,COLBUN,355345,710053,318156,6025714,730
7320002,ARMERILLO,7,DEL MAULE,SAN CLEMENTE,354214,710446,311864,6046904,492
7320003,RIO CLARO EN SAN CARLOS,7,DEL MAULE,SAN CLEMENTE,354156,710341,313481,6047473,550
7320004,ARMERILLO DGA,7,DEL MAULE,SAN CLEMENTE,354213,710447,311847,6046931,514
7321001,MAULE BAJO,7,DEL MAULE,COLBUN,354220,711909,290177,6046166,430
7321002,RIO MAULE EN ARMERILLO,7,DEL MAULE,SAN CLEMENTE,354216,710618,309566,6046796,470
7330001,RIO PERQUILAUQUEN EN SAN MANUEL,7,DEL MAULE,PARRAL,362236,713727,264592,5971067,266
7331002,DIGUA EMBALSE,7,DEL MAULE,PARRAL,361524,713254,271043,5984556,390
7332003,SAN MANUEL EN PERQUILAUQUEN,7,DEL MAULE,PARRAL,362249,713632,265975,5970720,270
7333000,POZO —IQUEN en Escuela F-160,7,DEL MAULE,CHILLAN,361740,715359,239587,5979502,160
7335004,QUELLA,7,DEL MAULE,CAUQUENES,360325,720529,761996,6005822,130
7336001,RIO CAUQUENES EN EL ARRAYAN,7,DEL MAULE,CAUQUENES,360010,722230,736593,6012545,590
7336003,EL ALAMO,7,DEL MAULE,CAUQUENES,360647,722513,732184,6000437,180
7337002,TUTUVEN EMBALSE,7,DEL MAULE,CAUQUENES,355347,722248,736458,6024380,179
7340002,LA ESTRELLA,7,DEL MAULE,CONSTITUCION,354659,721126,753932,6036471,200
7340003,LOS HUINGANES EN CURIPEUMO,7,DEL MAULE,PARRAL,360055,715900,231124,6010253,126
7341002,NIRIVILO,7,DEL MAULE,SAN JAVIER,353237,720534,763565,6062794,200
7342002,HUERTA DEL MAULE,7,DEL MAULE,MAULE,353955,715704,232863,6049156,218
7345001,PARRAL,7,DEL MAULE,PARRAL,361136,714944,245632,5990901,175
7350001,RIO LONGAVI EN LA QUIRIQUINA,7,DEL MAULE,LONGAVI,361346,712726,279169,5987809,449
7350003,RIO LONGAVI EN EL CASTILLO,7,DEL MAULE,LONGAVI,361537,712026,289723,5984654,598
7350006,BULLILEO EMBALSE,7,DEL MAULE,PARRAL,361721,712459,283005,5981271,600
7350007,EMBALSE BULLILEO (Lago),7,DEL MAULE,PARRAL,361750,712430,283743,5980396,700
7350009,RIO ACHIBUENO EN PUNTA TRICAHUE,7,DEL MAULE,LINARES,360829,711425,298434,5998044,1005
7352002,LA SEXTA DE LONGAVI,7,DEL MAULE,LONGAVI,360646,713656,264571,6000382,229
7352003,LIGUAY,7,DEL MAULE,LINARES,355651,714122,257425,6018541,104
7353001,JUAN AMIGO,7,DEL MAULE,COLBUN,360446,712329,284659,6004592,460
7355002,RIO ANCOA EN EL MORRO,7,DEL MAULE,LINARES,355430,711748,292742,6023788,402
7355006,HORNILLO,7,DEL MAULE,LINARES,355205,710660,308910,6028621,810
7355007,ANCOA EMBALSE,7,DEL MAULE,LINARES,355438,711745,292833,6023529,421
7357003,MELOZAL,7,DEL MAULE,SAN JAVIER,354708,714559,249970,6036290,96
7358006,SANTA BARBARA (LINARES),7,DEL MAULE,LINARES,355024,713722,263102,6030557,150
7358007,LINARES,7,DEL MAULE,LINARES,355043,713624,264576,6030083,157
7358008,COLBUN (MAULE SUR),7,DEL MAULE,COLBUN,353810,712402,282631,6053750,280
7359001,RIO LONCOMILLA EN LAS BRISAS,7,DEL MAULE,VILLA ALEGRE,353703,714606,249256,6054947,68
7359005,SAN JAVIER,7,DEL MAULE,PARRAL,353530,714030,257635,6058040,135
7370001,FUNDO EL RADAL,7,DEL MAULE,MOLINA,352508,710238,314423,6078590,685
7371002,AGUA FRIA,7,DEL MAULE,MOLINA,351826,710507,310425,6090907,560
7373003,EL GUINDO,7,DEL MAULE,RIO CLARO,351546,711935,288362,6095346,250
7373004,SAN RAFAEL,7,DEL MAULE,PELARCO,351840,713138,270241,6089525,152
7374004,VILCHES ALTO,7,DEL MAULE,SAN CLEMENTE,353538,710519,310775,6059071,1058
7374005,HUAPI,7,DEL MAULE,SAN CLEMENTE,352910,711726,292211,6070637,250
7374006,LAS LOMAS,7,DEL MAULE,SAN CLEMENTE,352822,711248,299172,6072211,300
7376002,EL DURAZNO,7,DEL MAULE,TALCA,352941,711913,289523,6069610,275
7378002,TALCA U.C.,7,DEL MAULE,TALCA,352609,713710,262217,6075464,130
7378003,COLORADO,7,DEL MAULE,SAN CLEMENTE,353827,711538,295316,6053531,420
7378004,TALCA,7,DEL MAULE,TALCA,352510,713938,258425,6077126,110
7379002,RIO CLARO EN RAUQUEN,7,DEL MAULE,PENCAHUE,352705,714360,251933,6073477,64
7381002,FUNDO EL PERAL,7,DEL MAULE,MAULE,352402,714700,247216,6078914,110
7381003,PENCAHUE,7,DEL MAULE,SAN CLEMENTE,352235,715009,242391,6081538,55
7383001,RIO MAULE EN FOREL,7,DEL MAULE,CONSTITUCION,352429,721238,753310,6078143,30
7384002,CONSTITUCION,7,DEL MAULE,CONSTITUCION,352030,722521,734250,6086024,10
7400001,RIO LOANCO EN DESEMBOCADURA,7,DEL MAULE,CONSTITUCION,353417,723519,718503,6060893,20
7410001,EMBALSE EMPEDRADO (LM),7,DEL MAULE,EMPEDRADO,353626,721115,754768,6055972,345
7440000,RIO CHOVELLEN EN EL RISCO,7,DEL MAULE,PELLUHUE,355542,723733,714179,6021369,21
8000000,QUIRIHUE,8,DEL BIOBIO,QUIRIHUE,361655,723230,720792,5981975,278
8000002,COBQUECURA,8,DEL BIOBIO,COBQUECURA,360750,724740,698468,5999317,11
8010001,COLMUYAO EN ESC. COLMUYAO,16,DEL ?ÊUBLE,COBQUECURA,361618,724760,697613,5983673,14
8104001,RIO SAUCES ANTES JUNTA CON —UBLE,8,DEL BIOBIO,SAN FABIAN,364009,711634,296587,5939407,620
8105003,LA PUNILLA,8,DEL BIOBIO,SAN FABIAN,363930,711940,291934,5940438,840
8105004,CARACOL,8,DEL BIOBIO,SAN FABIAN,363903,712342,285909,5941184,610
8105005,CAMAN,8,DEL BIOBIO,SAN FABIAN,364023,711754,294611,5938943,670
8105006,RIO —UBLE EN LA PUNILLA 2,8,DEL BIOBIO,SAN FABIAN,363950,711918,292505,5939901,656
8106002,RIO —UBLE EN SAN FABIAN N 2,8,DEL BIOBIO,SAN FABIAN,363509,713132,274059,5948117,450
8106003,SAN FABIAN,8,DEL BIOBIO,SAN FABIAN,363501,713129,274127,5948354,465
8113001,COIHUECO EMBALSE,8,DEL BIOBIO,COIHUECO,363827,714757,249755,5941311,314
8114002,POZO COIHUECO en Internado Municipal,8,DEL BIOBIO,COIHUECO,363756,715017,246229,5942172,253
8114010,CATO EN INIA SANTA ROSA,16,DEL ?ÊUBLE,CHILLAN,363207,715501,238857,5952719,195
8117002,CHILLAN VIEJO,8,DEL BIOBIO,CHILLAN,363755,720736,756906,5942096,115
8117003,CHILLAN SENDOS,8,DEL BIOBIO,CHILLAN,363653,720560,759370,5943883,125
8117005,RIO CHILLAN EN CAMINO A CONFLUENCIA,8,DEL BIOBIO,CHILLAN,363655,721923,739397,5944472,40
8117006,RIO CHILLAN EN ESPERANZA N 2,8,DEL BIOBIO,PINTO,364801,713939,262604,5923995,586
8117009,CANAL DE LA LUZ EN CHILLAN,8,DEL BIOBIO,CHILLAN,363548,720601,759383,5945942,136
8117020,CHILLAN EN UNIVERSIDAD DE CONCEPCION,16,DEL ?ÊUBLE,CHILLAN,363542,720447,761239,5946083,138
8117022,PINTO EN ESCUELA LOMA ALTA,8,DEL BIOBIO,PINTO,364739,714550,253375,5924369,587
8118003,MILLAUQUEN,8,DEL BIOBIO,SAN CARLOS,361906,720224,765728,5976687,152
8118004,SAN AGUSTIN DE PU—UAL,8,DEL BIOBIO,NINHUE,362117,722340,733807,5973556,138
8118007,SAN CARLOS,8,DEL BIOBIO,SAN CARLOS,362530,715708,235323,5964860,403
8118016,SAN CARLOS CAMPUS UDEC,16,DEL ?ÊUBLE,SAN CARLOS,362258,715405,239741,5969683,186
8119002,RIO —UBLE EN CONFLUENCIA,8,DEL BIOBIO,CHILLAN,363828,722647,728287,5941890,20
8122002,TRUPAN,8,DEL BIOBIO,TUCAPEL,371649,714924,249682,5870301,474
8122003,TUCAPEL,8,DEL BIOBIO,TUCAPEL,371736,715706,238349,5868509,342
8123004,CHOLGUAN,8,DEL BIOBIO,YUNGAY,370914,720403,760416,5884014,230
8124001,RIO ITATA EN GENERAL CRUZ,8,DEL BIOBIO,PEMUCO,365622,722107,735822,5908573,90
8124002,RIO ITATA EN TRILALEO,8,DEL BIOBIO,YUNGAY,370606,720735,755361,5889991,155
8124003,GENERAL CRUZ,8,DEL BIOBIO,PEMUCO,365555,722110,735783,5909336,120
8124004,LAS CRUCES,8,DEL BIOBIO,YUNGAY,370640,714554,254304,5889208,467
8124005,MAYULERMO,8,DEL BIOBIO,SAN IGNACIO,364908,715340,241822,5921305,371
8130002,RIO DIGUILLIN EN SAN LORENZO (ATACALCO),8,DEL BIOBIO,PINTO,365528,713433,270575,5910410,727
8130003,FUNDO ATACALCO,8,DEL BIOBIO,PINTO,365502,713451,270101,5911186,740
8130004,LAS TRANCAS,8,DEL BIOBIO,PINTO,365439,712846,279123,5912152,1242
8130006,DIGUILLIN,8,DEL BIOBIO,PINTO,365214,713833,264466,5916228,670
8130007,SAN LORENZO,8,DEL BIOBIO,EL CARMEN,365529,713432,270579,5910312,710
8130010,RESERVA —UBLE,16,DEL —UBLE,PINTO,365839,713017,277054,5904691,882
8131002,FUNDO BELLA ROSA,8,DEL BIOBIO,PEMUCO,365202,720400,761493,5915772,210
8131003,POZO EL CARMEN en calle Anibal Pinto,8,DEL BIOBIO,EL CARMEN,365400,720134,764975,5912076,233
8131006,LAS QUILAS CAMPAMENTO DOH,16,DEL ?ÊUBLE,SAN IGNACIO,365250,720459,759975,5914404,199
8131007,EL CARMEN EN ESCUELA CAPILLA NORTE,8,DEL BIOBIO,EL CARMEN,365509,714812,250268,5910673,535
8132002,PEMUCO,8,DEL BIOBIO,PEMUCO,365844,720550,758382,5903544,200
8133003,CHILLANCITO,8,DEL BIOBIO,QUILLON,364544,722525,729962,5928397,56
8133008,LAGUNA AVENDA—O,8,DEL BIOBIO,QUILLON,364510,722711,727370,5929527,64
8133009,LAGUNA SANTA ELENA,8,DEL BIOBIO,BULNES,364800,722246,733799,5924109,76
8133013,DESAGUE LAGUNA AVENDA—O,8,DEL BIOBIO,QUILLON,364417,722704,727587,5931156,70
8134006,BULNES,8,DEL BIOBIO,BULNES,364424,721754,741225,5930566,581
8135003,NUEVA ALDEA,8,DEL BIOBIO,RANQUIL,363918,722723,727358,5940372,32
8135004,CANCHA LOS LITRES,8,DEL BIOBIO,QUILLON,364228,723446,716207,5934809,200
8140001,RAFAEL,8,DEL BIOBIO,CABRERO,363811,725056,692309,5943295,294
8140002,RIO ITATA EN PASO HONDO,8,DEL BIOBIO,RANQUIL,363736,722923,724449,5943596,26
8140005,PORTEZUELO,8,DEL BIOBIO,PORTEZUELO,363134,722539,730319,5954628,135
8140007,POZO —IPAS en sector Cementerio,8,DEL BIOBIO,RANQUIL,363724,723134,721223,5944052,53
8141001,RIO ITATA EN COELEMU,8,DEL BIOBIO,COELEMU,362800,724134,706737,5961803,27
8141002,COELEMU,8,DEL BIOBIO,COELEMU,362828,724120,707052,5960945,40
8142001,MANGARRAL,8,DEL BIOBIO,QUIRIHUE,361407,722034,738813,5986680,140
8144001,RIO LONQUEN EN TREHUACO,8,DEL BIOBIO,QUIRIHUE,362537,723951,709399,5966160,0
8144003,POZO NINHUE en sector Coyanco,8,DEL BIOBIO,NINHUE,362342,722818,726751,5969265,84
8144005,SAN JOSE DE NINHUE,16,DEL ?ÊUBLE,NINHUE,362457,723054,722806,5967058,125
8210002,DICHATO,8,DEL BIOBIO,TOME,363244,725552,685186,5953539,11
8210003,ESTERO BELLAVISTA EN TOM…,8,DEL BIOBIO,TOME,363822,725657,683322,5943150,7
8220005,LAS PATAGUAS,8,DEL BIOBIO,FLORIDA,364733,725332,688053,5926081,236
8220006,ANDALIEN,8,DEL BIOBIO,CONCEPCION,364847,725620,683839,5923886,37
8220008,ESTERO NONGUEN FRENTE U. DEL BIO BIO,8,DEL BIOBIO,CONCEPCION,364912,730058,676919,5923237,20
8220015,FLORIDA,8,DEL BIOBIO,FLORIDA,364922,724001,708083,5922247,243
8230000,GOBERNACION MARITIMA DE TALCAHUANO,8,DEL BIOBIO,TALCAHUANO,364228,730649,668501,5935881,12
8240000,FARO ISLA QUIRIQUINA,8,DEL BIOBIO,TALCAHUANO,363630,730260,674407,5946800,35
8300001,ICALMA,8,DEL BIOBIO,MELIPEUCO,384852,711650,301996,5701343,1160
8301001,LIUCURA,9,DE LA ARAUCANIA,LONQUIMAY,383843,710527,318031,5720501,1034
8304001,RIO LONQUIMAY ANTES JUNTA RIO BIO BIO,9,DE LA ARAUCANIA,LONQUIMAY,382634,711558,302213,5742606,940
8304004,LONQUIMAY,9,DE LA ARAUCANIA,LONQUIMAY,382717,712230,292768,5741044,931
8307002,RIO BIO-BIO EN LLANQUEN,9,DE LA ARAUCANIA,LONQUIMAY,381203,711755,298706,5769399,767
8308003,CHENQUECO,8,DEL BIOBIO,SANTA BARBARA,380353,712117,293429,5784385,778
8312002,EMBALSE RALCO,8,DEL BIOBIO,QUILACO,380326,712606,286370,5785050,742
8313002,EMBALSE PANGUE,8,DEL BIOBIO,SANTA BARBARA,375506,713545,271816,5800064,512
8314000,RIO QUEUCO EN PUENTE NITRAO,8,DEL BIOBIO,SANTA BARBARA,374147,711724,298081,5825372,867
8315001,CAU—ICU,8,DEL BIOBIO,SANTA BARBARA,374247,712902,281056,5823117,621
8316001,QUILLAILEO,8,DEL BIOBIO,QUILLECO,373904,714249,260613,5829434,464
8316002,RIO HUEQUECURA AGUAS ARRIBA DE EMBALSE ANGOSTURA,8,DEL BIOBIO,SANTA BARBARA,374216,714605,255966,5823362,330
8317001,RIO BIOBIO EN RUCALHUE,8,DEL BIOBIO,QUILACO,374235,715408,244155,5822433,261
8317003,CERRO EL PADRE,8,DEL BIOBIO,QUILACO,374647,715159,247564,5814765,346
8317004,RIO BIOBIO EN LA CULEBRA,8,DEL BIOBIO,SANTA BARBARA,374744,714155,262370,5813424,338
8317005,RIO BIOBIO EN PUENTE PIULO,8,DEL BIOBIO,SANTA BARBARA,374233,714924,251104,5822686,291
8318002,QUILACO,8,DEL BIOBIO,QUILACO,374107,720024,763964,5824882,231
8319001,RIO BIOBIO EN LONGITUDINAL,8,DEL BIOBIO,LOS ANGELES,373607,721642,740264,5834877,138
8319002,SAN CARLOS DE PUREN,8,DEL BIOBIO,LOS ANGELES,373539,721638,740383,5835726,155
8320001,SAN LORENZO EN BIO-BIO,8,DEL BIOBIO,QUILLECO,373029,714604,255359,5845172,480
8323001,RIO DUQUECO EN CERRILLOS,8,DEL BIOBIO,LOS ANGELES,373233,721843,737474,5841561,129
8324001,DUQUECO,8,DEL BIOBIO,LOS ANGELES,373201,721956,735732,5842516,120
8330002,PILGUEN,8,DEL BIOBIO,MULCHEN,374950,721311,744688,5809343,264
8332002,MULCHEN,8,DEL BIOBIO,MULCHEN,374253,721438,742949,5822269,142
8333002,SAN JOSE DE MUNILQUE,8,DEL BIOBIO,SANTA BARBARA,373509,721914,736597,5836691,120
8334001,RIO BIOBIO EN COIHUE,8,DEL BIOBIO,NEGRETE,373335,723520,712954,5840299,60
8334002,LOS ANGELES,8,DEL BIOBIO,LOS ANGELES,373008,722430,729097,5846266,129
8341003,EL MORRO,9,DE LA ARAUCANIA,COLLIPULLI,375950,715950,236800,5790182,300
8343001,RIO MININCO EN LONGITUDINAL,9,DE LA ARAUCANIA,COLLIPULLI,375148,722333,729379,5806157,125
8343002,ENCINAR MALLECO,9,DE LA ARAUCANIA,COLLIPULLI,380616,720649,753083,5778673,520
8344003,RENAICO,8,DEL BIOBIO,RENAICO,374030,723452,713321,5827490,79
8350002,LAGUNA MALLECO,9,DE LA ARAUCANIA,CURACAUTIN,381255,714840,253888,5766571,894
8351001,RIO MALLECO EN COLLIPULLI,9,DE LA ARAUCANIA,COLLIPULLI,375753,722608,725266,5794996,153
8351003,COLLIPULLI,9,DE LA ARAUCANIA,COLLIPULLI,375730,722532,726185,5795611,240
8353001,ERCILLA (VIDA NUEVA),9,DE LA ARAUCANIA,ERCILLA,380241,722737,722863,5786170,262
8356001,RIO REHUE EN QUEBRADA CULEN,9,DE LA ARAUCANIA,CURACAUTIN,375629,724821,692784,5798416,65
8358002,ANGOL (LA MONA),9,DE LA ARAUCANIA,ANGOL,374645,723814,708084,5816049,113
8358003,EL VERGEL (ANGOL),9,DE LA ARAUCANIA,ANGOL,374902,723900,706858,5811793,75
8358004,POCO A POCO,8,DEL BIOBIO,MULCHEN,375248,715912,237314,5803280,653
8358005,PARQUE NAHUELBUTA,9,DE LA ARAUCANIA,ANGOL,374924,725738,679490,5811837,1177
8359005,COIHUE,8,DEL BIOBIO,NEGRETE,373517,723529,712663,5837161,146
8364001,LAS ACHIRAS,8,DEL BIOBIO,LOS ANGELES,372249,722158,733204,5859695,144
8366002,ESTERO QUILQUE EN LOS ANGELES,8,DEL BIOBIO,LOS ANGELES,372721,721938,736403,5851178,144
8367001,LAJA,8,DEL BIOBIO,LAJA,371638,724259,702462,5871932,53
8370008,PICHACHEN,8,DEL BIOBIO,LAJA,373140,711255,304251,5844271,1485
8371002,LAGUNA DEL LAJA (CONAF),8,DEL BIOBIO,CABRERO,372341,712442,286516,5858608,1124
8375013,ALTO ANTUCO,8,DEL BIOBIO,ANTUCO,372036,714020,263286,5863689,689
8380001,RIO LAJA EN TUCAPEL,8,DEL BIOBIO,TUCAPEL,371709,715853,235685,5869259,295
8381003,RIO LAJA AG.ARR. DEL SALTO (REC.R.LAJA),8,DEL BIOBIO,LOS ANGELES,371246,721940,737112,5878166,140
8385010,MONTE AGUILA,8,DEL BIOBIO,CABRERO,370511,722629,727418,5892480,150
8390002,RERE,8,DEL BIOBIO,YUMBEL,370750,724344,701742,5888230,153
8391003,SANTA JUANA,8,DEL BIOBIO,SANTA JUANA,371055,725627,682789,5882958,57
8392002,JUNTA DE VECINOS HUINANCO,8,DEL BIOBIO,YUMBEL,365938,724347,702031,5903396,275
8393002,ESTERO HUALQUI EN DESEMBOCADURA,8,DEL BIOBIO,HUALQUI,365857,725628,683220,5905083,30
8393003,HUALQUI,8,DEL BIOBIO,HUALQUI,365918,725642,682884,5904448,29
8394001,RIO BIOBIO EN DESEMBOCADURA,8,DEL BIOBIO,CONCEPCION,365016,730341,672852,5921362,16
8394006,CERRO VERDE,8,DEL BIOBIO,CONCEPCION,364858,730420,671955,5923726,10
8394011,FARO PUNTA HUALPEN,8,DEL BIOBIO,CONCEPCION,364450,731125,661561,5931641,40
8400001,ISLA SANTA MARIA,8,DEL BIOBIO,CORONEL,370137,733141,630925,5901125,0
8410001,CONCEPCION DGA.,8,DEL BIOBIO,CONCEPCION,364960,730602,669387,5921946,28
8410002,CONCEPCION EDIF. MOP,8,DEL BIOBIO,CONCEPCION,364902,730200,675421,5923532,30
8410005,CORONEL,8,DEL BIOBIO,CORONEL,365921,730704,667504,5904673,18
8420001,LOTA,8,DEL BIOBIO,LOTA,370542,730902,664359,5892988,56
8500001,BAJO LOS RIOS,8,DEL BIOBIO,CURANILAHUE,372708,730318,672036,5853183,388
8520000,CARAMPANGUE,8,DEL BIOBIO,ARAUCO,371521,731433,655867,5875292,10
8520002,LOS QUINQUES,8,DEL BIOBIO,CURANILAHUE,371951,730159,674258,5866611,721
8530005,RIO CARAMPANGUE A. ABAJO B.T. PLANTA ARAUC0,8,DEL BIOBIO,ARAUCO,371519,731522,654650,5875383,12
8600004,PUNTA LAVAPIE,8,DEL BIOBIO,CABRERO,370856,733506,625658,5887673,11
8700001,CURANILAHUE,8,DEL BIOBIO,CURANILAHUE,372906,731954,647496,5850012,146
8700002,RIO CURANILAHUE EN CURANILAHUE,8,DEL BIOBIO,CURANILAHUE,372850,732013,647022,5850498,149
8700003,ESTERO PLEGARIAS ANTES DE JTA RIO CURANILAHUE,8,DEL BIOBIO,CURANILAHUE,372916,732038,646395,5849724,149
8821002,RIO BUTAMALAL EN BUTAMALAL,8,DEL BIOBIO,CAGNETE,374910,731451,654253,5812760,51
8821005,CA—ETE,8,DEL BIOBIO,CAGNETE,374751,732329,641629,5815423,78
8821006,RIO LEIVA EN PUENTE CAMINO A CONTULMO,8,DEL BIOBIO,CAGNETE,374846,732332,641512,5813725,48
8822008,CONTULMO,8,DEL BIOBIO,CAGNETE,380106,731349,655354,5790665,41
8822033,MANTOS BLANCO TRES MARIAS,8,DEL BIOBIO,CONTULMO,375202,731212,658032,5807395,753
8920007,ESCUELA ANA MARIA TRANAQUEPE,8,DEL BIOBIO,TIRUA,381124,732521,638146,5771927,30
8930000,TIRUA,8,DEL BIOBIO,TIRUA,382041,732933,631737,5754866,10
8930001,ALTO QUILANTAHUE,8,DEL BIOBIO,TIRUA,382705,732833,632996,5743000,490
8930002,LOS MAQUIS,8,DEL BIOBIO,TIRUA,382505,731951,645717,5746480,300
9101001,RIO PUREN EN TRANAMAN,9,DE LA ARAUCANIA,PUREN,380110,730044,674476,5790171,90
9101003,TRANAMAN,9,DE LA ARAUCANIA,PUREN,380117,730023,674981,5789933,78
9102003,LUMACO,9,DE LA ARAUCANIA,LUMACO,380949,725408,683790,5773967,60
9104003,LAS MERCEDES (VICTORIA),9,DE LA ARAUCANIA,VICTORIA,381446,721344,742508,5763242,421
9104006,PAILAHUEQUE,9,DE LA ARAUCANIA,ERCILLA,380736,721908,735009,5776734,376
9105002,TRAIGUEN,9,DE LA ARAUCANIA,TRAIGUEN,381522,723913,705308,5763168,234
9111002,QUILLEN,9,DE LA ARAUCANIA,PERQUENCO,382751,722312,728005,5739450,285
9112000,PERQUENCO,9,DE LA ARAUCANIA,LAUTARO,382507,722238,728966,5744488,290
9113003,GALVARINO,9,DE LA ARAUCANIA,GALVARINO,382437,724702,693503,5746346,40
9114001,LA CABA—A,9,DE LA ARAUCANIA,GALVARINO,383231,730607,665411,5732358,625
9116001,RIO CHOLCHOL EN CHOLCHOL,9,DE LA ARAUCANIA,NUEVA IMPERIAL,383628,725051,687429,5724557,20
9116002,CHOLCHOL,9,DE LA ARAUCANIA,NUEVA IMPERIAL,383614,725044,687611,5724905,20
9120002,MANZANAR,9,DE LA ARAUCANIA,CURACAUTIN,382747,714157,264487,5739282,790
9120003,MALALCAHUELLO,9,DE LA ARAUCANIA,CURACAUTIN,382815,713416,275698,5738799,950
9122001,CURACAUTIN,9,DE LA ARAUCANIA,CURACAUTIN,382651,715346,247258,5740563,535
9122003,TOLHUACA,9,DE LA ARAUCANIA,CURACAUTIN,381409,714311,261950,5764449,1350
9123001,RIO CAUTIN EN RARI-RUCA,9,DE LA ARAUCANIA,VICTORIA,382548,720037,760964,5742237,425
9123002,RARI-RUCA,9,DE LA ARAUCANIA,CURACAUTIN,382530,720039,760947,5742801,440
9124001,LAUTARO,9,DE LA ARAUCANIA,LAUTARO,383131,722637,722862,5732790,200
9129002,RIO CAUTIN EN CAJON,9,DE LA ARAUCANIA,TEMUCO,384112,723010,717215,5715036,130
9129004,CERRO —IELOL,9,DE LA ARAUCANIA,TEMUCO,384342,723534,709263,5710546,175
9129005,PUEBLO NUEVO (TEMUCO),9,DE LA ARAUCANIA,TEMUCO,384246,723322,712497,5712269,119
9129006,TEMUCO CENTRO,9,DE LA ARAUCANIA,TEMUCO,384433,723523,709476,5709035,122
9129016,BOROA,9,DE LA ARAUCANIA,NUEVA IMPERIAL,384608,725240,684372,5706730,41
9130001,CHERQUENCO,9,DE LA ARAUCANIA,VILCUN,384057,720008,760775,5714193,500
9131002,VILCUN,9,DE LA ARAUCANIA,VILCUN,384026,721316,741760,5715756,290
9132002,PADRE LAS CASAS,9,DE LA ARAUCANIA,PADRE LAS CASAS,385009,722843,718850,5698420,117
9134001,RIO HUICHAHUE EN FAJA 24000,9,DE LA ARAUCANIA,TEMUCO,385114,721705,735599,5695920,150
9135002,FREIRE,9,DE LA ARAUCANIA,FREIRE,385719,723714,706191,5685420,100
9135003,FREIRE SENDOS,9,DE LA ARAUCANIA,TEMUCO,385735,723630,707217,5684979,100
9135004,FREIRE CAMPAMENTO FISCAL,9,DE LA ARAUCANIA,TEMUCO,385800,723735,705653,5684169,100
9140001,RIO CAUTIN EN ALMAGRO,9,DE LA ARAUCANIA,TEMUCO,384646,725711,677810,5705708,20
9140002,ALMAGRO,9,DE LA ARAUCANIA,NUEVA IMPERIAL,384639,725702,678035,5705847,20
9150003,NUEVA IMPERIAL,9,DE LA ARAUCANIA,NUEVA IMPERIAL,384447,725719,677694,5709381,23
9151001,CARAHUE,9,DE LA ARAUCANIA,CARAHUE,384246,730851,661057,5713466,77
9153001,PUERTO SAAVEDRA,9,DE LA ARAUCANIA,PUERTO SAAVEDRA,384735,732345,639311,5704956,5
9200002,PUERTO DOMINGUEZ,9,DE LA ARAUCANIA,PUERTO SAAVEDRA,385350,731514,651422,5693179,13
9300001,ESCUELA PUBLICA PORMA,9,DE LA ARAUCANIA,TEODORO SCHMIDT,390737,731602,649780,5667706,12
9400000,RIO TRUFUL EN CAMINO INTERNACIONAL,9,DE LA ARAUCANIA,MELIPEUCO,385021,713922,269465,5697718,520
9400002,CONGUILLIO,9,DE LA ARAUCANIA,MELIPEUCO,384625,713805,271111,5705048,719
9401001,TRICAUCO,9,DE LA ARAUCANIA,MELIPEUCO,385038,713305,278578,5697440,520
9402001,RIO ALLIPEN EN MELIPEUCO,9,DE LA ARAUCANIA,MELIPEUCO,385155,714401,262817,5694618,450
9403001,CUNCO,9,DE LA ARAUCANIA,CUNCO,385547,720056,758713,5686784,380
9404001,RIO ALLIPEN EN LOS LAURELES,9,DE LA ARAUCANIA,CUNCO,390026,721348,739857,5678763,190
9404002,LOS LAURELES,9,DE LA ARAUCANIA,CUNCO,385950,720241,755934,5679385,260
9404003,QUECHEREGUA,9,DE LA ARAUCANIA,CUNCO,390002,720400,754035,5678994,360
9405001,RIO CURACO EN COLICO,9,DE LA ARAUCANIA,CUNCO,390339,721051,743911,5672662,250
9405007,RIO TRAFAMPULLI EN RINCONADA,9,DE LA ARAUCANIA,TEMUCO,390526,715158,252113,5669263,340
9405010,LLANQUI LLANQUI,9,DE LA ARAUCANIA,CUNCO,390352,714600,260627,5672428,507
9405011,PITRUNCO,9,DE LA ARAUCANIA,CUNCO,390302,720518,751969,5673577,334
9411002,QUI—ENAHUIN,9,DE LA ARAUCANIA,CURARREHUE,391306,712608,289737,5656167,659
9412002,CURARREHUE,9,DE LA ARAUCANIA,CURARREHUE,392154,713456,277536,5639541,420
9412003,PUESCO (ADUANA),9,DE LA ARAUCANIA,CURARREHUE,393201,713322,280317,5620899,620
9414002,LLAFENCO,9,DE LA ARAUCANIA,PUCON,391957,714905,257101,5642523,360
9415001,TERMAS RIO BLANCO,9,DE LA ARAUCANIA,CUNCO,390618,713707,273569,5668306,732
9416001,RIO LIUCURA EN LIUCURA,9,DE LA ARAUCANIA,PUCON,391538,714937,256098,5650510,402
9416002,LAGO TINQUILCO,9,DE LA ARAUCANIA,CURARREHUE,391021,714355,263997,5660514,850
9417001,LAGO CABURGUA,9,DE LA ARAUCANIA,PUCON,391117,714618,260612,5658705,480
9417002,OJOS DEL CABURGUA,9,DE LA ARAUCANIA,PUCON,391438,715039,254546,5652302,300
9420002,PUCON,9,DE LA ARAUCANIA,PUCON,391721,715535,247613,5647035,230
9420003,VILLARRICA,9,DE LA ARAUCANIA,VILLARRICA,391304,721740,733571,5655573,210
9420004,CHANLELFU,9,DE LA ARAUCANIA,LONCOCHE,392754,722230,725827,5628335,345
9420019,PARQUE NACIONAL VILLARRICA,9,DE LA ARAUCANIA,PUCON,392059,715810,244118,5640206,800
9421001,LA CASCADA,9,DE LA ARAUCANIA,PUCON,391802,715600,247042,5645692,250
9423001,RIO TOLTEN EN COIPUE,9,DE LA ARAUCANIA,FREIRE,390450,722709,720367,5671197,200
9433003,QUITRATUE,9,DE LA ARAUCANIA,GORBEA,390915,723924,702476,5663510,90
9434003,GORBEA,9,DE LA ARAUCANIA,GORBEA,390623,724043,700723,5668851,94
9436002,FAJA MAISAN,9,DE LA ARAUCANIA,PITRUFQUEN,390515,725550,678983,5671474,57
9437002,RIO TOLTEN EN TEODORO SCHMIDT,9,DE LA ARAUCANIA,TEODORO SCHMIDT,390052,730458,665980,5679883,15
9438001,TEODORO SCHMITD,9,DE LA ARAUCANIA,TEODORO SCHMIDT,390130,730445,666264,5678680,13
9439001,TOLTEN,9,DE LA ARAUCANIA,NUEVA TOLTEN,391035,730944,658758,5662046,5
9500001,POSTA ESPERANZA,9,DE LA ARAUCANIA,NUEVA TOLTEN,391849,731128,655946,5646860,14
10000001,LICEO POLITECNICO PESQUERO DE MEHUIN,14,DE LOS RIOS,MARIQUINA,392612,731244,653855,5633239,10
10010001,ESCUELA RURAL DE CURI—ANCO,10,DE LOS LAGOS,VALDIVIA,394237,732346,637487,5603168,190
10100002,RIO FUI EN DESAG‹E LAGO PIRIHUEICO,10,DE LOS LAGOS,VALDIVIA,395228,715330,252705,5582185,600
10100004,PIRIHUEICO EN PIRIHUEICO,10,DE LOS LAGOS,VALDIVIA,400505,714210,269570,5559328,600
10100005,PIRIHUEICO EN PTO. FUY,10,DE LOS LAGOS,FUTRONO,395217,715322,252866,5582532,600
10100006,RIO HUAHUM EN LA FRONTERA,10,DE LOS LAGOS,VALDIVIA,400557,714042,271685,5557777,616
10102001,RIO LIQUI—E EN LIQUI—E,10,DE LOS LAGOS,PANGUIPULLI,394350,715105,255639,5598253,600
10102002,LIQUI—E,10,DE LOS LAGOS,VALDIVIA,394341,715113,255436,5598536,230
10103001,LAGO NELTUME,10,DE LOS LAGOS,PANGUIPULLI,394908,715914,244306,5587998,260
10106001,CO—ARIPE,10,DE LOS LAGOS,PANGUIPULLI,393516,720016,757256,5613700,215
10106002,LAGO CALAFQUEN,10,DE LOS LAGOS,VALDIVIA,393241,720803,746258,5618836,385
10106003,LICAN-RAY,9,DE LA ARAUCANIA,VILLARRICA,392309,721326,739085,5636724,275
10106013,ESTERO TRALCO,10,DE LOS LAGOS,VALDIVIA,393317,715929,242964,5617374,378
10106014,ESTERO COLLICO EN PUCURA,10,DE LOS LAGOS,VALDIVIA,393051,720345,752513,5622030,291
10108005,LAGO PANGUIPULLI (LM),10,DE LOS LAGOS,PANGUIPULLI,395006,720503,749523,5586411,140
10110002,RIO ENCO EN DESAG‹E LAGO PANGUIPULLI,10,DE LOS LAGOS,RIO BUENO,395149,720807,745014,5583439,131
10111001,RIO SAN PEDRO EN DESAGUE LAGO RINIHUE,10,DE LOS LAGOS,LOS LAGOS,394632,722726,717778,5594066,115
10111002,LAGO RI—IHUE (Meteo),10,DE LOS LAGOS,RIO BUENO,394627,722712,718105,5594216,120
10111015,LAGO RI—IHUE ESTACION DE CONTROL,14,DE LOS RIOS,LOS LAGOS,394640,722711,718122,5593803,112
10113003,RIO SAN PEDRO EN PUCONO,10,DE LOS LAGOS,LAGO RANCO,394533,723522,706495,5596181,78
10117000,RIO QUINCHILCA EN RUTA T-39,10,DE LOS LAGOS,VALDIVIA,395132,724510,692225,5585487,38
10122003,RIO CALLE CALLE EN PUPUNAHUE,10,DE LOS LAGOS,LAGO RANCO,394830,725417,679340,5591387,60
10123004,LLANCAHUE,10,DE LOS LAGOS,VALDIVIA,395123,731043,655803,5586594,70
10123005,VALDIVIA,10,DE LOS LAGOS,VALDIVIA,394859,731434,650408,5591069,10
10123006,VALDIVIA (U. AUSTRAL),10,DE LOS LAGOS,LAGO RANCO,394957,731438,650280,5589357,10
10130001,LONCOCHE,9,DE LA ARAUCANIA,LONCOCHE,392219,723703,705236,5639239,120
10133000,RIO LEUFUCADE EN PURULON,10,DE LOS LAGOS,VALDIVIA,392841,724127,698609,5627619,97
10134002,SAN JOSE MARIQUINA,10,DE LOS LAGOS,MARIQUINA,393323,725403,680336,5619367,30
10137002,HUICHACO (Meteo),10,DE LOS LAGOS,PANGUIPULLI,394257,724416,693901,5601340,95
10141001,CATAMUTUN (Meteo),10,DE LOS LAGOS,LA UNION,400958,731007,655957,5552187,150
10142003,RIO FUTA EN TRES CHIFLONES,10,DE LOS LAGOS,VALDIVIA,400156,730919,657383,5567033,10
10200001,METEOROLOGICA CORRAL,14,DE LOS RIOS,CORRAL,395327,732533,634587,5583173,23
10210001,METEOROLOGICA ESCUELA RURAL CHAIHUIN,14,DE LOS RIOS,CORRAL,395707,733433,621653,5576605,10
10304001,RIO CALCURRUPE EN DESEMBOCADURA,10,DE LOS LAGOS,LAGO RANCO,401352,721537,733081,5543000,160
10304002,LAGO MAIHUE,10,DE LOS LAGOS,VALDIVIA,401305,720847,742815,5544126,100
10304007,LAGO MAIHUE (LM),10,DE LOS LAGOS,FUTRONO,401944,720038,753968,5531448,93
10304011,FUNDO SICHAHUE (Meteo),14,DE LOS RIOS,FUTRONO,401224,721124,739152,5545516,101
10305002,CAUNAHUE (Meteo),10,DE LOS LAGOS,VALDIVIA,400936,721509,733982,5550880,100
10307001,LAGO RANCO,10,DE LOS LAGOS,LAGO RANCO,401904,722809,715049,5533882,100
10307009,FUTRONO SECTOR LAS QUEMAS,14,DE LOS RIOS,FUTRONO,400625,722256,723117,5557088,206
10311016,ESCUELA RURAL LOS ESTEROS,14,DE LOS RIOS,LA UNION,401241,724726,688022,5546439,138
10312001,EL LLOLLY,10,DE LOS LAGOS,LAGO RANCO,400404,723701,703236,5561984,225
10313001,RIO LLOLLELHUE EN LA UNION,10,DE LOS LAGOS,LAGO RANCO,401807,730510,662632,5536945,20
10322002,ANTICURA,10,DE LOS LAGOS,PUERTO OCTAY,403922,721103,738047,5495618,350
10323002,FUTACUHUIN,10,DE LOS LAGOS,PUYEHUE,404351,722559,716764,5487950,195
10326003,ESCUELA RURAL CHAMPULLI,14,DE LOS RIOS,RIO BUENO,403143,724152,695001,5511022,158
10327001,RIO CHIRRE ANTES JUNTA RIO PILMAIQUEN,10,DE LOS LAGOS,VALDIVIA,402615,725445,677041,5521561,0
10327006,ESCUELA RURAL CRUCERO,14,DE LOS RIOS,RIO BUENO,402517,724714,687723,5523119,106
10328001,RIO PILMAIQUEN EN SAN PABLO,10,DE LOS LAGOS,LAGO RANCO,402300,725953,669930,5527763,40
10340001,RIO RAHUE EN DESAGUE LAGO RUPANCO,10,DE LOS LAGOS,PUYEHUE,404716,724127,694823,5482222,130
10340002,RUPANCO,10,DE LOS LAGOS,PUERTO OCTAY,404604,724038,696046,5484414,170
10344003,RIO RAHUE ANTES JUNTA RIO NEGRO,10,DE LOS LAGOS,OSORNO,403800,731053,653796,5500355,40
10350001,FRESIA,10,DE LOS LAGOS,FRESIA,410926,732448,633123,5442566,148
10354001,RIO NEGRO,10,DE LOS LAGOS,RIO NEGRO,404658,731250,650717,5483743,50
10355001,PURRANQUE,10,DE LOS LAGOS,PURRANQUE,405441,730759,657226,5469403,145
10355003,RIO FORRAHUE EN RIO NEGRO,10,DE LOS LAGOS,OSORNO,404746,731251,650656,5482341,52
10356001,RIO NEGRO EN CHAHUILCO,10,DE LOS LAGOS,RIO NEGRO,404259,731317,650225,5491195,45
10360002,ADOLFO MATTHEI,10,DE LOS LAGOS,OSORNO,403526,730644,659747,5504992,55
10363003,RAHUE ALTO,10,DE LOS LAGOS,OSORNO,403358,730944,655580,5507706,45
10363004,OSORNO,10,DE LOS LAGOS,OSORNO,403419,730716,659046,5506985,30
10371001,TRINIDAD,10,DE LOS LAGOS,SAN JUAN DE LA COSTA,401854,732560,633124,5536117,40
10372001,VENECIA,10,DE LOS LAGOS,PANGUIPULLI,401138,732552,633550,5549527,900
10401002,BAHIA MANSA,10,DE LOS LAGOS,SAN JUAN DE LA COSTA,403509,734358,607241,5506446,84
10405002,RIO HUEYUSCA EN CAMARONES,10,DE LOS LAGOS,FRESIA,405953,733712,616064,5460532,40
10405004,LLICO BAJO,10,DE LOS LAGOS,LOS MUERMOS,411712,735007,597534,5428685,19
10405006,CA—ITAS,10,DE LOS LAGOS,LOS MUERMOS,411902,732718,629313,5424876,123
10405007,HUEYUSCA,10,DE LOS LAGOS,PURRANQUE,405959,733508,618959,5460310,50
10410004,FRUTILLAR,10,DE LOS LAGOS,FRUTILLAR,410751,730349,662536,5444924,142
10410005,LA ENSENADA,10,DE LOS LAGOS,PUERTO VARAS,411337,723405,703844,5433117,62
10410015,CASCADA,10,DE LOS LAGOS,OSORNO,410444,723758,698868,5449798,75
10417001,MAULLIN,10,DE LOS LAGOS,MAULLIN,413710,733610,616393,5391547,5
10423000,CALBUCO,10,DE LOS LAGOS,CALBUCO,414751,731108,650746,5371115,7
10425001,PUERTO MONTT,10,DE LOS LAGOS,PUERTO MONTT,412746,725646,671522,5407833,90
10430001,LAGO CHAPO,10,DE LOS LAGOS,PUERTO MONTT,412459,723545,700916,5412232,270
10430005,LAGO CHAPO (LM),10,DE LOS LAGOS,PUERTO MONTT,412602,723440,702367,5410233,290
10432004,PELLUCO (U. AUSTRAL),10,DE LOS LAGOS,PUERTO MONTT,412928,725345,675656,5404504,25
10451000,MONTE TRONADOR EN CASA PANGUE,10,DE LOS LAGOS,LLANQUIHUE,410434,715238,258284,5448799,430
10454009,METEOROLOGICA PEULLA,10,DE LOS LAGOS,PUERTO VARAS,410507,720109,750384,5447493,200
10512000,LLANADA GRANDE,10,DE LOS LAGOS,COCHAMO,415212,715622,256053,5360475,248
10520001,RIO PUELO EN DESAGUE LAGO TAGUA TAGUA,10,DE LOS LAGOS,COCHAMO,413839,721020,735509,5385881,22
10523001,PUELO,10,DE LOS LAGOS,COCHAMO,413930,721803,724729,5384637,5
10610001,HORNOPIREN,10,DE LOS LAGOS,HUALAIHUE,415621,722605,712649,5353805,25
10683001,CHAITEN,10,DE LOS LAGOS,CHAITEN,425453,724239,686856,5246027,10
10683002,RIO BLANCO EN CHAITEN,10,DE LOS LAGOS,CHAITEN,425520,724223,687175,5245250,10
10683003,CHAIT…N METEOROL”GICA,10,DE LOS LAGOS,CHAITEN,425512,724237,686888,5245532,526
10701001,LAGO ESPOLON,10,DE LOS LAGOS,FUTALEUFU,431256,715660,260388,5211017,350
10704001,PALENA,10,DE LOS LAGOS,PALENA,433643,714808,273868,5167405,275
10704002,RIO FUTALEUFU ANTE JUNTA RIO MALITO,10,DE LOS LAGOS,FUTALEUFU,432712,720635,733845,5184770,42
10704003,PUERTO RAMIREZ,10,DE LOS LAGOS,PALENA,432919,720709,732948,5180891,53
10710001,PUERTO CARDENAS,10,DE LOS LAGOS,CHAITEN,431028,722560,708616,5216614,47
10900001,QUEMCHI,10,DE LOS LAGOS,QUEMCHI,420924,732925,624724,5331715,5
10900002,ANCUD 2 (DOH),10,DE LOS LAGOS,ANCUD,415248,734747,599873,5362857,9
10901002,CASTRO 1 (DGA),10,DE LOS LAGOS,CASTRO,422729,734628,600771,5298552,50
10901003,CHONCHI,10,DE LOS LAGOS,CASTRO,423705,734620,600695,5280855,30
10901004,CASTRO 2  (DOH),10,DE LOS LAGOS,CASTRO,422849,734627,600760,5296177,20
10902002,QUELLON,10,DE LOS LAGOS,QUELLON,430648,733710,612319,5225689,50
10903003,ANCUD 1 (DGA),10,DE LOS LAGOS,ANCUD,415150,734922,597708,5364670,20
10904005,CHEPU,10,DE LOS LAGOS,ANCUD,420240,735736,586061,5344762,20
10906004,CUCAO,10,DE LOS LAGOS,CHONCHI,423728,740630,573110,5280496,12
11023001,VALLE RIO FRIO,10,DE LOS LAGOS,CHAITEN,433020,722042,714631,5179609,215
11023002,VILLA SANTA LUCIA,11,DE AISEN DEL GRAL.CARLOS IBA?ÊEZ,PALENA,432440,722155,713315,5190159,327
11031001,LAGO VERDE,11,DE AISEN DEL GRAL.CARLOS IBA?ÊEZ,LAGO VERDE,441424,715049,272670,5097538,350
11033001,VILLA ALEGRE (L.E.),10,DE LOS LAGOS,PALENA,440401,721203,724181,5116792,150
11034001,BORDALIT,10,DE LOS LAGOS,PALENA,440251,721857,715029,5119357,90
11041001,LA JUNTA,11,DE AISEN DEL GRAL.CARLOS IBA?ÊEZ,CISNES,435746,722408,708417,5128970,45
11041005,RISSOPATRON,11,DE AISEN DEL GRAL.CARLOS IBA?ÊEZ,CISNES,441141,722948,700046,5103452,518
11043001,MARIN BALMACEDA,11,DE AISEN DEL GRAL.CARLOS IBA?ÊEZ,CISNES,434631,725712,664718,5151061,10
11120001,PUERTO PUYUHUAPI,11,DE AISEN DEL GRAL.CARLOS IBA?ÊEZ,CISNES,441924,723319,694948,5089298,10
11120002,PUERTO GALA,11,DE AISEN DEL GRAL.CARLOS IBA?ÊEZ,AISEN,441620,731254,642455,5096342,167
11140001,RIO CISNES,11,DE AISEN DEL GRAL.CARLOS IBA?ÊEZ,COIHAIQUE,442949,711854,315952,5070323,740
11143003,LA TAPERA,11,DE AISEN DEL GRAL.CARLOS IBA?ÊEZ,COIHAIQUE,443850,714025,287978,5052668,550
11144002,CISNES MEDIO,11,DE AISEN DEL GRAL.CARLOS IBA?ÊEZ,LAGO VERDE,444006,721608,240877,5048678,180
11147003,PUERTO CISNES,11,DE AISEN DEL GRAL.CARLOS IBA?ÊEZ,CISNES,444334,724055,683567,5044860,10
11147004,PORTEZUELO QUEULAT,11,DE AISEN DEL GRAL.CARLOS IBA?ÊEZ,CISNES,443535,722512,704778,5059016,518
11180000,ISLAS HUICHAS,11,DE AISEN DEL GRAL.CARLOS IBA?ÊEZ,AISEN,450919,733101,616572,4998719,6
11201001,MELINKA,11,DE AISEN DEL GRAL.CARLOS IBA?ÊEZ,CISNES,435347,734500,600396,5138786,0
11300001,ESTANCIA BA—O NUEVO,11,DE AISEN DEL GRAL.CARLOS IBA—EZ,COIHAIQUE,451607,713137,301767,4984102,700
11302002,—IREHUAO,11,DE AISEN DEL GRAL.CARLOS IBA—EZ,COIHAIQUE,451613,714235,287446,4983444,535
11304001,VILLA MA—IHUALES,11,DE AISEN DEL GRAL.CARLOS IBA—EZ,LAGO VERDE,450842,720818,724973,4996957,150
11307002,VILLA ORTEGA,11,DE AISEN DEL GRAL.CARLOS IBA?ÊEZ,COIHAIQUE,452217,715849,266633,4971463,550
11310003,RIO BLANCO CHICO ANTES JUNTA OSCURO,11,DE AISEN DEL GRAL.CARLOS IBA?ÊEZ,COIHAIQUE,455328,714327,288629,4914439,515
11313001,SEIS LAGUNAS,11,DE AISEN DEL GRAL.CARLOS IBA?ÊEZ,COIHAIQUE,454316,721259,716619,4933169,396
11314001,RIO POLLUX ANTES JUNTA SIMPSON,11,DE AISEN DEL GRAL.CARLOS IBA?ÊEZ,COIHAIQUE,453735,720654,724893,4943406,226
11314002,CERRO DIVISADERO EN EL FRAILE,11,DE AISEN DEL GRAL.CARLOS IBA?ÊEZ,COIHAIQUE,453739,720015,265822,4942955,1190
11314003,RIO POLLUX EN DESAGUE LAGO FRIO,11,DE AISEN DEL GRAL.CARLOS IBA?ÊEZ,COIHAIQUE,453952,715744,269247,4938965,517
11315006,TENIENTE VIDAL,11,DE AISEN DEL GRAL.CARLOS IBA?ÊEZ,COIHAIQUE,453548,720649,725116,4946711,308
11316003,COYHAIQUE (ESCUELA AGRICOLA),11,DE AISEN DEL GRAL.CARLOS IBA?ÊEZ,COIHAIQUE,453418,720136,732010,4949233,343
11316004,COYHAIQUE ALTO,11,DE AISEN DEL GRAL.CARLOS IBA?ÊEZ,COIHAIQUE,452850,713616,296460,4960351,730
11317001,RIO SIMPSON BAJO JUNTA COYHAIQUE,11,DE AISEN DEL GRAL.CARLOS IBA?ÊEZ,COIHAIQUE,453305,720405,728844,4951583,210
11317005,COYHAIQUE CONAF,11,DE AISEN DEL GRAL.CARLOS IBA?ÊEZ,COIHAIQUE,453256,720313,729985,4951860,340
11318002,EL BALSEO,11,DE AISEN DEL GRAL.CARLOS IBA?ÊEZ,AISEN,452426,722842,697342,4968711,25
11331001,RIO LA PALOMA ANTES RÕO DESAGUE,11,DE AISEN DEL GRAL.CARLOS IBA—EZ,COIHAIQUE,454822,722525,700189,4924266,232
11333001,RIO DESAGUE BAJO JUNTA RIO PALOMA,11,DE AISEN DEL GRAL.CARLOS IBA?ÊEZ,COIHAIQUE,454650,722758,696977,4927211,217
11342001,RIO AYSEN EN PUERTO AYSEN,11,DE AISEN DEL GRAL.CARLOS IBA?ÊEZ,AISEN,452427,723723,685996,4969031,32
11342002,PUERTO AYSEN,11,DE AISEN DEL GRAL.CARLOS IBA?ÊEZ,AISEN,452402,724200,680015,4969883,10
11400001,PUERTO CHACABUCO,11,DE AISEN DEL GRAL.CARLOS IBA?ÊEZ,AISEN,452744,724857,670752,4963378,20
11420000,RIO EXPLORADORES EN NACIMIENTO,11,DE AISEN DEL GRAL.CARLOS IBA?ÊEZ,COIHAIQUE,463003,730901,181552,4841920,144
11440000,LAGUNA SAN RAFAEL,11,DE AISEN DEL GRAL.CARLOS IBA?ÊEZ,AISEN,463818,735220,127120,4823478,3
11480000,RIO HUEMULES EN GLACIAR STEFFEN,11,DE AISEN DEL GRAL.CARLOS IBA?ÊEZ,TORTEL,473233,734024,148353,4723959,24
11503001,VILLA CERRO CASTILLO,11,DE AISEN DEL GRAL.CARLOS IBA?ÊEZ,RIO IBAGNEZ,460716,720931,719541,4888563,345
11505001,RIO IBA—EZ EN DESEMBOCADURA,11,DE AISEN DEL GRAL.CARLOS IBA—EZ,RIO IBAGNEZ,461607,715920,269691,4871772,220
11510002,LAGO GENERAL CARRERA PUERTO IBA—EZ,11,DE AISEN DEL GRAL.CARLOS IBA—EZ,RIO IBAGNEZ,461741,715530,274720,4869047,341
11511001,PUERTO IBA—EZ,11,DE AISEN DEL GRAL.CARLOS IBA—EZ,RIO IBAGNEZ,461721,715601,274023,4869542,215
11513001,BAHIA MURTA,11,DE AISEN DEL GRAL.CARLOS IBA?ÊEZ,RIO IBAGNEZ,462721,724021,678727,4852681,240
11513007,PUERTO SANCHEZ,11,DE AISEN DEL GRAL.CARLOS IBA?ÊEZ,RIO IBAGNEZ,463530,723521,684673,4837387,204
11514001,RIO MURTA EN DESEMBOCADURA,11,DE AISEN DEL GRAL.CARLOS IBA?ÊEZ,RIO IBAGNEZ,462651,724309,675171,4853711,219
11515003,PUERTO TRANQUILO,11,DE AISEN DEL GRAL.CARLOS IBA?ÊEZ,RIO IBAGNEZ,463727,724028,678034,4833972,210
11517002,LAGO GENERAL CARRERA EN DESAG‹E,11,DE AISEN DEL GRAL.CARLOS IBA—EZ,CHILE CHICO,465047,724812,667488,4809556,210
11520005,RIO JEINIMENI EN NACIMIENTO,11,DE AISEN DEL GRAL.CARLOS IBA?ÊEZ,CHILE CHICO,465006,720032,728093,4808826,845
11521002,CHILE CHICO,11,DE AISEN DEL GRAL.CARLOS IBA?ÊEZ,CHILE CHICO,463236,714158,293045,4842028,215
11521005,LAGO GENERAL CARRERA FACHINAL,11,DE AISEN DEL GRAL.CARLOS IBA?ÊEZ,CHILE CHICO,463236,721335,712642,4841838,18
11521007,PASO LAS LLAVES,11,DE AISEN DEL GRAL.CARLOS IBA?ÊEZ,CHILE CHICO,463531,721949,704503,4836717,295
11521008,LAGO GENERAL CARRERA MALLIN GRANDE,11,DE AISEN DEL GRAL.CARLOS IBA?ÊEZ,CHILE CHICO,464119,722647,695261,4826271,204
11523001,PUERTO GUADAL,11,DE AISEN DEL GRAL.CARLOS IBA?ÊEZ,RIO IBAGNEZ,465033,724221,674924,4809774,210
11523002,LAGO GENERAL CARRERA EN PUERTO GUADAL,11,DE AISEN DEL GRAL.CARLOS IBA?ÊEZ,CHILE CHICO,465031,724150,675572,4809818,205
11532000,RIO NEF ANTES JUNTA ESTERO EL REBALSE (EF),11,DE AISEN DEL GRAL.CARLOS IBA?ÊEZ,COCHRANE,470823,730515,190073,4771212,295
11532001,RIO NEF ANTES JUNTA ESTERO EL REBALSE,11,DE AISEN DEL GRAL.CARLOS IBA?ÊEZ,COCHRANE,470824,730524,189888,4771157,295
11533001,ESTANCIA VALLE CHACABUCO,11,DE AISEN DEL GRAL.CARLOS IBA?ÊEZ,COCHRANE,470707,722938,690111,4778603,343
11536001,RIO COCHRANE EN COCHRANE,11,DE AISEN DEL GRAL.CARLOS IBA?ÊEZ,COCHRANE,471514,723403,684042,4763756,140
11536003,AERODROMO COCHRANE,11,DE AISEN DEL GRAL.CARLOS IBA?ÊEZ,COCHRANE,471439,723459,682915,4764767,200
11536004,RIO BAKER EN ANGOSTURA CHACABUCO,11,DE AISEN DEL GRAL.CARLOS IBA?ÊEZ,COCHRANE,470829,724332,672452,4776617,160
11537001,ESTERO DESCARGA GLACIAR CALLUQUEO,11,DE AISEN DEL GRAL.CARLOS IBA?ÊEZ,COCHRANE,473525,722704,240534,4723475,0
11540000,LAGO CACHET 2 EN GLACIAR COLONIA,11,DE AISEN DEL GRAL.CARLOS IBA?ÊEZ,COCHRANE,471209,731522,177673,4763550,451
11541000,RIO COLONIA EN NACIMIENTO,11,DE AISEN DEL GRAL.CARLOS IBA?ÊEZ,COCHRANE,472042,730733,188377,4748237,164
11546001,CALETA TORTEL,11,DE AISEN DEL GRAL.CARLOS IBA?ÊEZ,TORTEL,474743,733155,609950,4705413,10
11553002,PUERTO BERTRAND,11,DE AISEN DEL GRAL.CARLOS IBA?ÊEZ,CHILE CHICO,470100,724900,665942,4790570,400
11614001,RIO BRAVO,11,DE AISEN DEL GRAL.CARLOS IBA?ÊEZ,O`HIGGINS,480158,730121,647416,4678164,36
11700001,RIO MAYER RETEN,11,DE AISEN DEL GRAL.CARLOS IBA?ÊEZ,O`HIGGINS,481230,721922,698904,4656973,450
11700002,MAYER FRONTERA,11,DE AISEN DEL GRAL.CARLOS IBA?ÊEZ,COIHAIQUE,481159,721957,698206,4658060,471
11701002,VILLA OHIGGINS,11,DE AISEN DEL GRAL.CARLOS IBA?ÊEZ,O`HIGGINS,482809,723332,680440,4628567,270
11701003,RIO  MOSCO ANTE JUNTA RIO MAYER,11,DE AISEN DEL GRAL.CARLOS IBA?ÊEZ,O`HIGGINS,482840,723208,682125,4627661,309
11701004,RIO DESAGUE EN LAGO CISNE,11,DE AISEN DEL GRAL.CARLOS IBA?ÊEZ,O`HIGGINS,482658,723717,675881,4631011,274
11702000,LAGO O'HIGGINS EN VILLA O'HIGGINS,11,DE AISEN DEL GRAL.CARLOS IBA—EZ,O`HIGGINS,483060,723541,677617,4623478,300
11704001,CANDELARIO MANCILLA,11,DE AISEN DEL GRAL.CARLOS IBA?ÊEZ,O`HIGGINS,485239,724422,665735,4583697,300
11706000,GLACIAR O'HIGGINS EN PUNTA NAHUELCAR,11,DE AISEN DEL GRAL.CARLOS IBA?ÊEZ,O`HIGGINS,485552,730805,197188,4571969,276
11710000,RIO PASCUA EN DESAGUE LAGO O'HIGGINS,11,DE AISEN DEL GRAL.CARLOS IBA?ÊEZ,O`HIGGINS,482257,725738,651000,4639162,260
11711000,RIO PASCUA ANTE JUNTA RIO QUETRU,11,DE AISEN DEL GRAL.CARLOS IBA?ÊEZ,O`HIGGINS,480933,730518,642160,4664247,20
11800000,FIORDO JORGE MONTT,11,DE AISEN DEL GRAL.CARLOS IBA?ÊEZ,TORTEL,481513,732736,168982,4645892,193
12000000,FIORDO TEMPANOS,12,DE MAGALLANES Y DE LA ANTARTICA,NATALES,484208,735917,133052,4593620,50
12080001,FIORDO PEEL,12,DE MAGALLANES Y DE LA ANTARTICA,NATALES,502240,733337,175805,4409432,10
12125001,PUERTO EDEN,12,DE MAGALLANES Y DE LA ANTARTICA,NATALES,490726,742425,543272,4558617,10
12125002,RIO PUNTA EVA EN PUERTO EDEN,12,DE MAGALLANES Y DE LA ANTARTICA,NATALES,490520,742512,542351,4562491,10
12127001,FIORDO STANGE,12,DE MAGALLANES Y DE LA ANTARTICA,NATALES,494311,744331,87414,4476790,52
12210000,FIORDO AMALIA,12,DE MAGALLANES Y DE LA ANTARTICA,NATALES,505745,734606,165215,4343522,45
12250001,GLACIAR BERNAL,12,DE MAGALLANES Y DE LA ANTARTICA,NATALES,515219,731854,202990,4244398,5
12271000,RIO TALCAHUANO EN PENINSULA ANTONIO VARAS,12,DE MAGALLANES Y DE LA ANTARTICA,NATALES,514446,725358,645012,4265120,14
12273000,GLACIAR BALMACEDA,12,DE MAGALLANES Y DE LA ANTARTICA,NATALES,512515,730600,214977,4295402,5
12280002,RIO PAINE EN PARQUE NACIONAL 2,12,DE MAGALLANES Y DE LA ANTARTICA,TORRES DEL PAINE,505748,724731,655052,4351933,90
12280004,LAGO DICKSON,12,DE MAGALLANES Y DE LA ANTARTICA,TORRES DEL PAINE,504926,730645,632950,4368069,200
12280006,LAGO PAINE,12,DE MAGALLANES Y DE LA ANTARTICA,TORRES DEL PAINE,505020,724954,652661,4365859,446
12283001,CERRO GUIDO,12,DE MAGALLANES Y DE LA ANTARTICA,TORRES DEL PAINE,505628,722720,678752,4353651,230
12283002,ESTANCIA RIO PAINE,12,DE MAGALLANES Y DE LA ANTARTICA,TORRES DEL PAINE,511410,725408,646451,4321710,150
12283003,LAGO PEHOE,12,DE MAGALLANES Y DE LA ANTARTICA,TORRES DEL PAINE,510426,730534,633609,4340232,40
12283004,LAGUNA AZUL,12,DE MAGALLANES Y DE LA ANTARTICA,TORRES DEL PAINE,505244,724358,659503,4361078,240
12283005,ESTANCIA LA PORFIADA,12,DE MAGALLANES Y DE LA ANTARTICA,TORRES DEL PAINE,504508,724343,660221,4375268,1783
12284006,RIO LAS CHINAS EN CERRO GUIDO,12,DE MAGALLANES Y DE LA ANTARTICA,TORRES DEL PAINE,510101,723018,674997,4345330,75
12284009,LAGO SARMIENTO,12,DE MAGALLANES Y DE LA ANTARTICA,TORRES DEL PAINE,510246,725329,647801,4342922,110
12284010,CERRO CASTILLO,12,DE MAGALLANES Y DE LA ANTARTICA,TORRES DEL PAINE,511520,722042,685264,4318394,130
12286001,TORRES DEL PAINE,12,DE MAGALLANES Y DE LA ANTARTICA,TORRES DEL PAINE,511029,725714,643037,4328761,25
12286002,RIO RINCON EN RUTA Y-290,12,DE MAGALLANES Y DE LA ANTARTICA,TORRES DEL PAINE,511855,724952,651149,4312887,36
12287002,LAGO GREY,12,DE MAGALLANES Y DE LA ANTARTICA,TORRES DEL PAINE,510643,730644,632134,4336027,50
12288000,GLACIAR TYNDALL EN CAMPAMENTO ZAPATA,12,DE MAGALLANES Y DE LA ANTARTICA,TORRES DEL PAINE,510702,731657,200321,4328426,350
12288003,RIO TINDALL EN DESEMBOCADURA,12,DE MAGALLANES Y DE LA ANTARTICA,TORRES DEL PAINE,511538,730933,628434,4319583,18
12289001,RIO SERRANO EN DESEMBOCADURA,12,DE MAGALLANES Y DE LA ANTARTICA,NATALES,512102,730608,632155,4309481,25
12293001,PUERTO NATALES,12,DE MAGALLANES Y DE LA ANTARTICA,NATALES,514421,722734,675403,4264919,45
12321001,ISLA DIEGO DE ALMAGRO,12,DE MAGALLANES Y DE LA ANTARTICA,NATALES,513340,751005,488350,4287761,25
12400001,CASAS VIEJAS,12,DE MAGALLANES Y DE LA ANTARTICA,NATALES,514201,721934,684769,4268925,230
12400002,RUBENS EN RUTA N. 9,12,DE MAGALLANES Y DE LA ANTARTICA,NATALES,520220,715631,298220,4230430,190
12400003,RIO TRANQUILO EN RUTA N∞9,12,DE MAGALLANES Y DE LA ANTARTICA,NATALES,514902,720942,695627,4255492,30
12400006,ESTACION DOROTEA,12,DE MAGALLANES Y DE LA ANTARTICA,NATALES,513616,722004,684585,4279588,470
12402000,LAGO ANIBAL PINTO,12,DE MAGALLANES Y DE LA ANTARTICA,NATALES,520532,722614,675561,4225595,51
12403000,SENO OBSTRUCCI”N,12,DE MAGALLANES Y DE LA ANTARTICA,NATALES,521237,722838,672373,4212584,4
12440001,ROCALLOSAS,12,DE MAGALLANES Y DE LA ANTARTICA,RIO VERDE,523933,715826,298876,4161501,10
12448001,RIO GRANDE EN ISLA RIESCO,12,DE MAGALLANES Y DE LA ANTARTICA,RIO VERDE,525958,715228,307118,4123932,5
12449001,ISLA RIESCO,12,DE MAGALLANES Y DE LA ANTARTICA,RIO VERDE,525159,713316,328057,4139545,10
12449002,CORDILLERA RIESCO,12,DE MAGALLANES Y DE LA ANTARTICA,RIO VERDE,525037,714552,313831,4141546,456
12452001,RIO PEREZ EN DESEMBOCADURA,12,DE MAGALLANES Y DE LA ANTARTICA,RIO VERDE,523307,715848,297964,4173392,20
12452002,RIO PEREZ,12,DE MAGALLANES Y DE LA ANTARTICA,RIO VERDE,523259,715738,299282,4173700,5
12454001,RIO VERDE,12,DE MAGALLANES Y DE LA ANTARTICA,RIO VERDE,523860,712748,333357,4163823,10
12530001,SAN GREGORIO,12,DE MAGALLANES Y DE LA ANTARTICA,SAN GREGORIO,523358,700412,427467,4175463,3
12540001,OHIGGINS VILLA,12,DE MAGALLANES Y DE LA ANTARTICA,SAN GREGORIO,521858,694117,453096,4203458,70
12560001,LAURITA,12,DE MAGALLANES Y DE LA ANTARTICA,PUNTA ARENAS,530656,710739,357613,4112759,616
12582001,RIO SAN JUAN EN DESEMBOCADURA,12,DE MAGALLANES Y DE LA ANTARTICA,PUNTA ARENAS,533743,705931,368283,4055951,8
12582002,SAN JUAN,12,DE MAGALLANES Y DE LA ANTARTICA,PUNTA ARENAS,533828,705652,371231,4054632,5
12582003,LAGO PARRILLAR,12,DE MAGALLANES Y DE LA ANTARTICA,PUNTA ARENAS,532408,711506,350315,4080609,320
12583001,LA BAGLINA,12,DE MAGALLANES Y DE LA ANTARTICA,PUNTA ARENAS,533715,705527,372729,4056815,10
12585003,LE—ADURA ALTA,12,DE MAGALLANES Y DE LA ANTARTICA,PUNTA ARENAS,531353,710713,358484,4099877,400
12586001,RIO LAS MINAS EN BT. SENDOS,12,DE MAGALLANES Y DE LA ANTARTICA,PUNTA ARENAS,530830,705917,367016,4110136,185
12586004,PUNTA ARENAS,12,DE MAGALLANES Y DE LA ANTARTICA,PUNTA ARENAS,530748,705315,373715,4111604,5
12586005,LAGUNA LYNCH,12,DE MAGALLANES Y DE LA ANTARTICA,PUNTA ARENAS,531022,710004,366252,4106644,140
12586006,CERRO MIRADOR,12,DE MAGALLANES Y DE LA ANTARTICA,PUNTA ARENAS,530846,710016,365951,4109610,580
12586007,LAS MINAS,12,DE MAGALLANES Y DE LA ANTARTICA,PUNTA ARENAS,530840,705902,367306,4109810,155
12586009,CANAL DE TRASVASE ESTERO LLAU-LLAU,12,DE MAGALLANES Y DE LA ANTARTICA,PUNTA ARENAS,530728,705612,370393,4112123,80
12586010,MAGDALENA GIGLIO 2,12,DE MAGALLANES Y DE LA ANTARTICA,PUNTA ARENAS,530827,710322,362466,4110086,432
12586014,LORETO,12,DE MAGALLANES Y DE LA ANTARTICA,PUNTA ARENAS,530727,710135,364406,4111998,433
12587000,BITSCH ALTO,12,DE MAGALLANES Y DE LA ANTARTICA,PUNTA ARENAS,530441,705824,367823,4117241,328
12600001,RIO RUBENS EN RUTA N 9,12,DE MAGALLANES Y DE LA ANTARTICA,NATALES,520210,715651,297846,4230835,180
12620000,PENITENTE ALTO,12,DE MAGALLANES Y DE LA ANTARTICA,LAGUNA BLANCA,521237,714051,316845,4212189,290
12622001,RIO PENITENTE EN MORRO CHICO,12,DE MAGALLANES Y DE LA ANTARTICA,LAGUNA BLANCA,520241,712434,334760,4231243,170
12622002,VILLA TEHUELCHE,12,DE MAGALLANES Y DE LA ANTARTICA,LAGUNA BLANCA,522541,712458,335730,4188615,190
12640001,TENIENTE MERINO,12,DE MAGALLANES Y DE LA ANTARTICA,SAN GREGORIO,520131,704405,380988,4234736,160
12680001,MONTE AYMOND,12,DE MAGALLANES Y DE LA ANTARTICA,SAN GREGORIO,520727,694600,447507,4224868,160
12730001,GLACIAR SNORING,12,DE MAGALLANES Y DE LA ANTARTICA,PUNTA ARENAS,534324,723630,261956,4041213,0
12802001,RIO SIDE EN CERRO SOMBRERO,12,DE MAGALLANES Y DE LA ANTARTICA,PRIMAVERA,524605,691703,480819,4153503,10
12802002,CERRO SOMBRERO,12,DE MAGALLANES Y DE LA ANTARTICA,PRIMAVERA,524627,691714,480631,4152798,30
12803000,BAHIA LOMAS,12,DE MAGALLANES Y DE LA ANTARTICA,PRIMAVERA,523250,691908,478376,4178051,10
12806004,BAHIA SAN FELIPE,12,DE MAGALLANES Y DE LA ANTARTICA,PRIMAVERA,525256,695652,436216,4140406,10
12809001,PORVENIR,12,DE MAGALLANES Y DE LA ANTARTICA,PORVENIR,531739,702210,408721,4094140,35
12815001,ONAISIN EN MARIA CRISTINA,12,DE MAGALLANES Y DE LA ANTARTICA,PORVENIR,531822,691605,482138,4093651,30
12816001,CAMERON,12,DE MAGALLANES Y DE LA ANTARTICA,TINAUKEL,533823,693842,457359,4056358,10
12820001,RIO CALETA EN TIERRA DEL FUEGO,12,DE MAGALLANES Y DE LA ANTARTICA,TINAUKEL,534902,700956,423265,4036179,280
12820002,PUERTO YARTOU,12,DE MAGALLANES Y DE LA ANTARTICA,TINAUKEL,535311,700827,425013,4028515,5
12821000,RIO CONDOR,12,DE MAGALLANES Y DE LA ANTARTICA,TINAUKEL,535951,700441,429325,4016213,10
12825002,RIO AZOPARDO EN DESEMBOCADURA,12,DE MAGALLANES Y DE LA ANTARTICA,TINAUKEL,543010,684933,511283,3960525,32
12825003,RIO BETBEDER EN DESEMBOCADURA,12,DE MAGALLANES Y DE LA ANTARTICA,TINAUKEL,543343,684856,511924,3953912,60
12863001,SAN SEBASTIAN,12,DE MAGALLANES Y DE LA ANTARTICA,TINAUKEL,531915,683939,522597,4091997,20
12873001,RUSSFIN,12,DE MAGALLANES Y DE LA ANTARTICA,TINAUKEL,534536,691133,487316,4043151,225
12875000,LAGO BLANCO,12,DE MAGALLANES Y DE LA ANTARTICA,TINAUKEL,540311,685729,502745,4010574,120
12876001,RIO GRANDE EN TIERRA DEL FUEGO,12,DE MAGALLANES Y DE LA ANTARTICA,TINAUKEL,535332,685255,507762,4028448,100
12876002,SECCION RIO GRANDE,12,DE MAGALLANES Y DE LA ANTARTICA,TINAUKEL,535348,685506,505366,4027844,130
12876003,PAMPA HUANACO,12,DE MAGALLANES Y DE LA ANTARTICA,TINAUKEL,540303,684812,512883,4010794,150
12878002,BAHIA YENDEGAIA,12,DE MAGALLANES Y DE LA ANTARTICA,TINAUKEL,545258,684057,520370,3918198,10
12879000,LAGO DESEADO,12,DE MAGALLANES Y DE LA ANTARTICA,TINAUKEL,542026,684932,511336,3978576,170
12920001,GLACIAR FOUQUE,12,DE MAGALLANES Y DE LA ANTARTICA,CABO DE HORNOS,550810,693220,465652,3889933,50
12930001,RIO ROBALO EN PUERTO WILLIAMS,12,DE MAGALLANES Y DE LA ANTARTICA,CABO DE HORNOS,545655,673825,587093,3910089,80
12930002,LAGO NAVARINO,12,DE MAGALLANES Y DE LA ANTARTICA,CABO DE HORNOS,550321,671758,608630,3897541,45
12930003,ROBALO ALTO,12,DE MAGALLANES Y DE LA ANTARTICA,LA ANTARTICA,545841,674028,584844,3906837,360
12930004,PUERTO NAVARINO,12,DE MAGALLANES Y DE LA ANTARTICA,LA ANTARTICA,545536,681925,543349,3913150,10
12930005,PUERTO TORO,12,DE MAGALLANES Y DE LA ANTARTICA,LA ANTARTICA,550500,670432,622832,3894234,10
